2026-04-28 14:54:21 [WS PROFILE] send_gcode_and_wait: 11.0 ms | SET_DUAL_CARRIAGE CARRIAGE=x
2026-04-28 14:54:21 [WS PROFILE] send_gcode_and_wait: 6.5 ms | SET_DUAL_CARRIAGE CARRIAGE=y
2026-04-28 14:54:21 [WS PROFILE] select_carriage: 19.8 ms | 1 -> 1
2026-04-28 14:54:21 [WS PROFILE] send_gcode_and_wait: 9.3 ms | SET_DUAL_CARRIAGE CARRIAGE=x2
2026-04-28 14:54:21 [WS PROFILE] send_gcode_and_wait: 7.3 ms | SET_DUAL_CARRIAGE CARRIAGE=y2
2026-04-28 14:54:21 [WS PROFILE] select_carriage: 19.4 ms | 1 -> 2
2026-04-28 14:54:21 [WS PROFILE] get_z_positions: 251.3 ms | z1=25.0, z2=15.890999999999973
2026-04-28 14:54:21 [WS PROFILE] get_position: 612.1 ms | x1=0.0 y1=0.5 z1=25.0 x2=711.31 y2=-13.4 z2=15.890999999999973
2026-04-28 14:54:21 [WS PROFILE] send_gcode_and_wait: 12.5 ms | SET_DUAL_CARRIAGE CARRIAGE=x
2026-04-28 14:54:21 [WS PROFILE] send_gcode_and_wait: 7.7 ms | SET_DUAL_CARRIAGE CARRIAGE=y
2026-04-28 14:54:21 [WS PROFILE] select_carriage: 22.2 ms | 2 -> 1
2026-04-28 14:54:29 [WS PROFILE] send_gcode_and_wait: 7565.5 ms | SET_DUAL_CARRIAGE CARRIAGE=x
2026-04-28 14:54:29 [WS PROFILE] send_gcode_and_wait: 7.7 ms | SET_DUAL_CARRIAGE CARRIAGE=y
2026-04-28 14:54:29 [WS PROFILE] select_carriage: 7574.9 ms | 1 -> 1
2026-04-28 14:54:29 [WS PROFILE] is_toolhead_moving:get_velocity: 7736.7 ms | carriage=1, v=0.0
2026-04-28 14:54:29 [WS PROFILE] send_gcode_and_wait: 22.8 ms | SET_DUAL_CARRIAGE CARRIAGE=x2
2026-04-28 14:54:29 [WS PROFILE] send_gcode_and_wait: 7.1 ms | SET_DUAL_CARRIAGE CARRIAGE=y2
2026-04-28 14:54:29 [WS PROFILE] select_carriage: 34.4 ms | 1 -> 2
2026-04-28 14:54:29 [WS PROFILE] is_toolhead_moving:get_velocity: 248.2 ms | carriage=2, v=0.0
2026-04-28 14:54:29 [WS PROFILE] is_toolhead_moving: 7987.6 ms | moving=False
2026-04-28 14:54:29 [WS PROFILE] send_gcode_and_wait: 10.6 ms | SET_DUAL_CARRIAGE CARRIAGE=x
2026-04-28 14:54:29 [WS PROFILE] send_gcode_and_wait: 7.1 ms | SET_DUAL_CARRIAGE CARRIAGE=y
2026-04-28 14:54:29 [WS PROFILE] select_carriage: 19.4 ms | 2 -> 1
2026-04-28 14:54:29 [WS PROFILE] send_gcode_and_wait: 41.5 ms | SET_DUAL_CARRIAGE CARRIAGE=x2
2026-04-28 14:54:29 [WS PROFILE] send_gcode_and_wait: 7.6 ms | SET_DUAL_CARRIAGE CARRIAGE=y2
2026-04-28 14:54:29 [WS PROFILE] select_carriage: 51.4 ms | 1 -> 2
2026-04-28 14:54:30 [WS PROFILE] get_z_positions: 250.7 ms | z1=25.0, z2=25.0
2026-04-28 14:54:30 [WS PROFILE] get_position: 753.0 ms | x1=0.0 y1=0.5 z1=25.0 x2=711.31 y2=-13.4 z2=25.0
2026-04-28 14:54:35 [WS PROFILE] send_gcode_and_wait: 9.7 ms | SET_DUAL_CARRIAGE CARRIAGE=x2
2026-04-28 14:54:35 [WS PROFILE] send_gcode_and_wait: 10.6 ms | SET_DUAL_CARRIAGE CARRIAGE=y2
2026-04-28 14:54:35 [WS PROFILE] select_carriage: 22.3 ms | 2 -> 2
2026-04-28 14:54:35 [MOVE PROFILE] queue carriage2 cmd took 23.1 ms
2026-04-28 14:54:38 [WS PROFILE] send_gcode_and_wait: 3354.4 ms | M400
2026-04-28 14:54:38 [WS PROFILE] wait_for_moves: 3356.3 ms
2026-04-28 14:54:38 [MOVE PROFILE] wait_for_moves took 3357.9 ms
2026-04-28 14:54:38 [WS PROFILE] send_gcode_and_wait: 11.2 ms | SET_DUAL_CARRIAGE CARRIAGE=x
2026-04-28 14:54:38 [WS PROFILE] send_gcode_and_wait: 7.5 ms | SET_DUAL_CARRIAGE CARRIAGE=y
2026-04-28 14:54:38 [WS PROFILE] select_carriage: 21.9 ms | 2 -> 1
2026-04-28 14:54:38 [WS PROFILE] is_toolhead_moving:get_velocity: 42.5 ms | carriage=1, v=0.0
2026-04-28 14:54:38 [WS PROFILE] send_gcode_and_wait: 18.6 ms | SET_DUAL_CARRIAGE CARRIAGE=x2
2026-04-28 14:54:38 [WS PROFILE] send_gcode_and_wait: 8.7 ms | SET_DUAL_CARRIAGE CARRIAGE=y2
2026-04-28 14:54:38 [WS PROFILE] select_carriage: 29.6 ms | 1 -> 2
2026-04-28 14:54:39 [WS PROFILE] is_toolhead_moving:get_velocity: 252.8 ms | carriage=2, v=0.0
2026-04-28 14:54:39 [WS PROFILE] is_toolhead_moving: 297.9 ms | moving=False
2026-04-28 14:54:39 [MOVE PROFILE] velocity settle loop took 299.6 ms (0 checks)
2026-04-28 14:54:39 [WS PROFILE] send_gcode_and_wait: 37.3 ms | SET_DUAL_CARRIAGE CARRIAGE=x
2026-04-28 14:54:39 [WS PROFILE] send_gcode_and_wait: 7.2 ms | SET_DUAL_CARRIAGE CARRIAGE=y
2026-04-28 14:54:39 [WS PROFILE] select_carriage: 46.4 ms | 2 -> 1
2026-04-28 14:54:39 [WS PROFILE] send_gcode_and_wait: 20.5 ms | SET_DUAL_CARRIAGE CARRIAGE=x2
2026-04-28 14:54:39 [WS PROFILE] send_gcode_and_wait: 8.9 ms | SET_DUAL_CARRIAGE CARRIAGE=y2
2026-04-28 14:54:39 [WS PROFILE] select_carriage: 30.9 ms | 1 -> 2
2026-04-28 14:54:39 [WS PROFILE] get_z_positions: 264.4 ms | z1=25.0, z2=9.999999999999858
2026-04-28 14:54:39 [WS PROFILE] get_position: 762.3 ms | x1=0.0 y1=0.5 z1=25.0 x2=711.31 y2=-13.4 z2=9.999999999999858
2026-04-28 14:54:39 [MOVE PROFILE] z convergence loop took 764.1 ms (1 checks)
2026-04-28 14:54:39 [WS PROFILE] send_gcode_and_wait: 9.4 ms | SET_DUAL_CARRIAGE CARRIAGE=x
2026-04-28 14:54:39 [WS PROFILE] send_gcode_and_wait: 15.3 ms | SET_DUAL_CARRIAGE CARRIAGE=y
2026-04-28 14:54:39 [WS PROFILE] select_carriage: 29.8 ms | 2 -> 1
2026-04-28 14:54:40 [WS PROFILE] send_gcode_and_wait: 10.5 ms | SET_DUAL_CARRIAGE CARRIAGE=x2
2026-04-28 14:54:40 [WS PROFILE] send_gcode_and_wait: 6.9 ms | SET_DUAL_CARRIAGE CARRIAGE=y2
2026-04-28 14:54:40 [WS PROFILE] select_carriage: 19.3 ms | 1 -> 2
2026-04-28 14:54:40 [WS PROFILE] get_z_positions: 249.8 ms | z1=25.0, z2=9.999999999999858
2026-04-28 14:54:40 [WS PROFILE] get_position: 734.5 ms | x1=0.0 y1=0.5 z1=25.0 x2=711.31 y2=-13.4 z2=9.999999999999858
2026-04-28 14:54:40 [MOVE PROFILE] verify_mov took 736.6 ms
2026-04-28 14:54:40 [MOVE PROFILE] total move() time 5188.2 ms
2026-04-28 14:54:40 [WS PROFILE] send_gcode_and_wait: 14.3 ms | SET_DUAL_CARRIAGE CARRIAGE=x2
2026-04-28 14:54:40 [WS PROFILE] send_gcode_and_wait: 8.1 ms | SET_DUAL_CARRIAGE CARRIAGE=y2
2026-04-28 14:54:40 [WS PROFILE] select_carriage: 24.4 ms | 2 -> 2
2026-04-28 14:54:40 [MOVE PROFILE] queue carriage2 cmd took 25.6 ms
2026-04-28 14:54:41 [WS PROFILE] send_gcode_and_wait: 316.7 ms | M400
2026-04-28 14:54:41 [WS PROFILE] wait_for_moves: 318.5 ms
2026-04-28 14:54:41 [MOVE PROFILE] wait_for_moves took 320.1 ms
2026-04-28 14:54:41 [WS PROFILE] send_gcode_and_wait: 10.0 ms | SET_DUAL_CARRIAGE CARRIAGE=x
2026-04-28 14:54:41 [WS PROFILE] send_gcode_and_wait: 7.5 ms | SET_DUAL_CARRIAGE CARRIAGE=y
2026-04-28 14:54:41 [WS PROFILE] select_carriage: 21.7 ms | 2 -> 1
2026-04-28 14:54:41 [WS PROFILE] is_toolhead_moving:get_velocity: 198.5 ms | carriage=1, v=0.0
2026-04-28 14:54:41 [WS PROFILE] send_gcode_and_wait: 10.5 ms | SET_DUAL_CARRIAGE CARRIAGE=x2
2026-04-28 14:54:41 [WS PROFILE] send_gcode_and_wait: 10.0 ms | SET_DUAL_CARRIAGE CARRIAGE=y2
2026-04-28 14:54:41 [WS PROFILE] select_carriage: 25.0 ms | 1 -> 2
2026-04-28 14:54:41 [WS PROFILE] is_toolhead_moving:get_velocity: 247.9 ms | carriage=2, v=0.0
2026-04-28 14:54:41 [WS PROFILE] is_toolhead_moving: 451.4 ms | moving=False
2026-04-28 14:54:41 [MOVE PROFILE] velocity settle loop took 453.0 ms (0 checks)
2026-04-28 14:54:41 [WS PROFILE] send_gcode_and_wait: 12.3 ms | SET_DUAL_CARRIAGE CARRIAGE=x
2026-04-28 14:54:41 [WS PROFILE] send_gcode_and_wait: 6.9 ms | SET_DUAL_CARRIAGE CARRIAGE=y
2026-04-28 14:54:41 [WS PROFILE] select_carriage: 21.6 ms | 2 -> 1
2026-04-28 14:54:41 [WS PROFILE] send_gcode_and_wait: 13.5 ms | SET_DUAL_CARRIAGE CARRIAGE=x2
2026-04-28 14:54:41 [WS PROFILE] send_gcode_and_wait: 6.1 ms | SET_DUAL_CARRIAGE CARRIAGE=y2
2026-04-28 14:54:41 [WS PROFILE] select_carriage: 22.3 ms | 1 -> 2
2026-04-28 14:54:42 [WS PROFILE] get_z_positions: 254.4 ms | z1=25.0, z2=10.09999999999986
2026-04-28 14:54:42 [WS PROFILE] get_position: 750.2 ms | x1=0.0 y1=0.5 z1=25.0 x2=711.31 y2=-13.4 z2=10.09999999999986
2026-04-28 14:54:42 [MOVE PROFILE] z convergence loop took 751.9 ms (1 checks)
2026-04-28 14:54:42 [WS PROFILE] send_gcode_and_wait: 15.1 ms | SET_DUAL_CARRIAGE CARRIAGE=x
2026-04-28 14:54:42 [WS PROFILE] send_gcode_and_wait: 8.5 ms | SET_DUAL_CARRIAGE CARRIAGE=y
2026-04-28 14:54:42 [WS PROFILE] select_carriage: 25.5 ms | 2 -> 1
2026-04-28 14:54:42 [WS PROFILE] send_gcode_and_wait: 10.3 ms | SET_DUAL_CARRIAGE CARRIAGE=x2
2026-04-28 14:54:42 [WS PROFILE] send_gcode_and_wait: 39.9 ms | SET_DUAL_CARRIAGE CARRIAGE=y2
2026-04-28 14:54:42 [WS PROFILE] select_carriage: 51.8 ms | 1 -> 2
2026-04-28 14:54:43 [WS PROFILE] get_z_positions: 254.7 ms | z1=25.0, z2=10.09999999999986
2026-04-28 14:54:43 [WS PROFILE] get_position: 747.1 ms | x1=0.0 y1=0.5 z1=25.0 x2=711.31 y2=-13.4 z2=10.09999999999986
2026-04-28 14:54:43 [MOVE PROFILE] verify_mov took 748.8 ms
2026-04-28 14:54:43 [MOVE PROFILE] total move() time 2306.8 ms
2026-04-28 14:54:43 [WS PROFILE] send_gcode_and_wait: 13.2 ms | SET_DUAL_CARRIAGE CARRIAGE=x2
2026-04-28 14:54:43 [WS PROFILE] send_gcode_and_wait: 8.7 ms | SET_DUAL_CARRIAGE CARRIAGE=y2
2026-04-28 14:54:43 [WS PROFILE] select_carriage: 23.6 ms | 2 -> 2
2026-04-28 14:54:43 [MOVE PROFILE] queue carriage2 cmd took 24.8 ms
2026-04-28 14:54:43 [WS PROFILE] send_gcode_and_wait: 314.1 ms | M400
2026-04-28 14:54:43 [WS PROFILE] wait_for_moves: 315.0 ms
2026-04-28 14:54:43 [MOVE PROFILE] wait_for_moves took 315.7 ms
2026-04-28 14:54:43 [WS PROFILE] send_gcode_and_wait: 10.4 ms | SET_DUAL_CARRIAGE CARRIAGE=x
2026-04-28 14:54:43 [WS PROFILE] send_gcode_and_wait: 9.6 ms | SET_DUAL_CARRIAGE CARRIAGE=y
2026-04-28 14:54:43 [WS PROFILE] select_carriage: 21.6 ms | 2 -> 1
2026-04-28 14:54:43 [WS PROFILE] is_toolhead_moving:get_velocity: 220.7 ms | carriage=1, v=0.0
2026-04-28 14:54:43 [WS PROFILE] send_gcode_and_wait: 10.4 ms | SET_DUAL_CARRIAGE CARRIAGE=x2
2026-04-28 14:54:43 [WS PROFILE] send_gcode_and_wait: 7.7 ms | SET_DUAL_CARRIAGE CARRIAGE=y2
2026-04-28 14:54:43 [WS PROFILE] select_carriage: 20.7 ms | 1 -> 2
2026-04-28 14:54:44 [WS PROFILE] is_toolhead_moving:get_velocity: 252.1 ms | carriage=2, v=0.0
2026-04-28 14:54:44 [WS PROFILE] is_toolhead_moving: 476.4 ms | moving=False
2026-04-28 14:54:44 [MOVE PROFILE] velocity settle loop took 478.0 ms (0 checks)
2026-04-28 14:54:44 [WS PROFILE] send_gcode_and_wait: 11.1 ms | SET_DUAL_CARRIAGE CARRIAGE=x
2026-04-28 14:54:44 [WS PROFILE] send_gcode_and_wait: 7.4 ms | SET_DUAL_CARRIAGE CARRIAGE=y
2026-04-28 14:54:44 [WS PROFILE] select_carriage: 22.4 ms | 2 -> 1
2026-04-28 14:54:44 [WS PROFILE] send_gcode_and_wait: 10.6 ms | SET_DUAL_CARRIAGE CARRIAGE=x2
2026-04-28 14:54:44 [WS PROFILE] send_gcode_and_wait: 7.3 ms | SET_DUAL_CARRIAGE CARRIAGE=y2
2026-04-28 14:54:44 [WS PROFILE] select_carriage: 21.6 ms | 1 -> 2
2026-04-28 14:54:44 [WS PROFILE] get_z_positions: 246.9 ms | z1=25.0, z2=10.19999999999986
2026-04-28 14:54:44 [WS PROFILE] get_position: 744.4 ms | x1=0.0 y1=0.5 z1=25.0 x2=711.31 y2=-13.4 z2=10.19999999999986
2026-04-28 14:54:44 [MOVE PROFILE] z convergence loop took 746.0 ms (1 checks)
2026-04-28 14:54:44 [WS PROFILE] send_gcode_and_wait: 9.5 ms | SET_DUAL_CARRIAGE CARRIAGE=x
2026-04-28 14:54:44 [WS PROFILE] send_gcode_and_wait: 7.4 ms | SET_DUAL_CARRIAGE CARRIAGE=y
2026-04-28 14:54:44 [WS PROFILE] select_carriage: 20.7 ms | 2 -> 1
2026-04-28 14:54:45 [WS PROFILE] send_gcode_and_wait: 11.8 ms | SET_DUAL_CARRIAGE CARRIAGE=x2
2026-04-28 14:54:45 [WS PROFILE] send_gcode_and_wait: 7.2 ms | SET_DUAL_CARRIAGE CARRIAGE=y2
2026-04-28 14:54:45 [WS PROFILE] select_carriage: 23.3 ms | 1 -> 2
2026-04-28 14:54:45 [WS PROFILE] get_z_positions: 249.5 ms | z1=25.0, z2=10.19999999999986
2026-04-28 14:54:45 [WS PROFILE] get_position: 750.8 ms | x1=0.0 y1=0.5 z1=25.0 x2=711.31 y2=-13.4 z2=10.19999999999986
2026-04-28 14:54:45 [MOVE PROFILE] verify_mov took 752.6 ms
2026-04-28 14:54:45 [MOVE PROFILE] total move() time 2323.9 ms
2026-04-28 14:54:45 [WS PROFILE] send_gcode_and_wait: 15.8 ms | SET_DUAL_CARRIAGE CARRIAGE=x2
2026-04-28 14:54:45 [WS PROFILE] send_gcode_and_wait: 6.6 ms | SET_DUAL_CARRIAGE CARRIAGE=y2
2026-04-28 14:54:45 [WS PROFILE] select_carriage: 23.8 ms | 2 -> 2
2026-04-28 14:54:45 [MOVE PROFILE] queue carriage2 cmd took 25.2 ms
2026-04-28 14:54:46 [WS PROFILE] send_gcode_and_wait: 316.2 ms | M400
2026-04-28 14:54:46 [WS PROFILE] wait_for_moves: 317.8 ms
2026-04-28 14:54:46 [MOVE PROFILE] wait_for_moves took 319.3 ms
2026-04-28 14:54:46 [WS PROFILE] send_gcode_and_wait: 11.5 ms | SET_DUAL_CARRIAGE CARRIAGE=x
2026-04-28 14:54:46 [WS PROFILE] send_gcode_and_wait: 12.0 ms | SET_DUAL_CARRIAGE CARRIAGE=y
2026-04-28 14:54:46 [WS PROFILE] select_carriage: 27.0 ms | 2 -> 1
2026-04-28 14:54:46 [WS PROFILE] is_toolhead_moving:get_velocity: 199.7 ms | carriage=1, v=0.0
2026-04-28 14:54:46 [WS PROFILE] send_gcode_and_wait: 10.1 ms | SET_DUAL_CARRIAGE CARRIAGE=x2
2026-04-28 14:54:46 [WS PROFILE] send_gcode_and_wait: 7.1 ms | SET_DUAL_CARRIAGE CARRIAGE=y2
2026-04-28 14:54:46 [WS PROFILE] select_carriage: 18.8 ms | 1 -> 2
2026-04-28 14:54:46 [WS PROFILE] is_toolhead_moving:get_velocity: 249.2 ms | carriage=2, v=0.0
2026-04-28 14:54:46 [WS PROFILE] is_toolhead_moving: 451.7 ms | moving=False
2026-04-28 14:54:46 [MOVE PROFILE] velocity settle loop took 452.5 ms (0 checks)
2026-04-28 14:54:46 [WS PROFILE] send_gcode_and_wait: 14.2 ms | SET_DUAL_CARRIAGE CARRIAGE=x
2026-04-28 14:54:46 [WS PROFILE] send_gcode_and_wait: 7.2 ms | SET_DUAL_CARRIAGE CARRIAGE=y
2026-04-28 14:54:46 [WS PROFILE] select_carriage: 23.1 ms | 2 -> 1
2026-04-28 14:54:46 [WS PROFILE] send_gcode_and_wait: 10.7 ms | SET_DUAL_CARRIAGE CARRIAGE=x2
2026-04-28 14:54:46 [WS PROFILE] send_gcode_and_wait: 8.0 ms | SET_DUAL_CARRIAGE CARRIAGE=y2
2026-04-28 14:54:46 [WS PROFILE] select_carriage: 22.4 ms | 1 -> 2
2026-04-28 14:54:47 [WS PROFILE] get_z_positions: 251.6 ms | z1=25.0, z2=10.299999999999862
2026-04-28 14:54:47 [WS PROFILE] get_position: 752.6 ms | x1=0.0 y1=0.5 z1=25.0 x2=711.31 y2=-13.4 z2=10.299999999999862
2026-04-28 14:54:47 [MOVE PROFILE] z convergence loop took 754.3 ms (1 checks)
2026-04-28 14:54:47 [WS PROFILE] send_gcode_and_wait: 11.0 ms | SET_DUAL_CARRIAGE CARRIAGE=x
2026-04-28 14:54:47 [WS PROFILE] send_gcode_and_wait: 36.3 ms | SET_DUAL_CARRIAGE CARRIAGE=y
2026-04-28 14:54:47 [WS PROFILE] select_carriage: 51.1 ms | 2 -> 1
2026-04-28 14:54:47 [WS PROFILE] send_gcode_and_wait: 12.2 ms | SET_DUAL_CARRIAGE CARRIAGE=x2
2026-04-28 14:54:47 [WS PROFILE] send_gcode_and_wait: 7.0 ms | SET_DUAL_CARRIAGE CARRIAGE=y2
2026-04-28 14:54:47 [WS PROFILE] select_carriage: 20.8 ms | 1 -> 2
2026-04-28 14:54:48 [WS PROFILE] get_z_positions: 259.6 ms | z1=25.0, z2=10.299999999999862
2026-04-28 14:54:48 [WS PROFILE] get_position: 766.9 ms | x1=0.0 y1=0.5 z1=25.0 x2=711.31 y2=-13.4 z2=10.299999999999862
2026-04-28 14:54:48 [MOVE PROFILE] verify_mov took 768.7 ms
2026-04-28 14:54:48 [MOVE PROFILE] total move() time 2326.7 ms
2026-04-28 14:54:48 [WS PROFILE] send_gcode_and_wait: 77.0 ms | SET_DUAL_CARRIAGE CARRIAGE=x2
2026-04-28 14:54:48 [WS PROFILE] send_gcode_and_wait: 14.2 ms | SET_DUAL_CARRIAGE CARRIAGE=y2
2026-04-28 14:54:48 [WS PROFILE] select_carriage: 94.9 ms | 2 -> 2
2026-04-28 14:54:48 [MOVE PROFILE] queue carriage2 cmd took 97.9 ms
2026-04-28 14:54:48 [WS PROFILE] send_gcode_and_wait: 370.1 ms | M400
2026-04-28 14:54:48 [WS PROFILE] wait_for_moves: 370.9 ms
2026-04-28 14:54:48 [MOVE PROFILE] wait_for_moves took 371.4 ms
2026-04-28 14:54:48 [WS PROFILE] send_gcode_and_wait: 9.9 ms | SET_DUAL_CARRIAGE CARRIAGE=x
2026-04-28 14:54:48 [WS PROFILE] send_gcode_and_wait: 13.8 ms | SET_DUAL_CARRIAGE CARRIAGE=y
2026-04-28 14:54:48 [WS PROFILE] select_carriage: 25.2 ms | 2 -> 1
2026-04-28 14:54:48 [WS PROFILE] is_toolhead_moving:get_velocity: 93.5 ms | carriage=1, v=0.0
2026-04-28 14:54:48 [WS PROFILE] send_gcode_and_wait: 8.7 ms | SET_DUAL_CARRIAGE CARRIAGE=x2
2026-04-28 14:54:49 [WS PROFILE] send_gcode_and_wait: 12.4 ms | SET_DUAL_CARRIAGE CARRIAGE=y2
2026-04-28 14:54:49 [WS PROFILE] select_carriage: 23.3 ms | 1 -> 2
2026-04-28 14:54:49 [WS PROFILE] is_toolhead_moving:get_velocity: 335.8 ms | carriage=2, v=0.0
2026-04-28 14:54:49 [WS PROFILE] is_toolhead_moving: 431.3 ms | moving=False
2026-04-28 14:54:49 [MOVE PROFILE] velocity settle loop took 431.8 ms (0 checks)
2026-04-28 14:54:49 [WS PROFILE] send_gcode_and_wait: 19.6 ms | SET_DUAL_CARRIAGE CARRIAGE=x
2026-04-28 14:54:49 [WS PROFILE] send_gcode_and_wait: 6.8 ms | SET_DUAL_CARRIAGE CARRIAGE=y
2026-04-28 14:54:49 [WS PROFILE] select_carriage: 27.9 ms | 2 -> 1
2026-04-28 14:54:49 [WS PROFILE] send_gcode_and_wait: 9.3 ms | SET_DUAL_CARRIAGE CARRIAGE=x2
2026-04-28 14:54:49 [WS PROFILE] send_gcode_and_wait: 9.8 ms | SET_DUAL_CARRIAGE CARRIAGE=y2
2026-04-28 14:54:49 [WS PROFILE] select_carriage: 22.3 ms | 1 -> 2
2026-04-28 14:54:49 [WS PROFILE] get_z_positions: 174.4 ms | z1=25.0, z2=10.399999999999864
2026-04-28 14:54:49 [WS PROFILE] get_position: 627.4 ms | x1=0.0 y1=0.5 z1=25.0 x2=711.31 y2=-13.4 z2=10.399999999999864
2026-04-28 14:54:49 [MOVE PROFILE] z convergence loop took 629.1 ms (1 checks)
2026-04-28 14:54:49 [WS PROFILE] send_gcode_and_wait: 9.6 ms | SET_DUAL_CARRIAGE CARRIAGE=x
2026-04-28 14:54:49 [WS PROFILE] send_gcode_and_wait: 6.5 ms | SET_DUAL_CARRIAGE CARRIAGE=y
2026-04-28 14:54:49 [WS PROFILE] select_carriage: 19.9 ms | 2 -> 1
2026-04-28 14:54:50 [WS PROFILE] send_gcode_and_wait: 12.9 ms | SET_DUAL_CARRIAGE CARRIAGE=x2
2026-04-28 14:54:50 [WS PROFILE] send_gcode_and_wait: 6.7 ms | SET_DUAL_CARRIAGE CARRIAGE=y2
2026-04-28 14:54:50 [WS PROFILE] select_carriage: 22.8 ms | 1 -> 2
2026-04-28 14:54:50 [WS PROFILE] get_z_positions: 316.0 ms | z1=25.0, z2=10.399999999999864
2026-04-28 14:54:50 [WS PROFILE] get_position: 814.3 ms | x1=0.0 y1=0.5 z1=25.0 x2=711.31 y2=-13.4 z2=10.399999999999864
2026-04-28 14:54:50 [MOVE PROFILE] verify_mov took 816.0 ms
2026-04-28 14:54:50 [MOVE PROFILE] total move() time 2352.8 ms
2026-04-28 14:54:50 [WS PROFILE] send_gcode_and_wait: 10.1 ms | SET_DUAL_CARRIAGE CARRIAGE=x2
2026-04-28 14:54:50 [WS PROFILE] send_gcode_and_wait: 7.1 ms | SET_DUAL_CARRIAGE CARRIAGE=y2
2026-04-28 14:54:50 [WS PROFILE] select_carriage: 18.8 ms | 2 -> 2
2026-04-28 14:54:50 [MOVE PROFILE] queue carriage2 cmd took 20.0 ms
2026-04-28 14:54:51 [WS PROFILE] send_gcode_and_wait: 312.8 ms | M400
2026-04-28 14:54:51 [WS PROFILE] wait_for_moves: 314.9 ms
2026-04-28 14:54:51 [MOVE PROFILE] wait_for_moves took 316.5 ms
2026-04-28 14:54:51 [WS PROFILE] send_gcode_and_wait: 9.1 ms | SET_DUAL_CARRIAGE CARRIAGE=x
2026-04-28 14:54:51 [WS PROFILE] send_gcode_and_wait: 8.3 ms | SET_DUAL_CARRIAGE CARRIAGE=y
2026-04-28 14:54:51 [WS PROFILE] select_carriage: 22.1 ms | 2 -> 1
2026-04-28 14:54:51 [WS PROFILE] is_toolhead_moving:get_velocity: 189.6 ms | carriage=1, v=0.0
2026-04-28 14:54:51 [WS PROFILE] send_gcode_and_wait: 33.1 ms | SET_DUAL_CARRIAGE CARRIAGE=x2
2026-04-28 14:54:51 [WS PROFILE] send_gcode_and_wait: 9.3 ms | SET_DUAL_CARRIAGE CARRIAGE=y2
2026-04-28 14:54:51 [WS PROFILE] select_carriage: 44.7 ms | 1 -> 2
2026-04-28 14:54:51 [WS PROFILE] is_toolhead_moving:get_velocity: 224.0 ms | carriage=2, v=0.0
2026-04-28 14:54:51 [WS PROFILE] is_toolhead_moving: 430.1 ms | moving=False
2026-04-28 14:54:51 [MOVE PROFILE] velocity settle loop took 431.7 ms (0 checks)
2026-04-28 14:54:51 [WS PROFILE] send_gcode_and_wait: 11.1 ms | SET_DUAL_CARRIAGE CARRIAGE=x
2026-04-28 14:54:51 [WS PROFILE] send_gcode_and_wait: 7.1 ms | SET_DUAL_CARRIAGE CARRIAGE=y
2026-04-28 14:54:51 [WS PROFILE] select_carriage: 22.4 ms | 2 -> 1
2026-04-28 14:54:51 [WS PROFILE] send_gcode_and_wait: 10.7 ms | SET_DUAL_CARRIAGE CARRIAGE=x2
2026-04-28 14:54:51 [WS PROFILE] send_gcode_and_wait: 6.5 ms | SET_DUAL_CARRIAGE CARRIAGE=y2
2026-04-28 14:54:51 [WS PROFILE] select_carriage: 19.3 ms | 1 -> 2
2026-04-28 14:54:52 [WS PROFILE] get_z_positions: 254.1 ms | z1=25.0, z2=10.499999999999865
2026-04-28 14:54:52 [WS PROFILE] get_position: 748.4 ms | x1=0.0 y1=0.5 z1=25.0 x2=711.31 y2=-13.4 z2=10.499999999999865
2026-04-28 14:54:52 [MOVE PROFILE] z convergence loop took 749.5 ms (1 checks)
2026-04-28 14:54:52 [WS PROFILE] send_gcode_and_wait: 10.6 ms | SET_DUAL_CARRIAGE CARRIAGE=x
2026-04-28 14:54:52 [WS PROFILE] send_gcode_and_wait: 7.3 ms | SET_DUAL_CARRIAGE CARRIAGE=y
2026-04-28 14:54:52 [WS PROFILE] select_carriage: 21.8 ms | 2 -> 1
2026-04-28 14:54:52 [WS PROFILE] send_gcode_and_wait: 10.4 ms | SET_DUAL_CARRIAGE CARRIAGE=x2
2026-04-28 14:54:52 [WS PROFILE] send_gcode_and_wait: 8.0 ms | SET_DUAL_CARRIAGE CARRIAGE=y2
2026-04-28 14:54:52 [WS PROFILE] select_carriage: 20.0 ms | 1 -> 2
2026-04-28 14:54:53 [WS PROFILE] get_z_positions: 250.0 ms | z1=25.0, z2=10.499999999999865
2026-04-28 14:54:53 [WS PROFILE] get_position: 750.4 ms | x1=0.0 y1=0.5 z1=25.0 x2=711.31 y2=-13.4 z2=10.499999999999865
2026-04-28 14:54:53 [MOVE PROFILE] verify_mov took 752.3 ms
2026-04-28 14:54:53 [MOVE PROFILE] total move() time 2277.1 ms
2026-04-28 14:54:53 [WS PROFILE] send_gcode_and_wait: 12.6 ms | SET_DUAL_CARRIAGE CARRIAGE=x2
2026-04-28 14:54:53 [WS PROFILE] send_gcode_and_wait: 6.1 ms | SET_DUAL_CARRIAGE CARRIAGE=y2
2026-04-28 14:54:53 [WS PROFILE] select_carriage: 20.7 ms | 2 -> 2
2026-04-28 14:54:53 [MOVE PROFILE] queue carriage2 cmd took 21.7 ms
2026-04-28 14:54:53 [WS PROFILE] send_gcode_and_wait: 314.1 ms | M400
2026-04-28 14:54:53 [WS PROFILE] wait_for_moves: 314.9 ms
2026-04-28 14:54:53 [MOVE PROFILE] wait_for_moves took 315.4 ms
2026-04-28 14:54:53 [WS PROFILE] send_gcode_and_wait: 10.7 ms | SET_DUAL_CARRIAGE CARRIAGE=x
2026-04-28 14:54:53 [WS PROFILE] send_gcode_and_wait: 6.5 ms | SET_DUAL_CARRIAGE CARRIAGE=y
2026-04-28 14:54:53 [WS PROFILE] select_carriage: 19.0 ms | 2 -> 1
2026-04-28 14:54:53 [WS PROFILE] is_toolhead_moving:get_velocity: 243.6 ms | carriage=1, v=0.0
2026-04-28 14:54:53 [WS PROFILE] send_gcode_and_wait: 9.3 ms | SET_DUAL_CARRIAGE CARRIAGE=x2
2026-04-28 14:54:53 [WS PROFILE] send_gcode_and_wait: 6.6 ms | SET_DUAL_CARRIAGE CARRIAGE=y2
2026-04-28 14:54:53 [WS PROFILE] select_carriage: 18.7 ms | 1 -> 2
2026-04-28 14:54:54 [WS PROFILE] is_toolhead_moving:get_velocity: 249.0 ms | carriage=2, v=0.0
2026-04-28 14:54:54 [WS PROFILE] is_toolhead_moving: 495.6 ms | moving=False
2026-04-28 14:54:54 [MOVE PROFILE] velocity settle loop took 496.5 ms (0 checks)
2026-04-28 14:54:54 [WS PROFILE] send_gcode_and_wait: 11.0 ms | SET_DUAL_CARRIAGE CARRIAGE=x
2026-04-28 14:54:54 [WS PROFILE] send_gcode_and_wait: 7.7 ms | SET_DUAL_CARRIAGE CARRIAGE=y
2026-04-28 14:54:54 [WS PROFILE] select_carriage: 21.4 ms | 2 -> 1
2026-04-28 14:54:54 [WS PROFILE] send_gcode_and_wait: 15.7 ms | SET_DUAL_CARRIAGE CARRIAGE=x2
2026-04-28 14:54:54 [WS PROFILE] send_gcode_and_wait: 7.2 ms | SET_DUAL_CARRIAGE CARRIAGE=y2
2026-04-28 14:54:54 [WS PROFILE] select_carriage: 25.9 ms | 1 -> 2
2026-04-28 14:54:54 [WS PROFILE] get_z_positions: 250.2 ms | z1=25.0, z2=10.599999999999866
2026-04-28 14:54:54 [WS PROFILE] get_position: 750.7 ms | x1=0.0 y1=0.5 z1=25.0 x2=711.31 y2=-13.4 z2=10.599999999999866
2026-04-28 14:54:54 [MOVE PROFILE] z convergence loop took 752.5 ms (1 checks)
2026-04-28 14:54:54 [WS PROFILE] send_gcode_and_wait: 9.7 ms | SET_DUAL_CARRIAGE CARRIAGE=x
2026-04-28 14:54:54 [WS PROFILE] send_gcode_and_wait: 14.6 ms | SET_DUAL_CARRIAGE CARRIAGE=y
2026-04-28 14:54:54 [WS PROFILE] select_carriage: 28.7 ms | 2 -> 1
2026-04-28 14:54:55 [WS PROFILE] send_gcode_and_wait: 9.9 ms | SET_DUAL_CARRIAGE CARRIAGE=x2
2026-04-28 14:54:55 [WS PROFILE] send_gcode_and_wait: 6.7 ms | SET_DUAL_CARRIAGE CARRIAGE=y2
2026-04-28 14:54:55 [WS PROFILE] select_carriage: 19.0 ms | 1 -> 2
2026-04-28 14:54:55 [WS PROFILE] get_z_positions: 249.8 ms | z1=25.0, z2=10.599999999999866
2026-04-28 14:54:55 [WS PROFILE] get_position: 747.0 ms | x1=0.0 y1=0.5 z1=25.0 x2=711.31 y2=-13.4 z2=10.599999999999866
2026-04-28 14:54:55 [MOVE PROFILE] verify_mov took 748.2 ms
2026-04-28 14:54:55 [MOVE PROFILE] total move() time 2339.7 ms
2026-04-28 14:54:55 [WS PROFILE] send_gcode_and_wait: 15.0 ms | SET_DUAL_CARRIAGE CARRIAGE=x2
2026-04-28 14:54:55 [WS PROFILE] send_gcode_and_wait: 8.0 ms | SET_DUAL_CARRIAGE CARRIAGE=y2
2026-04-28 14:54:55 [WS PROFILE] select_carriage: 24.9 ms | 2 -> 2
2026-04-28 14:54:55 [MOVE PROFILE] queue carriage2 cmd took 26.0 ms
2026-04-28 14:54:56 [WS PROFILE] send_gcode_and_wait: 323.5 ms | M400
2026-04-28 14:54:56 [WS PROFILE] wait_for_moves: 325.0 ms
2026-04-28 14:54:56 [MOVE PROFILE] wait_for_moves took 326.5 ms
2026-04-28 14:54:56 [WS PROFILE] send_gcode_and_wait: 10.8 ms | SET_DUAL_CARRIAGE CARRIAGE=x
2026-04-28 14:54:56 [WS PROFILE] send_gcode_and_wait: 8.2 ms | SET_DUAL_CARRIAGE CARRIAGE=y
2026-04-28 14:54:56 [WS PROFILE] select_carriage: 22.4 ms | 2 -> 1
2026-04-28 14:54:56 [WS PROFILE] is_toolhead_moving:get_velocity: 217.3 ms | carriage=1, v=0.0
2026-04-28 14:54:56 [WS PROFILE] send_gcode_and_wait: 11.3 ms | SET_DUAL_CARRIAGE CARRIAGE=x2
2026-04-28 14:54:56 [WS PROFILE] send_gcode_and_wait: 10.6 ms | SET_DUAL_CARRIAGE CARRIAGE=y2
2026-04-28 14:54:56 [WS PROFILE] select_carriage: 23.7 ms | 1 -> 2
2026-04-28 14:54:56 [WS PROFILE] is_toolhead_moving:get_velocity: 255.7 ms | carriage=2, v=0.0
2026-04-28 14:54:56 [WS PROFILE] is_toolhead_moving: 476.5 ms | moving=False
2026-04-28 14:54:56 [MOVE PROFILE] velocity settle loop took 478.4 ms (0 checks)
2026-04-28 14:54:56 [WS PROFILE] send_gcode_and_wait: 10.8 ms | SET_DUAL_CARRIAGE CARRIAGE=x
2026-04-28 14:54:56 [WS PROFILE] send_gcode_and_wait: 9.3 ms | SET_DUAL_CARRIAGE CARRIAGE=y
2026-04-28 14:54:56 [WS PROFILE] select_carriage: 23.1 ms | 2 -> 1
2026-04-28 14:54:56 [WS PROFILE] send_gcode_and_wait: 9.4 ms | SET_DUAL_CARRIAGE CARRIAGE=x2
2026-04-28 14:54:56 [WS PROFILE] send_gcode_and_wait: 6.3 ms | SET_DUAL_CARRIAGE CARRIAGE=y2
2026-04-28 14:54:56 [WS PROFILE] select_carriage: 17.5 ms | 1 -> 2
2026-04-28 14:54:57 [WS PROFILE] get_z_positions: 250.1 ms | z1=25.0, z2=10.699999999999868
2026-04-28 14:54:57 [WS PROFILE] get_position: 739.6 ms | x1=0.0 y1=0.5 z1=25.0 x2=711.31 y2=-13.4 z2=10.699999999999868
2026-04-28 14:54:57 [MOVE PROFILE] z convergence loop took 740.8 ms (1 checks)
2026-04-28 14:54:57 [WS PROFILE] send_gcode_and_wait: 12.0 ms | SET_DUAL_CARRIAGE CARRIAGE=x
2026-04-28 14:54:57 [WS PROFILE] send_gcode_and_wait: 8.1 ms | SET_DUAL_CARRIAGE CARRIAGE=y
2026-04-28 14:54:57 [WS PROFILE] select_carriage: 23.8 ms | 2 -> 1
2026-04-28 14:54:57 [WS PROFILE] send_gcode_and_wait: 10.6 ms | SET_DUAL_CARRIAGE CARRIAGE=x2
2026-04-28 14:54:57 [WS PROFILE] send_gcode_and_wait: 7.6 ms | SET_DUAL_CARRIAGE CARRIAGE=y2
2026-04-28 14:54:57 [WS PROFILE] select_carriage: 20.5 ms | 1 -> 2
2026-04-28 14:54:58 [WS PROFILE] get_z_positions: 251.1 ms | z1=25.0, z2=10.699999999999868
2026-04-28 14:54:58 [WS PROFILE] get_position: 748.7 ms | x1=0.0 y1=0.5 z1=25.0 x2=711.31 y2=-13.4 z2=10.699999999999868
2026-04-28 14:54:58 [MOVE PROFILE] verify_mov took 749.7 ms
2026-04-28 14:54:58 [MOVE PROFILE] total move() time 2327.8 ms
2026-04-28 14:54:58 [WS PROFILE] send_gcode_and_wait: 13.4 ms | SET_DUAL_CARRIAGE CARRIAGE=x2
2026-04-28 14:54:58 [WS PROFILE] send_gcode_and_wait: 6.2 ms | SET_DUAL_CARRIAGE CARRIAGE=y2
2026-04-28 14:54:58 [WS PROFILE] select_carriage: 22.2 ms | 2 -> 2
2026-04-28 14:54:58 [MOVE PROFILE] queue carriage2 cmd took 23.9 ms
2026-04-28 14:54:58 [WS PROFILE] send_gcode_and_wait: 315.1 ms | M400
2026-04-28 14:54:58 [WS PROFILE] wait_for_moves: 316.0 ms
2026-04-28 14:54:58 [MOVE PROFILE] wait_for_moves took 316.6 ms
2026-04-28 14:54:58 [WS PROFILE] send_gcode_and_wait: 10.2 ms | SET_DUAL_CARRIAGE CARRIAGE=x
2026-04-28 14:54:58 [WS PROFILE] send_gcode_and_wait: 7.5 ms | SET_DUAL_CARRIAGE CARRIAGE=y
2026-04-28 14:54:58 [WS PROFILE] select_carriage: 19.6 ms | 2 -> 1
2026-04-28 14:54:58 [WS PROFILE] is_toolhead_moving:get_velocity: 207.1 ms | carriage=1, v=0.0
2026-04-28 14:54:58 [WS PROFILE] send_gcode_and_wait: 9.4 ms | SET_DUAL_CARRIAGE CARRIAGE=x2
2026-04-28 14:54:58 [WS PROFILE] send_gcode_and_wait: 9.8 ms | SET_DUAL_CARRIAGE CARRIAGE=y2
2026-04-28 14:54:58 [WS PROFILE] select_carriage: 22.1 ms | 1 -> 2
2026-04-28 14:54:59 [WS PROFILE] is_toolhead_moving:get_velocity: 248.8 ms | carriage=2, v=0.0
2026-04-28 14:54:59 [WS PROFILE] is_toolhead_moving: 459.4 ms | moving=False
2026-04-28 14:54:59 [MOVE PROFILE] velocity settle loop took 461.1 ms (0 checks)
2026-04-28 14:54:59 [WS PROFILE] send_gcode_and_wait: 13.8 ms | SET_DUAL_CARRIAGE CARRIAGE=x
2026-04-28 14:54:59 [WS PROFILE] send_gcode_and_wait: 7.8 ms | SET_DUAL_CARRIAGE CARRIAGE=y
2026-04-28 14:54:59 [WS PROFILE] select_carriage: 23.2 ms | 2 -> 1
2026-04-28 14:54:59 [WS PROFILE] send_gcode_and_wait: 11.2 ms | SET_DUAL_CARRIAGE CARRIAGE=x2
2026-04-28 14:54:59 [WS PROFILE] send_gcode_and_wait: 6.7 ms | SET_DUAL_CARRIAGE CARRIAGE=y2
2026-04-28 14:54:59 [WS PROFILE] select_carriage: 21.6 ms | 1 -> 2
2026-04-28 14:54:59 [WS PROFILE] get_z_positions: 249.5 ms | z1=25.0, z2=10.79999999999987
2026-04-28 14:54:59 [WS PROFILE] get_position: 746.2 ms | x1=0.0 y1=0.5 z1=25.0 x2=711.31 y2=-13.4 z2=10.79999999999987
2026-04-28 14:54:59 [MOVE PROFILE] z convergence loop took 747.6 ms (1 checks)
2026-04-28 14:54:59 [WS PROFILE] send_gcode_and_wait: 19.3 ms | SET_DUAL_CARRIAGE CARRIAGE=x
2026-04-28 14:55:00 [WS PROFILE] send_gcode_and_wait: 21.7 ms | SET_DUAL_CARRIAGE CARRIAGE=y
2026-04-28 14:55:00 [WS PROFILE] select_carriage: 42.6 ms | 2 -> 1
2026-04-28 14:55:00 [WS PROFILE] send_gcode_and_wait: 9.8 ms | SET_DUAL_CARRIAGE CARRIAGE=x2
2026-04-28 14:55:00 [WS PROFILE] send_gcode_and_wait: 7.3 ms | SET_DUAL_CARRIAGE CARRIAGE=y2
2026-04-28 14:55:00 [WS PROFILE] select_carriage: 21.0 ms | 1 -> 2
2026-04-28 14:55:00 [WS PROFILE] get_z_positions: 251.1 ms | z1=25.0, z2=10.79999999999987
2026-04-28 14:55:00 [WS PROFILE] get_position: 751.6 ms | x1=0.0 y1=0.5 z1=25.0 x2=711.31 y2=-13.4 z2=10.79999999999987
2026-04-28 14:55:00 [MOVE PROFILE] verify_mov took 752.9 ms
2026-04-28 14:55:00 [MOVE PROFILE] total move() time 2308.3 ms
2026-04-28 14:55:00 [WS PROFILE] send_gcode_and_wait: 13.2 ms | SET_DUAL_CARRIAGE CARRIAGE=x2
2026-04-28 14:55:00 [WS PROFILE] send_gcode_and_wait: 6.4 ms | SET_DUAL_CARRIAGE CARRIAGE=y2
2026-04-28 14:55:00 [WS PROFILE] select_carriage: 21.5 ms | 2 -> 2
2026-04-28 14:55:00 [MOVE PROFILE] queue carriage2 cmd took 22.7 ms
2026-04-28 14:55:01 [WS PROFILE] send_gcode_and_wait: 318.4 ms | M400
2026-04-28 14:55:01 [WS PROFILE] wait_for_moves: 321.4 ms
2026-04-28 14:55:01 [MOVE PROFILE] wait_for_moves took 323.1 ms
2026-04-28 14:55:01 [WS PROFILE] send_gcode_and_wait: 11.2 ms | SET_DUAL_CARRIAGE CARRIAGE=x
2026-04-28 14:55:01 [WS PROFILE] send_gcode_and_wait: 8.7 ms | SET_DUAL_CARRIAGE CARRIAGE=y
2026-04-28 14:55:01 [WS PROFILE] select_carriage: 24.1 ms | 2 -> 1
2026-04-28 14:55:01 [WS PROFILE] is_toolhead_moving:get_velocity: 218.3 ms | carriage=1, v=0.0
2026-04-28 14:55:01 [WS PROFILE] send_gcode_and_wait: 10.6 ms | SET_DUAL_CARRIAGE CARRIAGE=x2
2026-04-28 14:55:01 [WS PROFILE] send_gcode_and_wait: 7.9 ms | SET_DUAL_CARRIAGE CARRIAGE=y2
2026-04-28 14:55:01 [WS PROFILE] select_carriage: 21.2 ms | 1 -> 2
2026-04-28 14:55:01 [WS PROFILE] is_toolhead_moving:get_velocity: 248.4 ms | carriage=2, v=0.0
2026-04-28 14:55:01 [WS PROFILE] is_toolhead_moving: 470.5 ms | moving=False
2026-04-28 14:55:01 [MOVE PROFILE] velocity settle loop took 472.4 ms (0 checks)
2026-04-28 14:55:01 [WS PROFILE] send_gcode_and_wait: 10.7 ms | SET_DUAL_CARRIAGE CARRIAGE=x
2026-04-28 14:55:01 [WS PROFILE] send_gcode_and_wait: 8.1 ms | SET_DUAL_CARRIAGE CARRIAGE=y
2026-04-28 14:55:01 [WS PROFILE] select_carriage: 22.8 ms | 2 -> 1
2026-04-28 14:55:01 [WS PROFILE] send_gcode_and_wait: 9.5 ms | SET_DUAL_CARRIAGE CARRIAGE=x2
2026-04-28 14:55:01 [WS PROFILE] send_gcode_and_wait: 6.9 ms | SET_DUAL_CARRIAGE CARRIAGE=y2
2026-04-28 14:55:01 [WS PROFILE] select_carriage: 19.6 ms | 1 -> 2
2026-04-28 14:55:02 [WS PROFILE] get_z_positions: 250.3 ms | z1=25.0, z2=10.89999999999987
2026-04-28 14:55:02 [WS PROFILE] get_position: 748.2 ms | x1=0.0 y1=0.5 z1=25.0 x2=711.31 y2=-13.4 z2=10.89999999999987
2026-04-28 14:55:02 [MOVE PROFILE] z convergence loop took 749.9 ms (1 checks)
2026-04-28 14:55:02 [WS PROFILE] send_gcode_and_wait: 12.7 ms | SET_DUAL_CARRIAGE CARRIAGE=x
2026-04-28 14:55:02 [WS PROFILE] send_gcode_and_wait: 10.3 ms | SET_DUAL_CARRIAGE CARRIAGE=y
2026-04-28 14:55:02 [WS PROFILE] select_carriage: 24.7 ms | 2 -> 1
2026-04-28 14:55:02 [WS PROFILE] send_gcode_and_wait: 10.9 ms | SET_DUAL_CARRIAGE CARRIAGE=x2
2026-04-28 14:55:02 [WS PROFILE] send_gcode_and_wait: 8.2 ms | SET_DUAL_CARRIAGE CARRIAGE=y2
2026-04-28 14:55:02 [WS PROFILE] select_carriage: 22.2 ms | 1 -> 2
2026-04-28 14:55:03 [WS PROFILE] get_z_positions: 253.1 ms | z1=25.0, z2=10.89999999999987
2026-04-28 14:55:03 [WS PROFILE] get_position: 749.1 ms | x1=0.0 y1=0.5 z1=25.0 x2=711.31 y2=-13.4 z2=10.89999999999987
2026-04-28 14:55:03 [MOVE PROFILE] verify_mov took 750.8 ms
2026-04-28 14:55:03 [MOVE PROFILE] total move() time 2326.9 ms
2026-04-28 14:55:03 [WS PROFILE] send_gcode_and_wait: 13.9 ms | SET_DUAL_CARRIAGE CARRIAGE=x2
2026-04-28 14:55:03 [WS PROFILE] send_gcode_and_wait: 7.4 ms | SET_DUAL_CARRIAGE CARRIAGE=y2
2026-04-28 14:55:03 [WS PROFILE] select_carriage: 22.9 ms | 2 -> 2
2026-04-28 14:55:03 [MOVE PROFILE] queue carriage2 cmd took 23.9 ms
2026-04-28 14:55:03 [WS PROFILE] send_gcode_and_wait: 319.5 ms | M400
2026-04-28 14:55:03 [WS PROFILE] wait_for_moves: 320.6 ms
2026-04-28 14:55:03 [MOVE PROFILE] wait_for_moves took 321.3 ms
2026-04-28 14:55:03 [WS PROFILE] send_gcode_and_wait: 12.7 ms | SET_DUAL_CARRIAGE CARRIAGE=x
2026-04-28 14:55:03 [WS PROFILE] send_gcode_and_wait: 6.9 ms | SET_DUAL_CARRIAGE CARRIAGE=y
2026-04-28 14:55:03 [WS PROFILE] select_carriage: 21.2 ms | 2 -> 1
2026-04-28 14:55:03 [WS PROFILE] is_toolhead_moving:get_velocity: 195.7 ms | carriage=1, v=0.0
2026-04-28 14:55:03 [WS PROFILE] send_gcode_and_wait: 10.8 ms | SET_DUAL_CARRIAGE CARRIAGE=x2
2026-04-28 14:55:04 [WS PROFILE] send_gcode_and_wait: 7.1 ms | SET_DUAL_CARRIAGE CARRIAGE=y2
2026-04-28 14:55:04 [WS PROFILE] select_carriage: 19.7 ms | 1 -> 2
2026-04-28 14:55:04 [WS PROFILE] is_toolhead_moving:get_velocity: 252.4 ms | carriage=2, v=0.0
2026-04-28 14:55:04 [WS PROFILE] is_toolhead_moving: 451.6 ms | moving=False
2026-04-28 14:55:04 [MOVE PROFILE] velocity settle loop took 454.6 ms (0 checks)
2026-04-28 14:55:04 [WS PROFILE] send_gcode_and_wait: 12.7 ms | SET_DUAL_CARRIAGE CARRIAGE=x
2026-04-28 14:55:04 [WS PROFILE] send_gcode_and_wait: 6.5 ms | SET_DUAL_CARRIAGE CARRIAGE=y
2026-04-28 14:55:04 [WS PROFILE] select_carriage: 21.3 ms | 2 -> 1
2026-04-28 14:55:04 [WS PROFILE] send_gcode_and_wait: 10.6 ms | SET_DUAL_CARRIAGE CARRIAGE=x2
2026-04-28 14:55:04 [WS PROFILE] send_gcode_and_wait: 6.9 ms | SET_DUAL_CARRIAGE CARRIAGE=y2
2026-04-28 14:55:04 [WS PROFILE] select_carriage: 19.3 ms | 1 -> 2
2026-04-28 14:55:04 [WS PROFILE] get_z_positions: 248.6 ms | z1=25.0, z2=10.999999999999872
2026-04-28 14:55:04 [WS PROFILE] get_position: 745.5 ms | x1=0.0 y1=0.5 z1=25.0 x2=711.31 y2=-13.4 z2=10.999999999999872
2026-04-28 14:55:04 [MOVE PROFILE] z convergence loop took 747.2 ms (1 checks)
2026-04-28 14:55:05 [WS PROFILE] send_gcode_and_wait: 10.6 ms | SET_DUAL_CARRIAGE CARRIAGE=x
2026-04-28 14:55:05 [WS PROFILE] send_gcode_and_wait: 7.3 ms | SET_DUAL_CARRIAGE CARRIAGE=y
2026-04-28 14:55:05 [WS PROFILE] select_carriage: 21.5 ms | 2 -> 1
2026-04-28 14:55:05 [WS PROFILE] send_gcode_and_wait: 10.6 ms | SET_DUAL_CARRIAGE CARRIAGE=x2
2026-04-28 14:55:05 [WS PROFILE] send_gcode_and_wait: 7.2 ms | SET_DUAL_CARRIAGE CARRIAGE=y2
2026-04-28 14:55:05 [WS PROFILE] select_carriage: 19.8 ms | 1 -> 2
2026-04-28 14:55:05 [WS PROFILE] get_z_positions: 250.3 ms | z1=25.0, z2=10.999999999999872
2026-04-28 14:55:05 [WS PROFILE] get_position: 750.5 ms | x1=0.0 y1=0.5 z1=25.0 x2=711.31 y2=-13.4 z2=10.999999999999872
2026-04-28 14:55:05 [MOVE PROFILE] verify_mov took 752.3 ms
2026-04-28 14:55:05 [MOVE PROFILE] total move() time 2305.2 ms
2026-04-28 14:55:05 [WS PROFILE] send_gcode_and_wait: 11.0 ms | SET_DUAL_CARRIAGE CARRIAGE=x2
2026-04-28 14:55:05 [WS PROFILE] send_gcode_and_wait: 6.6 ms | SET_DUAL_CARRIAGE CARRIAGE=y2
2026-04-28 14:55:05 [WS PROFILE] select_carriage: 18.9 ms | 2 -> 2
2026-04-28 14:55:05 [MOVE PROFILE] queue carriage2 cmd took 20.0 ms
2026-04-28 14:55:06 [WS PROFILE] send_gcode_and_wait: 313.9 ms | M400
2026-04-28 14:55:06 [WS PROFILE] wait_for_moves: 315.0 ms
2026-04-28 14:55:06 [MOVE PROFILE] wait_for_moves took 315.9 ms
2026-04-28 14:55:06 [WS PROFILE] send_gcode_and_wait: 10.5 ms | SET_DUAL_CARRIAGE CARRIAGE=x
2026-04-28 14:55:06 [WS PROFILE] send_gcode_and_wait: 7.6 ms | SET_DUAL_CARRIAGE CARRIAGE=y
2026-04-28 14:55:06 [WS PROFILE] select_carriage: 20.5 ms | 2 -> 1
2026-04-28 14:55:06 [WS PROFILE] is_toolhead_moving:get_velocity: 218.5 ms | carriage=1, v=0.0
2026-04-28 14:55:06 [WS PROFILE] send_gcode_and_wait: 10.8 ms | SET_DUAL_CARRIAGE CARRIAGE=x2
2026-04-28 14:55:06 [WS PROFILE] send_gcode_and_wait: 9.5 ms | SET_DUAL_CARRIAGE CARRIAGE=y2
2026-04-28 14:55:06 [WS PROFILE] select_carriage: 22.7 ms | 1 -> 2
2026-04-28 14:55:06 [WS PROFILE] is_toolhead_moving:get_velocity: 248.9 ms | carriage=2, v=0.0
2026-04-28 14:55:06 [WS PROFILE] is_toolhead_moving: 471.2 ms | moving=False
2026-04-28 14:55:06 [MOVE PROFILE] velocity settle loop took 472.9 ms (0 checks)
2026-04-28 14:55:06 [WS PROFILE] send_gcode_and_wait: 10.5 ms | SET_DUAL_CARRIAGE CARRIAGE=x
2026-04-28 14:55:06 [WS PROFILE] send_gcode_and_wait: 6.9 ms | SET_DUAL_CARRIAGE CARRIAGE=y
2026-04-28 14:55:06 [WS PROFILE] select_carriage: 19.2 ms | 2 -> 1
2026-04-28 14:55:07 [WS PROFILE] send_gcode_and_wait: 10.2 ms | SET_DUAL_CARRIAGE CARRIAGE=x2
2026-04-28 14:55:07 [WS PROFILE] send_gcode_and_wait: 7.3 ms | SET_DUAL_CARRIAGE CARRIAGE=y2
2026-04-28 14:55:07 [WS PROFILE] select_carriage: 19.9 ms | 1 -> 2
2026-04-28 14:55:07 [WS PROFILE] get_z_positions: 250.6 ms | z1=25.0, z2=11.099999999999874
2026-04-28 14:55:07 [WS PROFILE] get_position: 748.9 ms | x1=0.0 y1=0.5 z1=25.0 x2=711.31 y2=-13.4 z2=11.099999999999874
2026-04-28 14:55:07 [MOVE PROFILE] z convergence loop took 750.1 ms (1 checks)
2026-04-28 14:55:07 [WS PROFILE] send_gcode_and_wait: 15.1 ms | SET_DUAL_CARRIAGE CARRIAGE=x
2026-04-28 14:55:07 [WS PROFILE] send_gcode_and_wait: 8.2 ms | SET_DUAL_CARRIAGE CARRIAGE=y
2026-04-28 14:55:07 [WS PROFILE] select_carriage: 26.1 ms | 2 -> 1
2026-04-28 14:55:07 [WS PROFILE] send_gcode_and_wait: 11.0 ms | SET_DUAL_CARRIAGE CARRIAGE=x2
2026-04-28 14:55:07 [WS PROFILE] send_gcode_and_wait: 6.3 ms | SET_DUAL_CARRIAGE CARRIAGE=y2
2026-04-28 14:55:07 [WS PROFILE] select_carriage: 19.1 ms | 1 -> 2
2026-04-28 14:55:08 [WS PROFILE] get_z_positions: 254.7 ms | z1=25.0, z2=11.099999999999874
2026-04-28 14:55:08 [WS PROFILE] get_position: 750.3 ms | x1=0.0 y1=0.5 z1=25.0 x2=711.31 y2=-13.4 z2=11.099999999999874
2026-04-28 14:55:08 [MOVE PROFILE] verify_mov took 752.0 ms
2026-04-28 14:55:08 [MOVE PROFILE] total move() time 2316.7 ms
2026-04-28 14:55:08 [WS PROFILE] send_gcode_and_wait: 14.0 ms | SET_DUAL_CARRIAGE CARRIAGE=x2
2026-04-28 14:55:08 [WS PROFILE] send_gcode_and_wait: 7.7 ms | SET_DUAL_CARRIAGE CARRIAGE=y2
2026-04-28 14:55:08 [WS PROFILE] select_carriage: 23.5 ms | 2 -> 2
2026-04-28 14:55:08 [MOVE PROFILE] queue carriage2 cmd took 24.5 ms
2026-04-28 14:55:08 [WS PROFILE] send_gcode_and_wait: 321.0 ms | M400
2026-04-28 14:55:08 [WS PROFILE] wait_for_moves: 321.8 ms
2026-04-28 14:55:08 [MOVE PROFILE] wait_for_moves took 322.4 ms
2026-04-28 14:55:08 [WS PROFILE] send_gcode_and_wait: 15.6 ms | SET_DUAL_CARRIAGE CARRIAGE=x
2026-04-28 14:55:08 [WS PROFILE] send_gcode_and_wait: 6.8 ms | SET_DUAL_CARRIAGE CARRIAGE=y
2026-04-28 14:55:08 [WS PROFILE] select_carriage: 24.2 ms | 2 -> 1
2026-04-28 14:55:08 [WS PROFILE] is_toolhead_moving:get_velocity: 208.3 ms | carriage=1, v=0.0
2026-04-28 14:55:09 [WS PROFILE] send_gcode_and_wait: 9.7 ms | SET_DUAL_CARRIAGE CARRIAGE=x2
2026-04-28 14:55:09 [WS PROFILE] send_gcode_and_wait: 12.2 ms | SET_DUAL_CARRIAGE CARRIAGE=y2
2026-04-28 14:55:09 [WS PROFILE] select_carriage: 24.3 ms | 1 -> 2
2026-04-28 14:55:09 [WS PROFILE] is_toolhead_moving:get_velocity: 252.4 ms | carriage=2, v=0.0
2026-04-28 14:55:09 [WS PROFILE] is_toolhead_moving: 463.6 ms | moving=False
2026-04-28 14:55:09 [MOVE PROFILE] velocity settle loop took 465.2 ms (0 checks)
2026-04-28 14:55:09 [WS PROFILE] send_gcode_and_wait: 9.1 ms | SET_DUAL_CARRIAGE CARRIAGE=x
2026-04-28 14:55:09 [WS PROFILE] send_gcode_and_wait: 7.0 ms | SET_DUAL_CARRIAGE CARRIAGE=y
2026-04-28 14:55:09 [WS PROFILE] select_carriage: 18.1 ms | 2 -> 1
2026-04-28 14:55:09 [WS PROFILE] send_gcode_and_wait: 9.4 ms | SET_DUAL_CARRIAGE CARRIAGE=x2
2026-04-28 14:55:09 [WS PROFILE] send_gcode_and_wait: 16.4 ms | SET_DUAL_CARRIAGE CARRIAGE=y2
2026-04-28 14:55:09 [WS PROFILE] select_carriage: 27.8 ms | 1 -> 2
2026-04-28 14:55:09 [WS PROFILE] get_z_positions: 248.2 ms | z1=25.0, z2=11.199999999999875
2026-04-28 14:55:10 [WS PROFILE] get_position: 746.8 ms | x1=0.0 y1=0.5 z1=25.0 x2=711.31 y2=-13.4 z2=11.199999999999875
2026-04-28 14:55:10 [MOVE PROFILE] z convergence loop took 748.1 ms (1 checks)
2026-04-28 14:55:10 [WS PROFILE] send_gcode_and_wait: 9.7 ms | SET_DUAL_CARRIAGE CARRIAGE=x
2026-04-28 14:55:10 [WS PROFILE] send_gcode_and_wait: 15.1 ms | SET_DUAL_CARRIAGE CARRIAGE=y
2026-04-28 14:55:10 [WS PROFILE] select_carriage: 27.8 ms | 2 -> 1
2026-04-28 14:55:10 [WS PROFILE] send_gcode_and_wait: 10.5 ms | SET_DUAL_CARRIAGE CARRIAGE=x2
2026-04-28 14:55:10 [WS PROFILE] send_gcode_and_wait: 7.1 ms | SET_DUAL_CARRIAGE CARRIAGE=y2
2026-04-28 14:55:10 [WS PROFILE] select_carriage: 19.5 ms | 1 -> 2
2026-04-28 14:55:10 [WS PROFILE] get_z_positions: 250.8 ms | z1=25.0, z2=11.199999999999875
2026-04-28 14:55:10 [WS PROFILE] get_position: 752.9 ms | x1=0.0 y1=0.5 z1=25.0 x2=711.31 y2=-13.4 z2=11.199999999999875
2026-04-28 14:55:10 [MOVE PROFILE] verify_mov took 754.2 ms
2026-04-28 14:55:10 [MOVE PROFILE] total move() time 2319.9 ms
2026-04-28 14:55:10 [WS PROFILE] send_gcode_and_wait: 20.5 ms | SET_DUAL_CARRIAGE CARRIAGE=x2
2026-04-28 14:55:10 [WS PROFILE] send_gcode_and_wait: 7.5 ms | SET_DUAL_CARRIAGE CARRIAGE=y2
2026-04-28 14:55:10 [WS PROFILE] select_carriage: 30.0 ms | 2 -> 2
2026-04-28 14:55:10 [MOVE PROFILE] queue carriage2 cmd took 30.9 ms
2026-04-28 14:55:11 [WS PROFILE] send_gcode_and_wait: 316.0 ms | M400
2026-04-28 14:55:11 [WS PROFILE] wait_for_moves: 316.7 ms
2026-04-28 14:55:11 [MOVE PROFILE] wait_for_moves took 317.2 ms
2026-04-28 14:55:11 [WS PROFILE] send_gcode_and_wait: 9.5 ms | SET_DUAL_CARRIAGE CARRIAGE=x
2026-04-28 14:55:11 [WS PROFILE] send_gcode_and_wait: 10.7 ms | SET_DUAL_CARRIAGE CARRIAGE=y
2026-04-28 14:55:11 [WS PROFILE] select_carriage: 22.2 ms | 2 -> 1
2026-04-28 14:55:11 [WS PROFILE] is_toolhead_moving:get_velocity: 201.6 ms | carriage=1, v=0.0
2026-04-28 14:55:11 [WS PROFILE] send_gcode_and_wait: 10.5 ms | SET_DUAL_CARRIAGE CARRIAGE=x2
2026-04-28 14:55:11 [WS PROFILE] send_gcode_and_wait: 7.7 ms | SET_DUAL_CARRIAGE CARRIAGE=y2
2026-04-28 14:55:11 [WS PROFILE] select_carriage: 21.9 ms | 1 -> 2
2026-04-28 14:55:11 [WS PROFILE] is_toolhead_moving:get_velocity: 251.6 ms | carriage=2, v=0.0
2026-04-28 14:55:11 [WS PROFILE] is_toolhead_moving: 456.7 ms | moving=False
2026-04-28 14:55:11 [MOVE PROFILE] velocity settle loop took 458.4 ms (0 checks)
2026-04-28 14:55:11 [WS PROFILE] send_gcode_and_wait: 10.9 ms | SET_DUAL_CARRIAGE CARRIAGE=x
2026-04-28 14:55:11 [WS PROFILE] send_gcode_and_wait: 11.2 ms | SET_DUAL_CARRIAGE CARRIAGE=y
2026-04-28 14:55:11 [WS PROFILE] select_carriage: 24.0 ms | 2 -> 1
2026-04-28 14:55:12 [WS PROFILE] send_gcode_and_wait: 10.3 ms | SET_DUAL_CARRIAGE CARRIAGE=x2
2026-04-28 14:55:12 [WS PROFILE] send_gcode_and_wait: 6.3 ms | SET_DUAL_CARRIAGE CARRIAGE=y2
2026-04-28 14:55:12 [WS PROFILE] select_carriage: 19.0 ms | 1 -> 2
2026-04-28 14:55:12 [WS PROFILE] get_z_positions: 244.9 ms | z1=25.0, z2=11.299999999999876
2026-04-28 14:55:12 [WS PROFILE] get_position: 745.3 ms | x1=0.0 y1=0.5 z1=25.0 x2=711.31 y2=-13.4 z2=11.299999999999876
2026-04-28 14:55:12 [MOVE PROFILE] z convergence loop took 747.1 ms (1 checks)
2026-04-28 14:55:12 [WS PROFILE] send_gcode_and_wait: 11.4 ms | SET_DUAL_CARRIAGE CARRIAGE=x
2026-04-28 14:55:12 [WS PROFILE] send_gcode_and_wait: 6.9 ms | SET_DUAL_CARRIAGE CARRIAGE=y
2026-04-28 14:55:12 [WS PROFILE] select_carriage: 21.4 ms | 2 -> 1
2026-04-28 14:55:12 [WS PROFILE] send_gcode_and_wait: 15.6 ms | SET_DUAL_CARRIAGE CARRIAGE=x2
2026-04-28 14:55:12 [WS PROFILE] send_gcode_and_wait: 7.3 ms | SET_DUAL_CARRIAGE CARRIAGE=y2
2026-04-28 14:55:12 [WS PROFILE] select_carriage: 25.1 ms | 1 -> 2
2026-04-28 14:55:13 [WS PROFILE] get_z_positions: 253.9 ms | z1=25.0, z2=11.299999999999876
2026-04-28 14:55:13 [WS PROFILE] get_position: 749.1 ms | x1=0.0 y1=0.5 z1=25.0 x2=711.31 y2=-13.4 z2=11.299999999999876
2026-04-28 14:55:13 [MOVE PROFILE] verify_mov took 750.9 ms
2026-04-28 14:55:13 [MOVE PROFILE] total move() time 2311.4 ms
2026-04-28 14:55:13 [WS PROFILE] send_gcode_and_wait: 13.2 ms | SET_DUAL_CARRIAGE CARRIAGE=x2
2026-04-28 14:55:13 [WS PROFILE] send_gcode_and_wait: 6.2 ms | SET_DUAL_CARRIAGE CARRIAGE=y2
2026-04-28 14:55:13 [WS PROFILE] select_carriage: 21.3 ms | 2 -> 2
2026-04-28 14:55:13 [MOVE PROFILE] queue carriage2 cmd took 22.5 ms
2026-04-28 14:55:13 [WS PROFILE] send_gcode_and_wait: 312.1 ms | M400
2026-04-28 14:55:13 [WS PROFILE] wait_for_moves: 313.2 ms
2026-04-28 14:55:13 [MOVE PROFILE] wait_for_moves took 313.9 ms
2026-04-28 14:55:13 [WS PROFILE] send_gcode_and_wait: 9.9 ms | SET_DUAL_CARRIAGE CARRIAGE=x
2026-04-28 14:55:13 [WS PROFILE] send_gcode_and_wait: 6.7 ms | SET_DUAL_CARRIAGE CARRIAGE=y
2026-04-28 14:55:13 [WS PROFILE] select_carriage: 18.2 ms | 2 -> 1
2026-04-28 14:55:14 [WS PROFILE] is_toolhead_moving:get_velocity: 225.4 ms | carriage=1, v=0.0
2026-04-28 14:55:14 [WS PROFILE] send_gcode_and_wait: 9.5 ms | SET_DUAL_CARRIAGE CARRIAGE=x2
2026-04-28 14:55:14 [WS PROFILE] send_gcode_and_wait: 6.5 ms | SET_DUAL_CARRIAGE CARRIAGE=y2
2026-04-28 14:55:14 [WS PROFILE] select_carriage: 18.4 ms | 1 -> 2
2026-04-28 14:55:14 [WS PROFILE] is_toolhead_moving:get_velocity: 251.3 ms | carriage=2, v=0.0
2026-04-28 14:55:14 [WS PROFILE] is_toolhead_moving: 480.3 ms | moving=False
2026-04-28 14:55:14 [MOVE PROFILE] velocity settle loop took 482.1 ms (0 checks)
2026-04-28 14:55:14 [WS PROFILE] send_gcode_and_wait: 13.9 ms | SET_DUAL_CARRIAGE CARRIAGE=x
2026-04-28 14:55:14 [WS PROFILE] send_gcode_and_wait: 8.0 ms | SET_DUAL_CARRIAGE CARRIAGE=y
2026-04-28 14:55:14 [WS PROFILE] select_carriage: 25.1 ms | 2 -> 1
2026-04-28 14:55:14 [WS PROFILE] send_gcode_and_wait: 10.4 ms | SET_DUAL_CARRIAGE CARRIAGE=x2
2026-04-28 14:55:14 [WS PROFILE] send_gcode_and_wait: 7.1 ms | SET_DUAL_CARRIAGE CARRIAGE=y2
2026-04-28 14:55:14 [WS PROFILE] select_carriage: 19.6 ms | 1 -> 2
2026-04-28 14:55:15 [WS PROFILE] get_z_positions: 247.0 ms | z1=25.0, z2=11.399999999999878
2026-04-28 14:55:15 [WS PROFILE] get_position: 743.3 ms | x1=0.0 y1=0.5 z1=25.0 x2=711.31 y2=-13.4 z2=11.399999999999878
2026-04-28 14:55:15 [MOVE PROFILE] z convergence loop took 744.3 ms (1 checks)
2026-04-28 14:55:15 [WS PROFILE] send_gcode_and_wait: 9.5 ms | SET_DUAL_CARRIAGE CARRIAGE=x
2026-04-28 14:55:15 [WS PROFILE] send_gcode_and_wait: 7.5 ms | SET_DUAL_CARRIAGE CARRIAGE=y
2026-04-28 14:55:15 [WS PROFILE] select_carriage: 21.7 ms | 2 -> 1
2026-04-28 14:55:15 [WS PROFILE] send_gcode_and_wait: 10.0 ms | SET_DUAL_CARRIAGE CARRIAGE=x2
2026-04-28 14:55:15 [WS PROFILE] send_gcode_and_wait: 14.4 ms | SET_DUAL_CARRIAGE CARRIAGE=y2
2026-04-28 14:55:15 [WS PROFILE] select_carriage: 26.1 ms | 1 -> 2
2026-04-28 14:55:15 [WS PROFILE] get_z_positions: 251.4 ms | z1=25.0, z2=11.399999999999878
2026-04-28 14:55:15 [WS PROFILE] get_position: 755.4 ms | x1=0.0 y1=0.5 z1=25.0 x2=711.31 y2=-13.4 z2=11.399999999999878
2026-04-28 14:55:15 [MOVE PROFILE] verify_mov took 757.2 ms
2026-04-28 14:55:15 [MOVE PROFILE] total move() time 2326.3 ms
2026-04-28 14:55:15 [WS PROFILE] send_gcode_and_wait: 13.4 ms | SET_DUAL_CARRIAGE CARRIAGE=x2
2026-04-28 14:55:15 [WS PROFILE] send_gcode_and_wait: 6.7 ms | SET_DUAL_CARRIAGE CARRIAGE=y2
2026-04-28 14:55:15 [WS PROFILE] select_carriage: 23.8 ms | 2 -> 2
2026-04-28 14:55:15 [MOVE PROFILE] queue carriage2 cmd took 25.9 ms
2026-04-28 14:55:16 [WS PROFILE] send_gcode_and_wait: 311.3 ms | M400
2026-04-28 14:55:16 [WS PROFILE] wait_for_moves: 313.1 ms
2026-04-28 14:55:16 [MOVE PROFILE] wait_for_moves took 314.7 ms
2026-04-28 14:55:16 [WS PROFILE] send_gcode_and_wait: 9.5 ms | SET_DUAL_CARRIAGE CARRIAGE=x
2026-04-28 14:55:16 [WS PROFILE] send_gcode_and_wait: 8.3 ms | SET_DUAL_CARRIAGE CARRIAGE=y
2026-04-28 14:55:16 [WS PROFILE] select_carriage: 19.1 ms | 2 -> 1
2026-04-28 14:55:16 [WS PROFILE] is_toolhead_moving:get_velocity: 229.1 ms | carriage=1, v=0.0
2026-04-28 14:55:16 [WS PROFILE] send_gcode_and_wait: 14.9 ms | SET_DUAL_CARRIAGE CARRIAGE=x2
2026-04-28 14:55:16 [WS PROFILE] send_gcode_and_wait: 17.6 ms | SET_DUAL_CARRIAGE CARRIAGE=y2
2026-04-28 14:55:16 [WS PROFILE] select_carriage: 36.0 ms | 1 -> 2
2026-04-28 14:55:16 [WS PROFILE] is_toolhead_moving:get_velocity: 233.7 ms | carriage=2, v=0.0
2026-04-28 14:55:16 [WS PROFILE] is_toolhead_moving: 466.5 ms | moving=False
2026-04-28 14:55:16 [MOVE PROFILE] velocity settle loop took 468.2 ms (0 checks)
2026-04-28 14:55:16 [WS PROFILE] send_gcode_and_wait: 10.6 ms | SET_DUAL_CARRIAGE CARRIAGE=x
2026-04-28 14:55:16 [WS PROFILE] send_gcode_and_wait: 13.0 ms | SET_DUAL_CARRIAGE CARRIAGE=y
2026-04-28 14:55:16 [WS PROFILE] select_carriage: 28.0 ms | 2 -> 1
2026-04-28 14:55:17 [WS PROFILE] send_gcode_and_wait: 10.3 ms | SET_DUAL_CARRIAGE CARRIAGE=x2
2026-04-28 14:55:17 [WS PROFILE] send_gcode_and_wait: 7.3 ms | SET_DUAL_CARRIAGE CARRIAGE=y2
2026-04-28 14:55:17 [WS PROFILE] select_carriage: 20.8 ms | 1 -> 2
2026-04-28 14:55:17 [WS PROFILE] get_z_positions: 249.8 ms | z1=25.0, z2=11.49999999999988
2026-04-28 14:55:17 [WS PROFILE] get_position: 750.3 ms | x1=0.0 y1=0.5 z1=25.0 x2=711.31 y2=-13.4 z2=11.49999999999988
2026-04-28 14:55:17 [MOVE PROFILE] z convergence loop took 751.9 ms (1 checks)
2026-04-28 14:55:17 [WS PROFILE] send_gcode_and_wait: 11.0 ms | SET_DUAL_CARRIAGE CARRIAGE=x
2026-04-28 14:55:17 [WS PROFILE] send_gcode_and_wait: 6.5 ms | SET_DUAL_CARRIAGE CARRIAGE=y
2026-04-28 14:55:17 [WS PROFILE] select_carriage: 20.0 ms | 2 -> 1
2026-04-28 14:55:17 [WS PROFILE] send_gcode_and_wait: 9.9 ms | SET_DUAL_CARRIAGE CARRIAGE=x2
2026-04-28 14:55:17 [WS PROFILE] send_gcode_and_wait: 6.3 ms | SET_DUAL_CARRIAGE CARRIAGE=y2
2026-04-28 14:55:17 [WS PROFILE] select_carriage: 18.1 ms | 1 -> 2
2026-04-28 14:55:18 [WS PROFILE] get_z_positions: 246.6 ms | z1=25.0, z2=11.49999999999988
2026-04-28 14:55:18 [WS PROFILE] get_position: 749.7 ms | x1=0.0 y1=0.5 z1=25.0 x2=711.31 y2=-13.4 z2=11.49999999999988
2026-04-28 14:55:18 [MOVE PROFILE] verify_mov took 751.5 ms
2026-04-28 14:55:18 [MOVE PROFILE] total move() time 2321.7 ms
2026-04-28 14:55:18 [WS PROFILE] send_gcode_and_wait: 10.9 ms | SET_DUAL_CARRIAGE CARRIAGE=x2
2026-04-28 14:55:18 [WS PROFILE] send_gcode_and_wait: 6.6 ms | SET_DUAL_CARRIAGE CARRIAGE=y2
2026-04-28 14:55:18 [WS PROFILE] select_carriage: 19.4 ms | 2 -> 2
2026-04-28 14:55:18 [MOVE PROFILE] queue carriage2 cmd took 20.4 ms
2026-04-28 14:55:18 [WS PROFILE] send_gcode_and_wait: 314.2 ms | M400
2026-04-28 14:55:18 [WS PROFILE] wait_for_moves: 315.0 ms
2026-04-28 14:55:18 [MOVE PROFILE] wait_for_moves took 315.6 ms
2026-04-28 14:55:18 [WS PROFILE] send_gcode_and_wait: 14.1 ms | SET_DUAL_CARRIAGE CARRIAGE=x
2026-04-28 14:55:18 [WS PROFILE] send_gcode_and_wait: 7.6 ms | SET_DUAL_CARRIAGE CARRIAGE=y
2026-04-28 14:55:18 [WS PROFILE] select_carriage: 23.6 ms | 2 -> 1
2026-04-28 14:55:19 [WS PROFILE] is_toolhead_moving:get_velocity: 228.0 ms | carriage=1, v=0.0
2026-04-28 14:55:19 [WS PROFILE] send_gcode_and_wait: 9.9 ms | SET_DUAL_CARRIAGE CARRIAGE=x2
2026-04-28 14:55:19 [WS PROFILE] send_gcode_and_wait: 7.1 ms | SET_DUAL_CARRIAGE CARRIAGE=y2
2026-04-28 14:55:19 [WS PROFILE] select_carriage: 20.2 ms | 1 -> 2
2026-04-28 14:55:19 [WS PROFILE] is_toolhead_moving:get_velocity: 240.4 ms | carriage=2, v=0.0
2026-04-28 14:55:19 [WS PROFILE] is_toolhead_moving: 471.8 ms | moving=False
2026-04-28 14:55:19 [MOVE PROFILE] velocity settle loop took 473.6 ms (0 checks)
2026-04-28 14:55:19 [WS PROFILE] send_gcode_and_wait: 11.9 ms | SET_DUAL_CARRIAGE CARRIAGE=x
2026-04-28 14:55:19 [WS PROFILE] send_gcode_and_wait: 7.7 ms | SET_DUAL_CARRIAGE CARRIAGE=y
2026-04-28 14:55:19 [WS PROFILE] select_carriage: 22.4 ms | 2 -> 1
2026-04-28 14:55:19 [WS PROFILE] send_gcode_and_wait: 14.3 ms | SET_DUAL_CARRIAGE CARRIAGE=x2
2026-04-28 14:55:19 [WS PROFILE] send_gcode_and_wait: 6.8 ms | SET_DUAL_CARRIAGE CARRIAGE=y2
2026-04-28 14:55:19 [WS PROFILE] select_carriage: 22.7 ms | 1 -> 2
2026-04-28 14:55:20 [WS PROFILE] get_z_positions: 271.5 ms | z1=25.0, z2=11.59999999999988
2026-04-28 14:55:20 [WS PROFILE] get_position: 769.4 ms | x1=0.0 y1=0.5 z1=25.0 x2=711.31 y2=-13.4 z2=11.59999999999988
2026-04-28 14:55:20 [MOVE PROFILE] z convergence loop took 771.1 ms (1 checks)
2026-04-28 14:55:20 [WS PROFILE] send_gcode_and_wait: 9.5 ms | SET_DUAL_CARRIAGE CARRIAGE=x
2026-04-28 14:55:20 [WS PROFILE] send_gcode_and_wait: 8.4 ms | SET_DUAL_CARRIAGE CARRIAGE=y
2026-04-28 14:55:20 [WS PROFILE] select_carriage: 21.0 ms | 2 -> 1
2026-04-28 14:55:20 [WS PROFILE] send_gcode_and_wait: 10.6 ms | SET_DUAL_CARRIAGE CARRIAGE=x2
2026-04-28 14:55:20 [WS PROFILE] send_gcode_and_wait: 6.8 ms | SET_DUAL_CARRIAGE CARRIAGE=y2
2026-04-28 14:55:20 [WS PROFILE] select_carriage: 19.1 ms | 1 -> 2
2026-04-28 14:55:20 [WS PROFILE] get_z_positions: 251.6 ms | z1=25.0, z2=11.59999999999988
2026-04-28 14:55:20 [WS PROFILE] get_position: 728.0 ms | x1=0.0 y1=0.5 z1=25.0 x2=711.31 y2=-13.4 z2=11.59999999999988
2026-04-28 14:55:20 [MOVE PROFILE] verify_mov took 729.3 ms
2026-04-28 14:55:20 [MOVE PROFILE] total move() time 2316.2 ms
2026-04-28 14:55:20 [WS PROFILE] send_gcode_and_wait: 12.8 ms | SET_DUAL_CARRIAGE CARRIAGE=x2
2026-04-28 14:55:20 [WS PROFILE] send_gcode_and_wait: 6.6 ms | SET_DUAL_CARRIAGE CARRIAGE=y2
2026-04-28 14:55:20 [WS PROFILE] select_carriage: 21.0 ms | 2 -> 2
2026-04-28 14:55:20 [MOVE PROFILE] queue carriage2 cmd took 22.1 ms
2026-04-28 14:55:21 [WS PROFILE] send_gcode_and_wait: 392.2 ms | M400
2026-04-28 14:55:21 [WS PROFILE] wait_for_moves: 393.0 ms
2026-04-28 14:55:21 [MOVE PROFILE] wait_for_moves took 393.6 ms
2026-04-28 14:55:21 [WS PROFILE] send_gcode_and_wait: 9.8 ms | SET_DUAL_CARRIAGE CARRIAGE=x
2026-04-28 14:55:21 [WS PROFILE] send_gcode_and_wait: 7.9 ms | SET_DUAL_CARRIAGE CARRIAGE=y
2026-04-28 14:55:21 [WS PROFILE] select_carriage: 19.8 ms | 2 -> 1
2026-04-28 14:55:21 [WS PROFILE] is_toolhead_moving:get_velocity: 145.8 ms | carriage=1, v=0.0
2026-04-28 14:55:21 [WS PROFILE] send_gcode_and_wait: 9.8 ms | SET_DUAL_CARRIAGE CARRIAGE=x2
2026-04-28 14:55:21 [WS PROFILE] send_gcode_and_wait: 6.5 ms | SET_DUAL_CARRIAGE CARRIAGE=y2
2026-04-28 14:55:21 [WS PROFILE] select_carriage: 17.8 ms | 1 -> 2
2026-04-28 14:55:21 [WS PROFILE] is_toolhead_moving:get_velocity: 250.4 ms | carriage=2, v=0.0
2026-04-28 14:55:21 [WS PROFILE] is_toolhead_moving: 399.4 ms | moving=False
2026-04-28 14:55:21 [MOVE PROFILE] velocity settle loop took 401.0 ms (0 checks)
2026-04-28 14:55:21 [WS PROFILE] send_gcode_and_wait: 10.9 ms | SET_DUAL_CARRIAGE CARRIAGE=x
2026-04-28 14:55:21 [WS PROFILE] send_gcode_and_wait: 7.4 ms | SET_DUAL_CARRIAGE CARRIAGE=y
2026-04-28 14:55:21 [WS PROFILE] select_carriage: 22.2 ms | 2 -> 1
2026-04-28 14:55:22 [WS PROFILE] send_gcode_and_wait: 13.8 ms | SET_DUAL_CARRIAGE CARRIAGE=x2
2026-04-28 14:55:22 [WS PROFILE] send_gcode_and_wait: 6.2 ms | SET_DUAL_CARRIAGE CARRIAGE=y2
2026-04-28 14:55:22 [WS PROFILE] select_carriage: 21.6 ms | 1 -> 2
2026-04-28 14:55:22 [WS PROFILE] get_z_positions: 269.0 ms | z1=25.0, z2=11.699999999999882
2026-04-28 14:55:22 [WS PROFILE] get_position: 798.2 ms | x1=0.0 y1=0.5 z1=25.0 x2=711.31 y2=-13.4 z2=11.699999999999882
2026-04-28 14:55:22 [MOVE PROFILE] z convergence loop took 798.9 ms (1 checks)
2026-04-28 14:55:22 [WS PROFILE] send_gcode_and_wait: 14.2 ms | SET_DUAL_CARRIAGE CARRIAGE=x
2026-04-28 14:55:22 [WS PROFILE] send_gcode_and_wait: 6.9 ms | SET_DUAL_CARRIAGE CARRIAGE=y
2026-04-28 14:55:22 [WS PROFILE] select_carriage: 22.8 ms | 2 -> 1
2026-04-28 14:55:22 [WS PROFILE] send_gcode_and_wait: 13.7 ms | SET_DUAL_CARRIAGE CARRIAGE=x2
2026-04-28 14:55:22 [WS PROFILE] send_gcode_and_wait: 7.4 ms | SET_DUAL_CARRIAGE CARRIAGE=y2
2026-04-28 14:55:22 [WS PROFILE] select_carriage: 23.4 ms | 1 -> 2
2026-04-28 14:55:23 [WS PROFILE] get_z_positions: 258.4 ms | z1=25.0, z2=11.699999999999882
2026-04-28 14:55:23 [WS PROFILE] get_position: 703.8 ms | x1=0.0 y1=0.5 z1=25.0 x2=711.31 y2=-13.4 z2=11.699999999999882
2026-04-28 14:55:23 [MOVE PROFILE] verify_mov took 704.9 ms
2026-04-28 14:55:23 [MOVE PROFILE] total move() time 2325.5 ms
2026-04-28 14:55:23 [WS PROFILE] send_gcode_and_wait: 9.7 ms | SET_DUAL_CARRIAGE CARRIAGE=x2
2026-04-28 14:55:23 [WS PROFILE] send_gcode_and_wait: 136.7 ms | SET_DUAL_CARRIAGE CARRIAGE=y2
2026-04-28 14:55:23 [WS PROFILE] select_carriage: 149.3 ms | 2 -> 2
2026-04-28 14:55:23 [MOVE PROFILE] queue carriage2 cmd took 150.7 ms
2026-04-28 14:55:23 [WS PROFILE] send_gcode_and_wait: 312.0 ms | M400
2026-04-28 14:55:23 [WS PROFILE] wait_for_moves: 313.8 ms
2026-04-28 14:55:23 [MOVE PROFILE] wait_for_moves took 315.4 ms
2026-04-28 14:55:23 [WS PROFILE] send_gcode_and_wait: 9.9 ms | SET_DUAL_CARRIAGE CARRIAGE=x
2026-04-28 14:55:23 [WS PROFILE] send_gcode_and_wait: 8.0 ms | SET_DUAL_CARRIAGE CARRIAGE=y
2026-04-28 14:55:23 [WS PROFILE] select_carriage: 21.9 ms | 2 -> 1
2026-04-28 14:55:24 [WS PROFILE] is_toolhead_moving:get_velocity: 163.3 ms | carriage=1, v=0.0
2026-04-28 14:55:24 [WS PROFILE] send_gcode_and_wait: 8.9 ms | SET_DUAL_CARRIAGE CARRIAGE=x2
2026-04-28 14:55:24 [WS PROFILE] send_gcode_and_wait: 6.7 ms | SET_DUAL_CARRIAGE CARRIAGE=y2
2026-04-28 14:55:24 [WS PROFILE] select_carriage: 17.5 ms | 1 -> 2
2026-04-28 14:55:24 [WS PROFILE] is_toolhead_moving:get_velocity: 196.3 ms | carriage=2, v=0.0
2026-04-28 14:55:24 [WS PROFILE] is_toolhead_moving: 362.0 ms | moving=False
2026-04-28 14:55:24 [MOVE PROFILE] velocity settle loop took 363.5 ms (0 checks)
2026-04-28 14:55:24 [WS PROFILE] send_gcode_and_wait: 136.0 ms | SET_DUAL_CARRIAGE CARRIAGE=x
2026-04-28 14:55:24 [WS PROFILE] send_gcode_and_wait: 9.3 ms | SET_DUAL_CARRIAGE CARRIAGE=y
2026-04-28 14:55:24 [WS PROFILE] select_carriage: 149.5 ms | 2 -> 1
2026-04-28 14:55:24 [WS PROFILE] send_gcode_and_wait: 14.2 ms | SET_DUAL_CARRIAGE CARRIAGE=x2
2026-04-28 14:55:24 [WS PROFILE] send_gcode_and_wait: 6.3 ms | SET_DUAL_CARRIAGE CARRIAGE=y2
2026-04-28 14:55:24 [WS PROFILE] select_carriage: 22.0 ms | 1 -> 2
2026-04-28 14:55:25 [WS PROFILE] get_z_positions: 239.2 ms | z1=25.0, z2=11.799999999999883
2026-04-28 14:55:25 [WS PROFILE] get_position: 720.6 ms | x1=0.0 y1=0.5 z1=25.0 x2=711.31 y2=-13.4 z2=11.799999999999883
2026-04-28 14:55:25 [MOVE PROFILE] z convergence loop took 722.4 ms (1 checks)
2026-04-28 14:55:25 [WS PROFILE] send_gcode_and_wait: 10.9 ms | SET_DUAL_CARRIAGE CARRIAGE=x
2026-04-28 14:55:25 [WS PROFILE] send_gcode_and_wait: 7.4 ms | SET_DUAL_CARRIAGE CARRIAGE=y
2026-04-28 14:55:25 [WS PROFILE] select_carriage: 21.1 ms | 2 -> 1
2026-04-28 14:55:25 [WS PROFILE] send_gcode_and_wait: 9.5 ms | SET_DUAL_CARRIAGE CARRIAGE=x2
2026-04-28 14:55:25 [WS PROFILE] send_gcode_and_wait: 6.4 ms | SET_DUAL_CARRIAGE CARRIAGE=y2
2026-04-28 14:55:25 [WS PROFILE] select_carriage: 17.3 ms | 1 -> 2
2026-04-28 14:55:25 [WS PROFILE] get_z_positions: 250.9 ms | z1=25.0, z2=11.799999999999883
2026-04-28 14:55:25 [WS PROFILE] get_position: 751.4 ms | x1=0.0 y1=0.5 z1=25.0 x2=711.31 y2=-13.4 z2=11.799999999999883
2026-04-28 14:55:25 [MOVE PROFILE] verify_mov took 753.3 ms
2026-04-28 14:55:25 [MOVE PROFILE] total move() time 2313.5 ms
2026-04-28 14:55:26 [WS PROFILE] send_gcode_and_wait: 8.7 ms | SET_DUAL_CARRIAGE CARRIAGE=x2
2026-04-28 14:55:26 [WS PROFILE] send_gcode_and_wait: 6.0 ms | SET_DUAL_CARRIAGE CARRIAGE=y2
2026-04-28 14:55:26 [WS PROFILE] select_carriage: 16.6 ms | 2 -> 2
2026-04-28 14:55:26 [MOVE PROFILE] queue carriage2 cmd took 17.5 ms
2026-04-28 14:55:26 [WS PROFILE] send_gcode_and_wait: 314.8 ms | M400
2026-04-28 14:55:26 [WS PROFILE] wait_for_moves: 315.6 ms
2026-04-28 14:55:26 [MOVE PROFILE] wait_for_moves took 316.4 ms
2026-04-28 14:55:26 [WS PROFILE] send_gcode_and_wait: 11.2 ms | SET_DUAL_CARRIAGE CARRIAGE=x
2026-04-28 14:55:26 [WS PROFILE] send_gcode_and_wait: 6.8 ms | SET_DUAL_CARRIAGE CARRIAGE=y
2026-04-28 14:55:26 [WS PROFILE] select_carriage: 19.3 ms | 2 -> 1
2026-04-28 14:55:26 [WS PROFILE] is_toolhead_moving:get_velocity: 207.0 ms | carriage=1, v=0.0
2026-04-28 14:55:26 [WS PROFILE] send_gcode_and_wait: 10.6 ms | SET_DUAL_CARRIAGE CARRIAGE=x2
2026-04-28 14:55:26 [WS PROFILE] send_gcode_and_wait: 7.2 ms | SET_DUAL_CARRIAGE CARRIAGE=y2
2026-04-28 14:55:26 [WS PROFILE] select_carriage: 19.2 ms | 1 -> 2
2026-04-28 14:55:26 [WS PROFILE] is_toolhead_moving:get_velocity: 250.1 ms | carriage=2, v=0.0
2026-04-28 14:55:26 [WS PROFILE] is_toolhead_moving: 460.9 ms | moving=False
2026-04-28 14:55:26 [MOVE PROFILE] velocity settle loop took 462.5 ms (0 checks)
2026-04-28 14:55:26 [WS PROFILE] send_gcode_and_wait: 9.3 ms | SET_DUAL_CARRIAGE CARRIAGE=x
2026-04-28 14:55:26 [WS PROFILE] send_gcode_and_wait: 9.6 ms | SET_DUAL_CARRIAGE CARRIAGE=y
2026-04-28 14:55:26 [WS PROFILE] select_carriage: 20.6 ms | 2 -> 1
2026-04-28 14:55:27 [WS PROFILE] send_gcode_and_wait: 10.2 ms | SET_DUAL_CARRIAGE CARRIAGE=x2
2026-04-28 14:55:27 [WS PROFILE] send_gcode_and_wait: 6.7 ms | SET_DUAL_CARRIAGE CARRIAGE=y2
2026-04-28 14:55:27 [WS PROFILE] select_carriage: 20.3 ms | 1 -> 2
2026-04-28 14:55:27 [WS PROFILE] get_z_positions: 249.8 ms | z1=25.0, z2=11.899999999999885
2026-04-28 14:55:27 [WS PROFILE] get_position: 746.9 ms | x1=0.0 y1=0.5 z1=25.0 x2=711.31 y2=-13.4 z2=11.899999999999885
2026-04-28 14:55:27 [MOVE PROFILE] z convergence loop took 748.9 ms (1 checks)
2026-04-28 14:55:27 [WS PROFILE] send_gcode_and_wait: 10.7 ms | SET_DUAL_CARRIAGE CARRIAGE=x
2026-04-28 14:55:27 [WS PROFILE] send_gcode_and_wait: 7.0 ms | SET_DUAL_CARRIAGE CARRIAGE=y
2026-04-28 14:55:27 [WS PROFILE] select_carriage: 21.7 ms | 2 -> 1
2026-04-28 14:55:27 [WS PROFILE] send_gcode_and_wait: 10.4 ms | SET_DUAL_CARRIAGE CARRIAGE=x2
2026-04-28 14:55:27 [WS PROFILE] send_gcode_and_wait: 8.7 ms | SET_DUAL_CARRIAGE CARRIAGE=y2
2026-04-28 14:55:27 [WS PROFILE] select_carriage: 20.8 ms | 1 -> 2
2026-04-28 14:55:28 [WS PROFILE] get_z_positions: 250.7 ms | z1=25.0, z2=11.899999999999885
2026-04-28 14:55:28 [WS PROFILE] get_position: 749.9 ms | x1=0.0 y1=0.5 z1=25.0 x2=711.31 y2=-13.4 z2=11.899999999999885
2026-04-28 14:55:28 [MOVE PROFILE] verify_mov took 752.0 ms
2026-04-28 14:55:28 [MOVE PROFILE] total move() time 2303.1 ms
2026-04-28 14:55:28 [WS PROFILE] send_gcode_and_wait: 13.0 ms | SET_DUAL_CARRIAGE CARRIAGE=x2
2026-04-28 14:55:28 [WS PROFILE] send_gcode_and_wait: 6.3 ms | SET_DUAL_CARRIAGE CARRIAGE=y2
2026-04-28 14:55:28 [WS PROFILE] select_carriage: 22.2 ms | 2 -> 2
2026-04-28 14:55:28 [MOVE PROFILE] queue carriage2 cmd took 25.2 ms
2026-04-28 14:55:28 [WS PROFILE] send_gcode_and_wait: 314.4 ms | M400
2026-04-28 14:55:28 [WS PROFILE] wait_for_moves: 315.2 ms
2026-04-28 14:55:28 [MOVE PROFILE] wait_for_moves took 315.8 ms
2026-04-28 14:55:28 [WS PROFILE] send_gcode_and_wait: 14.1 ms | SET_DUAL_CARRIAGE CARRIAGE=x
2026-04-28 14:55:28 [WS PROFILE] send_gcode_and_wait: 6.7 ms | SET_DUAL_CARRIAGE CARRIAGE=y
2026-04-28 14:55:28 [WS PROFILE] select_carriage: 22.2 ms | 2 -> 1
2026-04-28 14:55:29 [WS PROFILE] is_toolhead_moving:get_velocity: 213.4 ms | carriage=1, v=0.0
2026-04-28 14:55:29 [WS PROFILE] send_gcode_and_wait: 10.1 ms | SET_DUAL_CARRIAGE CARRIAGE=x2
2026-04-28 14:55:29 [WS PROFILE] send_gcode_and_wait: 7.6 ms | SET_DUAL_CARRIAGE CARRIAGE=y2
2026-04-28 14:55:29 [WS PROFILE] select_carriage: 20.0 ms | 1 -> 2
2026-04-28 14:55:29 [WS PROFILE] is_toolhead_moving:get_velocity: 249.8 ms | carriage=2, v=0.0
2026-04-28 14:55:29 [WS PROFILE] is_toolhead_moving: 467.0 ms | moving=False
2026-04-28 14:55:29 [MOVE PROFILE] velocity settle loop took 468.9 ms (0 checks)
2026-04-28 14:55:29 [WS PROFILE] send_gcode_and_wait: 11.6 ms | SET_DUAL_CARRIAGE CARRIAGE=x
2026-04-28 14:55:29 [WS PROFILE] send_gcode_and_wait: 8.7 ms | SET_DUAL_CARRIAGE CARRIAGE=y
2026-04-28 14:55:29 [WS PROFILE] select_carriage: 22.5 ms | 2 -> 1
2026-04-28 14:55:29 [WS PROFILE] send_gcode_and_wait: 11.4 ms | SET_DUAL_CARRIAGE CARRIAGE=x2
2026-04-28 14:55:29 [WS PROFILE] send_gcode_and_wait: 8.0 ms | SET_DUAL_CARRIAGE CARRIAGE=y2
2026-04-28 14:55:29 [WS PROFILE] select_carriage: 21.0 ms | 1 -> 2
2026-04-28 14:55:30 [WS PROFILE] get_z_positions: 246.4 ms | z1=25.0, z2=11.999999999999886
2026-04-28 14:55:30 [WS PROFILE] get_position: 745.1 ms | x1=0.0 y1=0.5 z1=25.0 x2=711.31 y2=-13.4 z2=11.999999999999886
2026-04-28 14:55:30 [MOVE PROFILE] z convergence loop took 747.0 ms (1 checks)
2026-04-28 14:55:30 [WS PROFILE] send_gcode_and_wait: 8.7 ms | SET_DUAL_CARRIAGE CARRIAGE=x
2026-04-28 14:55:30 [WS PROFILE] send_gcode_and_wait: 12.5 ms | SET_DUAL_CARRIAGE CARRIAGE=y
2026-04-28 14:55:30 [WS PROFILE] select_carriage: 25.0 ms | 2 -> 1
2026-04-28 14:55:30 [WS PROFILE] send_gcode_and_wait: 11.4 ms | SET_DUAL_CARRIAGE CARRIAGE=x2
2026-04-28 14:55:30 [WS PROFILE] send_gcode_and_wait: 16.5 ms | SET_DUAL_CARRIAGE CARRIAGE=y2
2026-04-28 14:55:30 [WS PROFILE] select_carriage: 29.3 ms | 1 -> 2
2026-04-28 14:55:30 [WS PROFILE] get_z_positions: 250.2 ms | z1=25.0, z2=11.999999999999886
2026-04-28 14:55:30 [WS PROFILE] get_position: 750.2 ms | x1=0.0 y1=0.5 z1=25.0 x2=711.31 y2=-13.4 z2=11.999999999999886
2026-04-28 14:55:30 [MOVE PROFILE] verify_mov took 751.3 ms
2026-04-28 14:55:30 [MOVE PROFILE] total move() time 2315.6 ms
2026-04-28 14:55:31 [WS PROFILE] send_gcode_and_wait: 9.2 ms | SET_DUAL_CARRIAGE CARRIAGE=x2
2026-04-28 14:55:31 [WS PROFILE] send_gcode_and_wait: 5.8 ms | SET_DUAL_CARRIAGE CARRIAGE=y2
2026-04-28 14:55:31 [WS PROFILE] select_carriage: 16.8 ms | 2 -> 2
2026-04-28 14:55:31 [MOVE PROFILE] queue carriage2 cmd took 17.9 ms
2026-04-28 14:55:31 [WS PROFILE] send_gcode_and_wait: 313.8 ms | M400
2026-04-28 14:55:31 [WS PROFILE] wait_for_moves: 314.6 ms
2026-04-28 14:55:31 [MOVE PROFILE] wait_for_moves took 315.2 ms
2026-04-28 14:55:31 [WS PROFILE] send_gcode_and_wait: 9.2 ms | SET_DUAL_CARRIAGE CARRIAGE=x
2026-04-28 14:55:31 [WS PROFILE] send_gcode_and_wait: 13.4 ms | SET_DUAL_CARRIAGE CARRIAGE=y
2026-04-28 14:55:31 [WS PROFILE] select_carriage: 24.3 ms | 2 -> 1
2026-04-28 14:55:31 [WS PROFILE] is_toolhead_moving:get_velocity: 222.0 ms | carriage=1, v=0.0
2026-04-28 14:55:31 [WS PROFILE] send_gcode_and_wait: 14.3 ms | SET_DUAL_CARRIAGE CARRIAGE=x2
2026-04-28 14:55:31 [WS PROFILE] send_gcode_and_wait: 7.6 ms | SET_DUAL_CARRIAGE CARRIAGE=y2
2026-04-28 14:55:31 [WS PROFILE] select_carriage: 24.2 ms | 1 -> 2
2026-04-28 14:55:31 [WS PROFILE] is_toolhead_moving:get_velocity: 251.4 ms | carriage=2, v=0.0
2026-04-28 14:55:31 [WS PROFILE] is_toolhead_moving: 476.0 ms | moving=False
2026-04-28 14:55:31 [MOVE PROFILE] velocity settle loop took 477.7 ms (0 checks)
2026-04-28 14:55:31 [WS PROFILE] send_gcode_and_wait: 9.5 ms | SET_DUAL_CARRIAGE CARRIAGE=x
2026-04-28 14:55:31 [WS PROFILE] send_gcode_and_wait: 8.3 ms | SET_DUAL_CARRIAGE CARRIAGE=y
2026-04-28 14:55:31 [WS PROFILE] select_carriage: 21.0 ms | 2 -> 1
2026-04-28 14:55:32 [WS PROFILE] send_gcode_and_wait: 11.1 ms | SET_DUAL_CARRIAGE CARRIAGE=x2
2026-04-28 14:55:32 [WS PROFILE] send_gcode_and_wait: 7.0 ms | SET_DUAL_CARRIAGE CARRIAGE=y2
2026-04-28 14:55:32 [WS PROFILE] select_carriage: 20.0 ms | 1 -> 2
2026-04-28 14:55:32 [WS PROFILE] get_z_positions: 250.2 ms | z1=25.0, z2=12.099999999999888
2026-04-28 14:55:32 [WS PROFILE] get_position: 744.3 ms | x1=0.0 y1=0.5 z1=25.0 x2=711.31 y2=-13.4 z2=12.099999999999888
2026-04-28 14:55:32 [MOVE PROFILE] z convergence loop took 744.9 ms (1 checks)
2026-04-28 14:55:32 [WS PROFILE] send_gcode_and_wait: 10.4 ms | SET_DUAL_CARRIAGE CARRIAGE=x
2026-04-28 14:55:32 [WS PROFILE] send_gcode_and_wait: 7.7 ms | SET_DUAL_CARRIAGE CARRIAGE=y
2026-04-28 14:55:32 [WS PROFILE] select_carriage: 20.1 ms | 2 -> 1
2026-04-28 14:55:32 [WS PROFILE] send_gcode_and_wait: 10.5 ms | SET_DUAL_CARRIAGE CARRIAGE=x2
2026-04-28 14:55:32 [WS PROFILE] send_gcode_and_wait: 7.4 ms | SET_DUAL_CARRIAGE CARRIAGE=y2
2026-04-28 14:55:32 [WS PROFILE] select_carriage: 20.4 ms | 1 -> 2
2026-04-28 14:55:33 [WS PROFILE] get_z_positions: 250.8 ms | z1=25.0, z2=12.099999999999888
2026-04-28 14:55:33 [WS PROFILE] get_position: 752.1 ms | x1=0.0 y1=0.5 z1=25.0 x2=711.31 y2=-13.4 z2=12.099999999999888
2026-04-28 14:55:33 [MOVE PROFILE] verify_mov took 752.7 ms
2026-04-28 14:55:33 [MOVE PROFILE] total move() time 2313.0 ms
2026-04-28 14:55:33 [WS PROFILE] send_gcode_and_wait: 31.7 ms | SET_DUAL_CARRIAGE CARRIAGE=x2
2026-04-28 14:55:33 [WS PROFILE] send_gcode_and_wait: 6.5 ms | SET_DUAL_CARRIAGE CARRIAGE=y2
2026-04-28 14:55:33 [WS PROFILE] select_carriage: 39.5 ms | 2 -> 2
2026-04-28 14:55:33 [MOVE PROFILE] queue carriage2 cmd took 40.6 ms
2026-04-28 14:55:33 [WS PROFILE] send_gcode_and_wait: 315.2 ms | M400
2026-04-28 14:55:33 [WS PROFILE] wait_for_moves: 316.1 ms
2026-04-28 14:55:33 [MOVE PROFILE] wait_for_moves took 316.9 ms
2026-04-28 14:55:33 [WS PROFILE] send_gcode_and_wait: 9.7 ms | SET_DUAL_CARRIAGE CARRIAGE=x
2026-04-28 14:55:33 [WS PROFILE] send_gcode_and_wait: 6.3 ms | SET_DUAL_CARRIAGE CARRIAGE=y
2026-04-28 14:55:33 [WS PROFILE] select_carriage: 18.4 ms | 2 -> 1
2026-04-28 14:55:34 [WS PROFILE] is_toolhead_moving:get_velocity: 200.7 ms | carriage=1, v=0.0
2026-04-28 14:55:34 [WS PROFILE] send_gcode_and_wait: 10.4 ms | SET_DUAL_CARRIAGE CARRIAGE=x2
2026-04-28 14:55:34 [WS PROFILE] send_gcode_and_wait: 14.5 ms | SET_DUAL_CARRIAGE CARRIAGE=y2
2026-04-28 14:55:34 [WS PROFILE] select_carriage: 26.5 ms | 1 -> 2
2026-04-28 14:55:34 [WS PROFILE] is_toolhead_moving:get_velocity: 251.7 ms | carriage=2, v=0.0
2026-04-28 14:55:34 [WS PROFILE] is_toolhead_moving: 455.5 ms | moving=False
2026-04-28 14:55:34 [MOVE PROFILE] velocity settle loop took 456.5 ms (0 checks)
2026-04-28 14:55:34 [WS PROFILE] send_gcode_and_wait: 10.7 ms | SET_DUAL_CARRIAGE CARRIAGE=x
2026-04-28 14:55:34 [WS PROFILE] send_gcode_and_wait: 6.8 ms | SET_DUAL_CARRIAGE CARRIAGE=y
2026-04-28 14:55:34 [WS PROFILE] select_carriage: 19.3 ms | 2 -> 1
2026-04-28 14:55:34 [WS PROFILE] send_gcode_and_wait: 10.8 ms | SET_DUAL_CARRIAGE CARRIAGE=x2
2026-04-28 14:55:34 [WS PROFILE] send_gcode_and_wait: 226.7 ms | SET_DUAL_CARRIAGE CARRIAGE=y2
2026-04-28 14:55:34 [WS PROFILE] select_carriage: 239.6 ms | 1 -> 2
2026-04-28 14:55:35 [WS PROFILE] get_z_positions: 253.0 ms | z1=25.0, z2=12.19999999999989
2026-04-28 14:55:35 [WS PROFILE] get_position: 1002.3 ms | x1=0.0 y1=0.5 z1=25.0 x2=711.31 y2=-13.4 z2=12.19999999999989
2026-04-28 14:55:35 [MOVE PROFILE] z convergence loop took 1002.8 ms (1 checks)
2026-04-28 14:55:35 [WS PROFILE] send_gcode_and_wait: 10.5 ms | SET_DUAL_CARRIAGE CARRIAGE=x
2026-04-28 14:55:35 [WS PROFILE] send_gcode_and_wait: 8.0 ms | SET_DUAL_CARRIAGE CARRIAGE=y
2026-04-28 14:55:35 [WS PROFILE] select_carriage: 20.6 ms | 2 -> 1
2026-04-28 14:55:35 [WS PROFILE] send_gcode_and_wait: 10.9 ms | SET_DUAL_CARRIAGE CARRIAGE=x2
2026-04-28 14:55:35 [WS PROFILE] send_gcode_and_wait: 7.4 ms | SET_DUAL_CARRIAGE CARRIAGE=y2
2026-04-28 14:55:35 [WS PROFILE] select_carriage: 20.3 ms | 1 -> 2
2026-04-28 14:55:36 [WS PROFILE] get_z_positions: 249.7 ms | z1=25.0, z2=12.19999999999989
2026-04-28 14:55:36 [WS PROFILE] get_position: 749.3 ms | x1=0.0 y1=0.5 z1=25.0 x2=711.31 y2=-13.4 z2=12.19999999999989
2026-04-28 14:55:36 [MOVE PROFILE] verify_mov took 750.3 ms
2026-04-28 14:55:36 [MOVE PROFILE] total move() time 2572.7 ms
2026-04-28 14:55:36 [WS PROFILE] send_gcode_and_wait: 13.8 ms | SET_DUAL_CARRIAGE CARRIAGE=x2
2026-04-28 14:55:36 [WS PROFILE] send_gcode_and_wait: 10.3 ms | SET_DUAL_CARRIAGE CARRIAGE=y2
2026-04-28 14:55:36 [WS PROFILE] select_carriage: 26.0 ms | 2 -> 2
2026-04-28 14:55:36 [MOVE PROFILE] queue carriage2 cmd took 27.1 ms
2026-04-28 14:55:36 [WS PROFILE] send_gcode_and_wait: 318.0 ms | M400
2026-04-28 14:55:36 [WS PROFILE] wait_for_moves: 318.8 ms
2026-04-28 14:55:36 [MOVE PROFILE] wait_for_moves took 319.6 ms
2026-04-28 14:55:36 [WS PROFILE] send_gcode_and_wait: 11.1 ms | SET_DUAL_CARRIAGE CARRIAGE=x
2026-04-28 14:55:36 [WS PROFILE] send_gcode_and_wait: 8.8 ms | SET_DUAL_CARRIAGE CARRIAGE=y
2026-04-28 14:55:36 [WS PROFILE] select_carriage: 22.3 ms | 2 -> 1
2026-04-28 14:55:36 [WS PROFILE] is_toolhead_moving:get_velocity: 208.1 ms | carriage=1, v=0.0
2026-04-28 14:55:36 [WS PROFILE] send_gcode_and_wait: 10.9 ms | SET_DUAL_CARRIAGE CARRIAGE=x2
2026-04-28 14:55:36 [WS PROFILE] send_gcode_and_wait: 8.3 ms | SET_DUAL_CARRIAGE CARRIAGE=y2
2026-04-28 14:55:36 [WS PROFILE] select_carriage: 21.8 ms | 1 -> 2
2026-04-28 14:55:37 [WS PROFILE] is_toolhead_moving:get_velocity: 248.4 ms | carriage=2, v=0.0
2026-04-28 14:55:37 [WS PROFILE] is_toolhead_moving: 459.8 ms | moving=False
2026-04-28 14:55:37 [MOVE PROFILE] velocity settle loop took 461.4 ms (0 checks)
2026-04-28 14:55:37 [WS PROFILE] send_gcode_and_wait: 10.1 ms | SET_DUAL_CARRIAGE CARRIAGE=x
2026-04-28 14:55:37 [WS PROFILE] send_gcode_and_wait: 18.0 ms | SET_DUAL_CARRIAGE CARRIAGE=y
2026-04-28 14:55:37 [WS PROFILE] select_carriage: 30.5 ms | 2 -> 1
2026-04-28 14:55:37 [WS PROFILE] send_gcode_and_wait: 11.7 ms | SET_DUAL_CARRIAGE CARRIAGE=x2
2026-04-28 14:55:37 [WS PROFILE] send_gcode_and_wait: 8.0 ms | SET_DUAL_CARRIAGE CARRIAGE=y2
2026-04-28 14:55:37 [WS PROFILE] select_carriage: 21.9 ms | 1 -> 2
2026-04-28 14:55:37 [WS PROFILE] get_z_positions: 249.6 ms | z1=25.0, z2=12.29999999999989
2026-04-28 14:55:37 [WS PROFILE] get_position: 748.3 ms | x1=0.0 y1=0.5 z1=25.0 x2=711.31 y2=-13.4 z2=12.29999999999989
2026-04-28 14:55:37 [MOVE PROFILE] z convergence loop took 749.6 ms (1 checks)
2026-04-28 14:55:37 [WS PROFILE] send_gcode_and_wait: 11.8 ms | SET_DUAL_CARRIAGE CARRIAGE=x
2026-04-28 14:55:37 [WS PROFILE] send_gcode_and_wait: 16.8 ms | SET_DUAL_CARRIAGE CARRIAGE=y
2026-04-28 14:55:37 [WS PROFILE] select_carriage: 31.2 ms | 2 -> 1
2026-04-28 14:55:38 [WS PROFILE] send_gcode_and_wait: 10.6 ms | SET_DUAL_CARRIAGE CARRIAGE=x2
2026-04-28 14:55:38 [WS PROFILE] send_gcode_and_wait: 6.9 ms | SET_DUAL_CARRIAGE CARRIAGE=y2
2026-04-28 14:55:38 [WS PROFILE] select_carriage: 18.8 ms | 1 -> 2
2026-04-28 14:55:38 [WS PROFILE] get_z_positions: 250.7 ms | z1=25.0, z2=12.29999999999989
2026-04-28 14:55:38 [WS PROFILE] get_position: 748.1 ms | x1=0.0 y1=0.5 z1=25.0 x2=711.31 y2=-13.4 z2=12.29999999999989
2026-04-28 14:55:38 [MOVE PROFILE] verify_mov took 748.8 ms
2026-04-28 14:55:38 [MOVE PROFILE] total move() time 2311.7 ms
2026-04-28 14:55:38 [WS PROFILE] send_gcode_and_wait: 13.4 ms | SET_DUAL_CARRIAGE CARRIAGE=x2
2026-04-28 14:55:38 [WS PROFILE] send_gcode_and_wait: 6.3 ms | SET_DUAL_CARRIAGE CARRIAGE=y2
2026-04-28 14:55:38 [WS PROFILE] select_carriage: 21.2 ms | 2 -> 2
2026-04-28 14:55:38 [MOVE PROFILE] queue carriage2 cmd took 22.3 ms
2026-04-28 14:55:39 [WS PROFILE] send_gcode_and_wait: 317.6 ms | M400
2026-04-28 14:55:39 [WS PROFILE] wait_for_moves: 318.3 ms
2026-04-28 14:55:39 [MOVE PROFILE] wait_for_moves took 318.9 ms
2026-04-28 14:55:39 [WS PROFILE] send_gcode_and_wait: 11.2 ms | SET_DUAL_CARRIAGE CARRIAGE=x
2026-04-28 14:55:39 [WS PROFILE] send_gcode_and_wait: 7.2 ms | SET_DUAL_CARRIAGE CARRIAGE=y
2026-04-28 14:55:39 [WS PROFILE] select_carriage: 20.6 ms | 2 -> 1
2026-04-28 14:55:39 [WS PROFILE] is_toolhead_moving:get_velocity: 209.6 ms | carriage=1, v=0.0
2026-04-28 14:55:39 [WS PROFILE] send_gcode_and_wait: 11.3 ms | SET_DUAL_CARRIAGE CARRIAGE=x2
2026-04-28 14:55:39 [WS PROFILE] send_gcode_and_wait: 7.2 ms | SET_DUAL_CARRIAGE CARRIAGE=y2
2026-04-28 14:55:39 [WS PROFILE] select_carriage: 20.9 ms | 1 -> 2
2026-04-28 14:55:39 [WS PROFILE] is_toolhead_moving:get_velocity: 249.9 ms | carriage=2, v=0.0
2026-04-28 14:55:39 [WS PROFILE] is_toolhead_moving: 461.0 ms | moving=False
2026-04-28 14:55:39 [MOVE PROFILE] velocity settle loop took 461.6 ms (0 checks)
2026-04-28 14:55:39 [WS PROFILE] send_gcode_and_wait: 11.0 ms | SET_DUAL_CARRIAGE CARRIAGE=x
2026-04-28 14:55:39 [WS PROFILE] send_gcode_and_wait: 8.1 ms | SET_DUAL_CARRIAGE CARRIAGE=y
2026-04-28 14:55:39 [WS PROFILE] select_carriage: 21.0 ms | 2 -> 1
2026-04-28 14:55:39 [WS PROFILE] send_gcode_and_wait: 10.4 ms | SET_DUAL_CARRIAGE CARRIAGE=x2
2026-04-28 14:55:39 [WS PROFILE] send_gcode_and_wait: 7.1 ms | SET_DUAL_CARRIAGE CARRIAGE=y2
2026-04-28 14:55:39 [WS PROFILE] select_carriage: 19.1 ms | 1 -> 2
2026-04-28 14:55:40 [WS PROFILE] get_z_positions: 250.4 ms | z1=25.0, z2=12.399999999999892
2026-04-28 14:55:40 [WS PROFILE] get_position: 751.9 ms | x1=0.0 y1=0.5 z1=25.0 x2=711.31 y2=-13.4 z2=12.399999999999892
2026-04-28 14:55:40 [MOVE PROFILE] z convergence loop took 752.5 ms (1 checks)
2026-04-28 14:55:40 [WS PROFILE] send_gcode_and_wait: 11.0 ms | SET_DUAL_CARRIAGE CARRIAGE=x
2026-04-28 14:55:40 [WS PROFILE] send_gcode_and_wait: 8.5 ms | SET_DUAL_CARRIAGE CARRIAGE=y
2026-04-28 14:55:40 [WS PROFILE] select_carriage: 20.7 ms | 2 -> 1
2026-04-28 14:55:40 [WS PROFILE] send_gcode_and_wait: 11.1 ms | SET_DUAL_CARRIAGE CARRIAGE=x2
2026-04-28 14:55:40 [WS PROFILE] send_gcode_and_wait: 7.0 ms | SET_DUAL_CARRIAGE CARRIAGE=y2
2026-04-28 14:55:40 [WS PROFILE] select_carriage: 19.9 ms | 1 -> 2
2026-04-28 14:55:41 [WS PROFILE] get_z_positions: 250.7 ms | z1=25.0, z2=12.399999999999892
2026-04-28 14:55:41 [WS PROFILE] get_position: 751.3 ms | x1=0.0 y1=0.5 z1=25.0 x2=711.31 y2=-13.4 z2=12.399999999999892
2026-04-28 14:55:41 [MOVE PROFILE] verify_mov took 753.1 ms
2026-04-28 14:55:41 [MOVE PROFILE] total move() time 2312.7 ms
2026-04-28 14:55:41 [WS PROFILE] send_gcode_and_wait: 13.9 ms | SET_DUAL_CARRIAGE CARRIAGE=x2
2026-04-28 14:55:41 [WS PROFILE] send_gcode_and_wait: 6.7 ms | SET_DUAL_CARRIAGE CARRIAGE=y2
2026-04-28 14:55:41 [WS PROFILE] select_carriage: 22.8 ms | 2 -> 2
2026-04-28 14:55:41 [MOVE PROFILE] queue carriage2 cmd took 23.7 ms
2026-04-28 14:55:41 [WS PROFILE] send_gcode_and_wait: 315.4 ms | M400
2026-04-28 14:55:41 [WS PROFILE] wait_for_moves: 316.3 ms
2026-04-28 14:55:41 [MOVE PROFILE] wait_for_moves took 317.1 ms
2026-04-28 14:55:41 [WS PROFILE] send_gcode_and_wait: 9.9 ms | SET_DUAL_CARRIAGE CARRIAGE=x
2026-04-28 14:55:41 [WS PROFILE] send_gcode_and_wait: 8.0 ms | SET_DUAL_CARRIAGE CARRIAGE=y
2026-04-28 14:55:41 [WS PROFILE] select_carriage: 20.0 ms | 2 -> 1
2026-04-28 14:55:41 [WS PROFILE] is_toolhead_moving:get_velocity: 230.2 ms | carriage=1, v=0.0
2026-04-28 14:55:41 [WS PROFILE] send_gcode_and_wait: 9.6 ms | SET_DUAL_CARRIAGE CARRIAGE=x2
2026-04-28 14:55:41 [WS PROFILE] send_gcode_and_wait: 8.7 ms | SET_DUAL_CARRIAGE CARRIAGE=y2
2026-04-28 14:55:41 [WS PROFILE] select_carriage: 20.2 ms | 1 -> 2
2026-04-28 14:55:42 [WS PROFILE] is_toolhead_moving:get_velocity: 249.5 ms | carriage=2, v=0.0
2026-04-28 14:55:42 [WS PROFILE] is_toolhead_moving: 482.3 ms | moving=False
2026-04-28 14:55:42 [MOVE PROFILE] velocity settle loop took 483.0 ms (0 checks)
2026-04-28 14:55:42 [WS PROFILE] send_gcode_and_wait: 10.6 ms | SET_DUAL_CARRIAGE CARRIAGE=x
2026-04-28 14:55:42 [WS PROFILE] send_gcode_and_wait: 10.1 ms | SET_DUAL_CARRIAGE CARRIAGE=y
2026-04-28 14:55:42 [WS PROFILE] select_carriage: 23.0 ms | 2 -> 1
2026-04-28 14:55:42 [WS PROFILE] send_gcode_and_wait: 10.2 ms | SET_DUAL_CARRIAGE CARRIAGE=x2
2026-04-28 14:55:42 [WS PROFILE] send_gcode_and_wait: 6.9 ms | SET_DUAL_CARRIAGE CARRIAGE=y2
2026-04-28 14:55:42 [WS PROFILE] select_carriage: 19.1 ms | 1 -> 2
2026-04-28 14:55:42 [WS PROFILE] get_z_positions: 252.6 ms | z1=25.0, z2=12.499999999999893
2026-04-28 14:55:42 [WS PROFILE] get_position: 754.6 ms | x1=0.0 y1=0.5 z1=25.0 x2=711.31 y2=-13.4 z2=12.499999999999893
2026-04-28 14:55:42 [MOVE PROFILE] z convergence loop took 756.4 ms (1 checks)
2026-04-28 14:55:42 [WS PROFILE] send_gcode_and_wait: 12.2 ms | SET_DUAL_CARRIAGE CARRIAGE=x
2026-04-28 14:55:42 [WS PROFILE] send_gcode_and_wait: 7.4 ms | SET_DUAL_CARRIAGE CARRIAGE=y
2026-04-28 14:55:42 [WS PROFILE] select_carriage: 21.3 ms | 2 -> 1
2026-04-28 14:55:43 [WS PROFILE] send_gcode_and_wait: 10.7 ms | SET_DUAL_CARRIAGE CARRIAGE=x2
2026-04-28 14:55:43 [WS PROFILE] send_gcode_and_wait: 7.1 ms | SET_DUAL_CARRIAGE CARRIAGE=y2
2026-04-28 14:55:43 [WS PROFILE] select_carriage: 20.1 ms | 1 -> 2
2026-04-28 14:55:43 [WS PROFILE] get_z_positions: 250.3 ms | z1=25.0, z2=12.499999999999893
2026-04-28 14:55:43 [WS PROFILE] get_position: 745.5 ms | x1=0.0 y1=0.5 z1=25.0 x2=711.31 y2=-13.4 z2=12.499999999999893
2026-04-28 14:55:43 [MOVE PROFILE] verify_mov took 746.3 ms
2026-04-28 14:55:43 [MOVE PROFILE] total move() time 2331.1 ms
2026-04-28 14:55:43 [WS PROFILE] send_gcode_and_wait: 14.4 ms | SET_DUAL_CARRIAGE CARRIAGE=x2
2026-04-28 14:55:43 [WS PROFILE] send_gcode_and_wait: 9.5 ms | SET_DUAL_CARRIAGE CARRIAGE=y2
2026-04-28 14:55:43 [WS PROFILE] select_carriage: 27.5 ms | 2 -> 2
2026-04-28 14:55:43 [MOVE PROFILE] queue carriage2 cmd took 29.9 ms
2026-04-28 14:55:44 [WS PROFILE] send_gcode_and_wait: 319.0 ms | M400
2026-04-28 14:55:44 [WS PROFILE] wait_for_moves: 319.9 ms
2026-04-28 14:55:44 [MOVE PROFILE] wait_for_moves took 320.5 ms
2026-04-28 14:55:44 [WS PROFILE] send_gcode_and_wait: 10.2 ms | SET_DUAL_CARRIAGE CARRIAGE=x
2026-04-28 14:55:44 [WS PROFILE] send_gcode_and_wait: 8.4 ms | SET_DUAL_CARRIAGE CARRIAGE=y
2026-04-28 14:55:44 [WS PROFILE] select_carriage: 20.4 ms | 2 -> 1
2026-04-28 14:55:44 [WS PROFILE] is_toolhead_moving:get_velocity: 198.9 ms | carriage=1, v=0.0
2026-04-28 14:55:44 [WS PROFILE] send_gcode_and_wait: 10.7 ms | SET_DUAL_CARRIAGE CARRIAGE=x2
2026-04-28 14:55:44 [WS PROFILE] send_gcode_and_wait: 7.8 ms | SET_DUAL_CARRIAGE CARRIAGE=y2
2026-04-28 14:55:44 [WS PROFILE] select_carriage: 20.5 ms | 1 -> 2
2026-04-28 14:55:44 [WS PROFILE] is_toolhead_moving:get_velocity: 250.0 ms | carriage=2, v=0.0
2026-04-28 14:55:44 [WS PROFILE] is_toolhead_moving: 450.6 ms | moving=False
2026-04-28 14:55:44 [MOVE PROFILE] velocity settle loop took 451.3 ms (0 checks)
2026-04-28 14:55:44 [WS PROFILE] send_gcode_and_wait: 28.6 ms | SET_DUAL_CARRIAGE CARRIAGE=x
2026-04-28 14:55:44 [WS PROFILE] send_gcode_and_wait: 6.9 ms | SET_DUAL_CARRIAGE CARRIAGE=y
2026-04-28 14:55:44 [WS PROFILE] select_carriage: 37.5 ms | 2 -> 1
2026-04-28 14:55:44 [WS PROFILE] send_gcode_and_wait: 10.7 ms | SET_DUAL_CARRIAGE CARRIAGE=x2
2026-04-28 14:55:44 [WS PROFILE] send_gcode_and_wait: 7.0 ms | SET_DUAL_CARRIAGE CARRIAGE=y2
2026-04-28 14:55:44 [WS PROFILE] select_carriage: 19.4 ms | 1 -> 2
2026-04-28 14:55:45 [WS PROFILE] get_z_positions: 254.6 ms | z1=25.0, z2=12.599999999999895
2026-04-28 14:55:45 [WS PROFILE] get_position: 752.8 ms | x1=0.0 y1=0.5 z1=25.0 x2=711.31 y2=-13.4 z2=12.599999999999895
2026-04-28 14:55:45 [MOVE PROFILE] z convergence loop took 753.5 ms (1 checks)
2026-04-28 14:55:45 [WS PROFILE] send_gcode_and_wait: 9.9 ms | SET_DUAL_CARRIAGE CARRIAGE=x
2026-04-28 14:55:45 [WS PROFILE] send_gcode_and_wait: 17.6 ms | SET_DUAL_CARRIAGE CARRIAGE=y
2026-04-28 14:55:45 [WS PROFILE] select_carriage: 29.1 ms | 2 -> 1
2026-04-28 14:55:45 [WS PROFILE] send_gcode_and_wait: 10.9 ms | SET_DUAL_CARRIAGE CARRIAGE=x2
2026-04-28 14:55:45 [WS PROFILE] send_gcode_and_wait: 7.0 ms | SET_DUAL_CARRIAGE CARRIAGE=y2
2026-04-28 14:55:45 [WS PROFILE] select_carriage: 19.6 ms | 1 -> 2
2026-04-28 14:55:46 [WS PROFILE] get_z_positions: 250.1 ms | z1=25.0, z2=12.599999999999895
2026-04-28 14:55:46 [WS PROFILE] get_position: 750.5 ms | x1=0.0 y1=0.5 z1=25.0 x2=711.31 y2=-13.4 z2=12.599999999999895
2026-04-28 14:55:46 [MOVE PROFILE] verify_mov took 751.9 ms
2026-04-28 14:55:46 [MOVE PROFILE] total move() time 2311.4 ms
2026-04-28 14:55:46 [WS PROFILE] send_gcode_and_wait: 13.2 ms | SET_DUAL_CARRIAGE CARRIAGE=x2
2026-04-28 14:55:46 [WS PROFILE] send_gcode_and_wait: 13.5 ms | SET_DUAL_CARRIAGE CARRIAGE=y2
2026-04-28 14:55:46 [WS PROFILE] select_carriage: 28.3 ms | 2 -> 2
2026-04-28 14:55:46 [MOVE PROFILE] queue carriage2 cmd took 29.6 ms
2026-04-28 14:55:46 [WS PROFILE] send_gcode_and_wait: 316.3 ms | M400
2026-04-28 14:55:46 [WS PROFILE] wait_for_moves: 317.2 ms
2026-04-28 14:55:46 [MOVE PROFILE] wait_for_moves took 318.0 ms
2026-04-28 14:55:46 [WS PROFILE] send_gcode_and_wait: 11.7 ms | SET_DUAL_CARRIAGE CARRIAGE=x
2026-04-28 14:55:46 [WS PROFILE] send_gcode_and_wait: 13.8 ms | SET_DUAL_CARRIAGE CARRIAGE=y
2026-04-28 14:55:46 [WS PROFILE] select_carriage: 29.4 ms | 2 -> 1
2026-04-28 14:55:46 [WS PROFILE] is_toolhead_moving:get_velocity: 210.9 ms | carriage=1, v=0.0
2026-04-28 14:55:46 [WS PROFILE] send_gcode_and_wait: 10.5 ms | SET_DUAL_CARRIAGE CARRIAGE=x2
2026-04-28 14:55:46 [WS PROFILE] send_gcode_and_wait: 9.0 ms | SET_DUAL_CARRIAGE CARRIAGE=y2
2026-04-28 14:55:46 [WS PROFILE] select_carriage: 22.4 ms | 1 -> 2
2026-04-28 14:55:47 [WS PROFILE] is_toolhead_moving:get_velocity: 248.6 ms | carriage=2, v=0.0
2026-04-28 14:55:47 [WS PROFILE] is_toolhead_moving: 462.0 ms | moving=False
2026-04-28 14:55:47 [MOVE PROFILE] velocity settle loop took 462.6 ms (0 checks)
2026-04-28 14:55:47 [WS PROFILE] send_gcode_and_wait: 9.7 ms | SET_DUAL_CARRIAGE CARRIAGE=x
2026-04-28 14:55:47 [WS PROFILE] send_gcode_and_wait: 6.6 ms | SET_DUAL_CARRIAGE CARRIAGE=y
2026-04-28 14:55:47 [WS PROFILE] select_carriage: 18.3 ms | 2 -> 1
2026-04-28 14:55:47 [WS PROFILE] send_gcode_and_wait: 10.9 ms | SET_DUAL_CARRIAGE CARRIAGE=x2
2026-04-28 14:55:47 [WS PROFILE] send_gcode_and_wait: 10.0 ms | SET_DUAL_CARRIAGE CARRIAGE=y2
2026-04-28 14:55:47 [WS PROFILE] select_carriage: 22.5 ms | 1 -> 2
2026-04-28 14:55:47 [WS PROFILE] get_z_positions: 251.8 ms | z1=25.0, z2=12.699999999999896
2026-04-28 14:55:47 [WS PROFILE] get_position: 752.5 ms | x1=0.0 y1=0.5 z1=25.0 x2=711.31 y2=-13.4 z2=12.699999999999896
2026-04-28 14:55:47 [MOVE PROFILE] z convergence loop took 754.3 ms (1 checks)
2026-04-28 14:55:47 [WS PROFILE] send_gcode_and_wait: 10.2 ms | SET_DUAL_CARRIAGE CARRIAGE=x
2026-04-28 14:55:47 [WS PROFILE] send_gcode_and_wait: 9.0 ms | SET_DUAL_CARRIAGE CARRIAGE=y
2026-04-28 14:55:47 [WS PROFILE] select_carriage: 20.9 ms | 2 -> 1
2026-04-28 14:55:48 [WS PROFILE] send_gcode_and_wait: 11.8 ms | SET_DUAL_CARRIAGE CARRIAGE=x2
2026-04-28 14:55:48 [WS PROFILE] send_gcode_and_wait: 7.2 ms | SET_DUAL_CARRIAGE CARRIAGE=y2
2026-04-28 14:55:48 [WS PROFILE] select_carriage: 21.3 ms | 1 -> 2
2026-04-28 14:55:48 [WS PROFILE] get_z_positions: 249.4 ms | z1=25.0, z2=12.699999999999896
2026-04-28 14:55:48 [WS PROFILE] get_position: 746.7 ms | x1=0.0 y1=0.5 z1=25.0 x2=711.31 y2=-13.4 z2=12.699999999999896
2026-04-28 14:55:48 [MOVE PROFILE] verify_mov took 747.4 ms
2026-04-28 14:55:48 [MOVE PROFILE] total move() time 2317.4 ms
2026-04-28 14:55:48 [WS PROFILE] send_gcode_and_wait: 13.1 ms | SET_DUAL_CARRIAGE CARRIAGE=x2
2026-04-28 14:55:48 [WS PROFILE] send_gcode_and_wait: 7.6 ms | SET_DUAL_CARRIAGE CARRIAGE=y2
2026-04-28 14:55:48 [WS PROFILE] select_carriage: 22.6 ms | 2 -> 2
2026-04-28 14:55:48 [MOVE PROFILE] queue carriage2 cmd took 23.8 ms
2026-04-28 14:55:49 [WS PROFILE] send_gcode_and_wait: 537.3 ms | M400
2026-04-28 14:55:49 [WS PROFILE] wait_for_moves: 538.2 ms
2026-04-28 14:55:49 [MOVE PROFILE] wait_for_moves took 538.8 ms
2026-04-28 14:55:49 [WS PROFILE] send_gcode_and_wait: 10.9 ms | SET_DUAL_CARRIAGE CARRIAGE=x
2026-04-28 14:55:49 [WS PROFILE] send_gcode_and_wait: 14.8 ms | SET_DUAL_CARRIAGE CARRIAGE=y
2026-04-28 14:55:49 [WS PROFILE] select_carriage: 27.1 ms | 2 -> 1
2026-04-28 14:55:49 [WS PROFILE] is_toolhead_moving:get_velocity: 247.3 ms | carriage=1, v=0.0
2026-04-28 14:55:49 [WS PROFILE] send_gcode_and_wait: 11.0 ms | SET_DUAL_CARRIAGE CARRIAGE=x2
2026-04-28 14:55:49 [WS PROFILE] send_gcode_and_wait: 8.0 ms | SET_DUAL_CARRIAGE CARRIAGE=y2
2026-04-28 14:55:49 [WS PROFILE] select_carriage: 20.7 ms | 1 -> 2
2026-04-28 14:55:49 [WS PROFILE] is_toolhead_moving:get_velocity: 257.0 ms | carriage=2, v=0.0
2026-04-28 14:55:49 [WS PROFILE] is_toolhead_moving: 507.2 ms | moving=False
2026-04-28 14:55:49 [MOVE PROFILE] velocity settle loop took 508.8 ms (0 checks)
2026-04-28 14:55:49 [WS PROFILE] send_gcode_and_wait: 16.4 ms | SET_DUAL_CARRIAGE CARRIAGE=x
2026-04-28 14:55:49 [WS PROFILE] send_gcode_and_wait: 6.5 ms | SET_DUAL_CARRIAGE CARRIAGE=y
2026-04-28 14:55:49 [WS PROFILE] select_carriage: 24.7 ms | 2 -> 1
2026-04-28 14:55:50 [WS PROFILE] send_gcode_and_wait: 10.9 ms | SET_DUAL_CARRIAGE CARRIAGE=x2
2026-04-28 14:55:50 [WS PROFILE] send_gcode_and_wait: 6.9 ms | SET_DUAL_CARRIAGE CARRIAGE=y2
2026-04-28 14:55:50 [WS PROFILE] select_carriage: 20.3 ms | 1 -> 2
2026-04-28 14:55:50 [WS PROFILE] get_z_positions: 251.8 ms | z1=25.0, z2=12.799999999999898
2026-04-28 14:55:50 [WS PROFILE] get_position: 742.0 ms | x1=0.0 y1=0.5 z1=25.0 x2=711.31 y2=-13.4 z2=12.799999999999898
2026-04-28 14:55:50 [MOVE PROFILE] z convergence loop took 742.7 ms (1 checks)
2026-04-28 14:55:50 [WS PROFILE] send_gcode_and_wait: 11.3 ms | SET_DUAL_CARRIAGE CARRIAGE=x
2026-04-28 14:55:50 [WS PROFILE] send_gcode_and_wait: 7.0 ms | SET_DUAL_CARRIAGE CARRIAGE=y
2026-04-28 14:55:50 [WS PROFILE] select_carriage: 20.6 ms | 2 -> 1
2026-04-28 14:55:50 [WS PROFILE] send_gcode_and_wait: 17.2 ms | SET_DUAL_CARRIAGE CARRIAGE=x2
2026-04-28 14:55:50 [WS PROFILE] send_gcode_and_wait: 7.0 ms | SET_DUAL_CARRIAGE CARRIAGE=y2
2026-04-28 14:55:50 [WS PROFILE] select_carriage: 27.3 ms | 1 -> 2
2026-04-28 14:55:51 [WS PROFILE] get_z_positions: 251.7 ms | z1=25.0, z2=12.799999999999898
2026-04-28 14:55:51 [WS PROFILE] get_position: 748.4 ms | x1=0.0 y1=0.5 z1=25.0 x2=711.31 y2=-13.4 z2=12.799999999999898
2026-04-28 14:55:51 [MOVE PROFILE] verify_mov took 749.0 ms
2026-04-28 14:55:51 [MOVE PROFILE] total move() time 2567.6 ms
2026-04-28 14:55:51 [WS PROFILE] send_gcode_and_wait: 13.5 ms | SET_DUAL_CARRIAGE CARRIAGE=x2
2026-04-28 14:55:51 [WS PROFILE] send_gcode_and_wait: 6.4 ms | SET_DUAL_CARRIAGE CARRIAGE=y2
2026-04-28 14:55:51 [WS PROFILE] select_carriage: 22.0 ms | 2 -> 2
2026-04-28 14:55:51 [MOVE PROFILE] queue carriage2 cmd took 23.1 ms
2026-04-28 14:55:51 [WS PROFILE] send_gcode_and_wait: 315.0 ms | M400
2026-04-28 14:55:51 [WS PROFILE] wait_for_moves: 315.9 ms
2026-04-28 14:55:51 [MOVE PROFILE] wait_for_moves took 316.4 ms
2026-04-28 14:55:51 [WS PROFILE] send_gcode_and_wait: 9.5 ms | SET_DUAL_CARRIAGE CARRIAGE=x
2026-04-28 14:55:51 [WS PROFILE] send_gcode_and_wait: 7.3 ms | SET_DUAL_CARRIAGE CARRIAGE=y
2026-04-28 14:55:51 [WS PROFILE] select_carriage: 18.6 ms | 2 -> 1
2026-04-28 14:55:52 [WS PROFILE] is_toolhead_moving:get_velocity: 227.2 ms | carriage=1, v=0.0
2026-04-28 14:55:52 [WS PROFILE] send_gcode_and_wait: 11.6 ms | SET_DUAL_CARRIAGE CARRIAGE=x2
2026-04-28 14:55:52 [WS PROFILE] send_gcode_and_wait: 7.4 ms | SET_DUAL_CARRIAGE CARRIAGE=y2
2026-04-28 14:55:52 [WS PROFILE] select_carriage: 22.1 ms | 1 -> 2
2026-04-28 14:55:52 [WS PROFILE] is_toolhead_moving:get_velocity: 249.7 ms | carriage=2, v=0.0
2026-04-28 14:55:52 [WS PROFILE] is_toolhead_moving: 478.4 ms | moving=False
2026-04-28 14:55:52 [MOVE PROFILE] velocity settle loop took 478.9 ms (0 checks)
2026-04-28 14:55:52 [WS PROFILE] send_gcode_and_wait: 10.8 ms | SET_DUAL_CARRIAGE CARRIAGE=x
2026-04-28 14:55:52 [WS PROFILE] send_gcode_and_wait: 12.5 ms | SET_DUAL_CARRIAGE CARRIAGE=y
2026-04-28 14:55:52 [WS PROFILE] select_carriage: 24.9 ms | 2 -> 1
2026-04-28 14:55:52 [WS PROFILE] send_gcode_and_wait: 11.1 ms | SET_DUAL_CARRIAGE CARRIAGE=x2
2026-04-28 14:55:52 [WS PROFILE] send_gcode_and_wait: 6.9 ms | SET_DUAL_CARRIAGE CARRIAGE=y2
2026-04-28 14:55:52 [WS PROFILE] select_carriage: 20.2 ms | 1 -> 2
2026-04-28 14:55:53 [WS PROFILE] get_z_positions: 250.8 ms | z1=25.0, z2=12.899999999999899
2026-04-28 14:55:53 [WS PROFILE] get_position: 751.5 ms | x1=0.0 y1=0.5 z1=25.0 x2=711.31 y2=-13.4 z2=12.899999999999899
2026-04-28 14:55:53 [MOVE PROFILE] z convergence loop took 752.1 ms (1 checks)
2026-04-28 14:55:53 [WS PROFILE] send_gcode_and_wait: 10.7 ms | SET_DUAL_CARRIAGE CARRIAGE=x
2026-04-28 14:55:53 [WS PROFILE] send_gcode_and_wait: 7.7 ms | SET_DUAL_CARRIAGE CARRIAGE=y
2026-04-28 14:55:53 [WS PROFILE] select_carriage: 20.3 ms | 2 -> 1
2026-04-28 14:55:53 [WS PROFILE] send_gcode_and_wait: 11.2 ms | SET_DUAL_CARRIAGE CARRIAGE=x2
2026-04-28 14:55:53 [WS PROFILE] send_gcode_and_wait: 6.9 ms | SET_DUAL_CARRIAGE CARRIAGE=y2
2026-04-28 14:55:53 [WS PROFILE] select_carriage: 19.5 ms | 1 -> 2
2026-04-28 14:55:53 [WS PROFILE] get_z_positions: 250.8 ms | z1=25.0, z2=12.899999999999899
2026-04-28 14:55:53 [WS PROFILE] get_position: 751.5 ms | x1=0.0 y1=0.5 z1=25.0 x2=711.31 y2=-13.4 z2=12.899999999999899
2026-04-28 14:55:53 [MOVE PROFILE] verify_mov took 754.2 ms
2026-04-28 14:55:53 [MOVE PROFILE] total move() time 2329.2 ms
2026-04-28 14:55:54 [WS PROFILE] send_gcode_and_wait: 12.5 ms | SET_DUAL_CARRIAGE CARRIAGE=x2
2026-04-28 14:55:54 [WS PROFILE] send_gcode_and_wait: 6.1 ms | SET_DUAL_CARRIAGE CARRIAGE=y2
2026-04-28 14:55:54 [WS PROFILE] select_carriage: 20.3 ms | 2 -> 2
2026-04-28 14:55:54 [MOVE PROFILE] queue carriage2 cmd took 21.5 ms
2026-04-28 14:55:54 [WS PROFILE] send_gcode_and_wait: 312.5 ms | M400
2026-04-28 14:55:54 [WS PROFILE] wait_for_moves: 313.4 ms
2026-04-28 14:55:54 [MOVE PROFILE] wait_for_moves took 314.1 ms
2026-04-28 14:55:54 [WS PROFILE] send_gcode_and_wait: 14.9 ms | SET_DUAL_CARRIAGE CARRIAGE=x
2026-04-28 14:55:54 [WS PROFILE] send_gcode_and_wait: 6.8 ms | SET_DUAL_CARRIAGE CARRIAGE=y
2026-04-28 14:55:54 [WS PROFILE] select_carriage: 24.1 ms | 2 -> 1
2026-04-28 14:55:54 [WS PROFILE] is_toolhead_moving:get_velocity: 232.9 ms | carriage=1, v=0.0
2026-04-28 14:55:54 [WS PROFILE] send_gcode_and_wait: 10.4 ms | SET_DUAL_CARRIAGE CARRIAGE=x2
2026-04-28 14:55:54 [WS PROFILE] send_gcode_and_wait: 8.0 ms | SET_DUAL_CARRIAGE CARRIAGE=y2
2026-04-28 14:55:54 [WS PROFILE] select_carriage: 20.3 ms | 1 -> 2
2026-04-28 14:55:54 [WS PROFILE] is_toolhead_moving:get_velocity: 248.8 ms | carriage=2, v=0.0
2026-04-28 14:55:54 [WS PROFILE] is_toolhead_moving: 485.0 ms | moving=False
2026-04-28 14:55:54 [MOVE PROFILE] velocity settle loop took 486.7 ms (0 checks)
2026-04-28 14:55:54 [WS PROFILE] send_gcode_and_wait: 9.7 ms | SET_DUAL_CARRIAGE CARRIAGE=x
2026-04-28 14:55:54 [WS PROFILE] send_gcode_and_wait: 7.0 ms | SET_DUAL_CARRIAGE CARRIAGE=y
2026-04-28 14:55:54 [WS PROFILE] select_carriage: 18.6 ms | 2 -> 1
2026-04-28 14:55:55 [WS PROFILE] send_gcode_and_wait: 12.4 ms | SET_DUAL_CARRIAGE CARRIAGE=x2
2026-04-28 14:55:55 [WS PROFILE] send_gcode_and_wait: 6.0 ms | SET_DUAL_CARRIAGE CARRIAGE=y2
2026-04-28 14:55:55 [WS PROFILE] select_carriage: 20.8 ms | 1 -> 2
2026-04-28 14:55:55 [WS PROFILE] get_z_positions: 255.7 ms | z1=25.0, z2=12.9999999999999
2026-04-28 14:55:55 [WS PROFILE] get_position: 751.5 ms | x1=0.0 y1=0.5 z1=25.0 x2=711.31 y2=-13.4 z2=12.9999999999999
2026-04-28 14:55:55 [MOVE PROFILE] z convergence loop took 752.3 ms (1 checks)
2026-04-28 14:55:55 [WS PROFILE] send_gcode_and_wait: 9.4 ms | SET_DUAL_CARRIAGE CARRIAGE=x
2026-04-28 14:55:55 [WS PROFILE] send_gcode_and_wait: 95.4 ms | SET_DUAL_CARRIAGE CARRIAGE=y
2026-04-28 14:55:55 [WS PROFILE] select_carriage: 107.9 ms | 2 -> 1
2026-04-28 14:55:55 [WS PROFILE] send_gcode_and_wait: 9.9 ms | SET_DUAL_CARRIAGE CARRIAGE=x2
2026-04-28 14:55:55 [WS PROFILE] send_gcode_and_wait: 11.7 ms | SET_DUAL_CARRIAGE CARRIAGE=y2
2026-04-28 14:55:55 [WS PROFILE] select_carriage: 23.3 ms | 1 -> 2
2026-04-28 14:55:56 [WS PROFILE] get_z_positions: 227.4 ms | z1=25.0, z2=12.9999999999999
2026-04-28 14:55:56 [WS PROFILE] get_position: 743.2 ms | x1=0.0 y1=0.5 z1=25.0 x2=711.31 y2=-13.4 z2=12.9999999999999
2026-04-28 14:55:56 [MOVE PROFILE] verify_mov took 744.0 ms
2026-04-28 14:55:56 [MOVE PROFILE] total move() time 2324.0 ms
2026-04-28 14:55:56 [WS PROFILE] send_gcode_and_wait: 9.7 ms | SET_DUAL_CARRIAGE CARRIAGE=x2
2026-04-28 14:55:56 [WS PROFILE] send_gcode_and_wait: 6.6 ms | SET_DUAL_CARRIAGE CARRIAGE=y2
2026-04-28 14:55:56 [WS PROFILE] select_carriage: 18.2 ms | 2 -> 2
2026-04-28 14:55:56 [MOVE PROFILE] queue carriage2 cmd took 19.0 ms
2026-04-28 14:55:56 [WS PROFILE] send_gcode_and_wait: 409.4 ms | M400
2026-04-28 14:55:56 [WS PROFILE] wait_for_moves: 410.1 ms
2026-04-28 14:55:56 [MOVE PROFILE] wait_for_moves took 410.7 ms
2026-04-28 14:55:56 [WS PROFILE] send_gcode_and_wait: 9.3 ms | SET_DUAL_CARRIAGE CARRIAGE=x
2026-04-28 14:55:56 [WS PROFILE] send_gcode_and_wait: 8.0 ms | SET_DUAL_CARRIAGE CARRIAGE=y
2026-04-28 14:55:56 [WS PROFILE] select_carriage: 19.4 ms | 2 -> 1
2026-04-28 14:55:57 [WS PROFILE] is_toolhead_moving:get_velocity: 198.3 ms | carriage=1, v=0.0
2026-04-28 14:55:57 [WS PROFILE] send_gcode_and_wait: 135.5 ms | SET_DUAL_CARRIAGE CARRIAGE=x2
2026-04-28 14:55:57 [WS PROFILE] send_gcode_and_wait: 6.7 ms | SET_DUAL_CARRIAGE CARRIAGE=y2
2026-04-28 14:55:57 [WS PROFILE] select_carriage: 143.8 ms | 1 -> 2
2026-04-28 14:55:57 [WS PROFILE] is_toolhead_moving:get_velocity: 306.7 ms | carriage=2, v=0.0
2026-04-28 14:55:57 [WS PROFILE] is_toolhead_moving: 509.7 ms | moving=False
2026-04-28 14:55:57 [MOVE PROFILE] velocity settle loop took 511.4 ms (0 checks)
2026-04-28 14:55:57 [WS PROFILE] send_gcode_and_wait: 13.7 ms | SET_DUAL_CARRIAGE CARRIAGE=x
2026-04-28 14:55:57 [WS PROFILE] send_gcode_and_wait: 7.9 ms | SET_DUAL_CARRIAGE CARRIAGE=y
2026-04-28 14:55:57 [WS PROFILE] select_carriage: 24.8 ms | 2 -> 1
2026-04-28 14:55:57 [WS PROFILE] send_gcode_and_wait: 9.5 ms | SET_DUAL_CARRIAGE CARRIAGE=x2
2026-04-28 14:55:57 [WS PROFILE] send_gcode_and_wait: 6.9 ms | SET_DUAL_CARRIAGE CARRIAGE=y2
2026-04-28 14:55:57 [WS PROFILE] select_carriage: 19.6 ms | 1 -> 2
2026-04-28 14:55:58 [WS PROFILE] get_z_positions: 170.1 ms | z1=25.0, z2=13.099999999999902
2026-04-28 14:55:58 [WS PROFILE] get_position: 672.2 ms | x1=0.0 y1=0.5 z1=25.0 x2=711.31 y2=-13.4 z2=13.099999999999902
2026-04-28 14:55:58 [MOVE PROFILE] z convergence loop took 674.0 ms (1 checks)
2026-04-28 14:55:58 [WS PROFILE] send_gcode_and_wait: 10.7 ms | SET_DUAL_CARRIAGE CARRIAGE=x
2026-04-28 14:55:58 [WS PROFILE] send_gcode_and_wait: 7.5 ms | SET_DUAL_CARRIAGE CARRIAGE=y
2026-04-28 14:55:58 [WS PROFILE] select_carriage: 23.5 ms | 2 -> 1
2026-04-28 14:55:58 [WS PROFILE] send_gcode_and_wait: 9.3 ms | SET_DUAL_CARRIAGE CARRIAGE=x2
2026-04-28 14:55:58 [WS PROFILE] send_gcode_and_wait: 6.5 ms | SET_DUAL_CARRIAGE CARRIAGE=y2
2026-04-28 14:55:58 [WS PROFILE] select_carriage: 18.2 ms | 1 -> 2
2026-04-28 14:55:58 [WS PROFILE] get_z_positions: 245.6 ms | z1=25.0, z2=13.099999999999902
2026-04-28 14:55:58 [WS PROFILE] get_position: 703.2 ms | x1=0.0 y1=0.5 z1=25.0 x2=711.31 y2=-13.4 z2=13.099999999999902
2026-04-28 14:55:58 [MOVE PROFILE] verify_mov took 705.9 ms
2026-04-28 14:55:58 [MOVE PROFILE] total move() time 2328.5 ms
2026-04-28 14:55:59 [WS PROFILE] send_gcode_and_wait: 14.0 ms | SET_DUAL_CARRIAGE CARRIAGE=x2
2026-04-28 14:55:59 [WS PROFILE] send_gcode_and_wait: 5.8 ms | SET_DUAL_CARRIAGE CARRIAGE=y2
2026-04-28 14:55:59 [WS PROFILE] select_carriage: 21.3 ms | 2 -> 2
2026-04-28 14:55:59 [MOVE PROFILE] queue carriage2 cmd took 22.5 ms
2026-04-28 14:55:59 [WS PROFILE] send_gcode_and_wait: 328.8 ms | M400
2026-04-28 14:55:59 [WS PROFILE] wait_for_moves: 331.1 ms
2026-04-28 14:55:59 [MOVE PROFILE] wait_for_moves took 332.6 ms
2026-04-28 14:55:59 [WS PROFILE] send_gcode_and_wait: 11.4 ms | SET_DUAL_CARRIAGE CARRIAGE=x
2026-04-28 14:55:59 [WS PROFILE] send_gcode_and_wait: 8.1 ms | SET_DUAL_CARRIAGE CARRIAGE=y
2026-04-28 14:55:59 [WS PROFILE] select_carriage: 23.0 ms | 2 -> 1
2026-04-28 14:55:59 [WS PROFILE] is_toolhead_moving:get_velocity: 203.5 ms | carriage=1, v=0.0
2026-04-28 14:55:59 [WS PROFILE] send_gcode_and_wait: 10.8 ms | SET_DUAL_CARRIAGE CARRIAGE=x2
2026-04-28 14:55:59 [WS PROFILE] send_gcode_and_wait: 7.0 ms | SET_DUAL_CARRIAGE CARRIAGE=y2
2026-04-28 14:55:59 [WS PROFILE] select_carriage: 20.8 ms | 1 -> 2
2026-04-28 14:55:59 [WS PROFILE] is_toolhead_moving:get_velocity: 249.6 ms | carriage=2, v=0.0
2026-04-28 14:55:59 [WS PROFILE] is_toolhead_moving: 456.1 ms | moving=False
2026-04-28 14:55:59 [MOVE PROFILE] velocity settle loop took 458.8 ms (0 checks)
2026-04-28 14:55:59 [WS PROFILE] send_gcode_and_wait: 10.5 ms | SET_DUAL_CARRIAGE CARRIAGE=x
2026-04-28 14:55:59 [WS PROFILE] send_gcode_and_wait: 6.5 ms | SET_DUAL_CARRIAGE CARRIAGE=y
2026-04-28 14:55:59 [WS PROFILE] select_carriage: 20.1 ms | 2 -> 1
2026-04-28 14:56:00 [WS PROFILE] send_gcode_and_wait: 13.1 ms | SET_DUAL_CARRIAGE CARRIAGE=x2
2026-04-28 14:56:00 [WS PROFILE] send_gcode_and_wait: 7.4 ms | SET_DUAL_CARRIAGE CARRIAGE=y2
2026-04-28 14:56:00 [WS PROFILE] select_carriage: 24.2 ms | 1 -> 2
2026-04-28 14:56:00 [WS PROFILE] get_z_positions: 469.5 ms | z1=25.0, z2=13.199999999999903
2026-04-28 14:56:00 [WS PROFILE] get_position: 966.9 ms | x1=0.0 y1=0.5 z1=25.0 x2=711.31 y2=-13.4 z2=13.199999999999903
2026-04-28 14:56:00 [MOVE PROFILE] z convergence loop took 968.9 ms (1 checks)
2026-04-28 14:56:00 [WS PROFILE] send_gcode_and_wait: 11.8 ms | SET_DUAL_CARRIAGE CARRIAGE=x
2026-04-28 14:56:00 [WS PROFILE] send_gcode_and_wait: 8.2 ms | SET_DUAL_CARRIAGE CARRIAGE=y
2026-04-28 14:56:00 [WS PROFILE] select_carriage: 22.5 ms | 2 -> 1
2026-04-28 14:56:01 [WS PROFILE] send_gcode_and_wait: 11.6 ms | SET_DUAL_CARRIAGE CARRIAGE=x2
2026-04-28 14:56:01 [WS PROFILE] send_gcode_and_wait: 7.2 ms | SET_DUAL_CARRIAGE CARRIAGE=y2
2026-04-28 14:56:01 [WS PROFILE] select_carriage: 22.2 ms | 1 -> 2
2026-04-28 14:56:01 [WS PROFILE] get_z_positions: 250.2 ms | z1=25.0, z2=13.199999999999903
2026-04-28 14:56:01 [WS PROFILE] get_position: 780.2 ms | x1=0.0 y1=0.5 z1=25.0 x2=711.31 y2=-13.4 z2=13.199999999999903
2026-04-28 14:56:01 [MOVE PROFILE] verify_mov took 780.8 ms
2026-04-28 14:56:01 [MOVE PROFILE] total move() time 2570.5 ms
2026-04-28 14:56:01 [WS PROFILE] send_gcode_and_wait: 13.7 ms | SET_DUAL_CARRIAGE CARRIAGE=x2
2026-04-28 14:56:01 [WS PROFILE] send_gcode_and_wait: 6.1 ms | SET_DUAL_CARRIAGE CARRIAGE=y2
2026-04-28 14:56:01 [WS PROFILE] select_carriage: 22.7 ms | 2 -> 2
2026-04-28 14:56:01 [MOVE PROFILE] queue carriage2 cmd took 24.9 ms
2026-04-28 14:56:02 [WS PROFILE] send_gcode_and_wait: 314.0 ms | M400
2026-04-28 14:56:02 [WS PROFILE] wait_for_moves: 315.7 ms
2026-04-28 14:56:02 [MOVE PROFILE] wait_for_moves took 317.2 ms
2026-04-28 14:56:02 [WS PROFILE] send_gcode_and_wait: 11.3 ms | SET_DUAL_CARRIAGE CARRIAGE=x
2026-04-28 14:56:02 [WS PROFILE] send_gcode_and_wait: 7.6 ms | SET_DUAL_CARRIAGE CARRIAGE=y
2026-04-28 14:56:02 [WS PROFILE] select_carriage: 23.2 ms | 2 -> 1
2026-04-28 14:56:02 [WS PROFILE] is_toolhead_moving:get_velocity: 209.9 ms | carriage=1, v=0.0
2026-04-28 14:56:02 [WS PROFILE] send_gcode_and_wait: 10.9 ms | SET_DUAL_CARRIAGE CARRIAGE=x2
2026-04-28 14:56:02 [WS PROFILE] send_gcode_and_wait: 7.4 ms | SET_DUAL_CARRIAGE CARRIAGE=y2
2026-04-28 14:56:02 [WS PROFILE] select_carriage: 19.9 ms | 1 -> 2
2026-04-28 14:56:02 [WS PROFILE] is_toolhead_moving:get_velocity: 249.7 ms | carriage=2, v=0.0
2026-04-28 14:56:02 [WS PROFILE] is_toolhead_moving: 461.3 ms | moving=False
2026-04-28 14:56:02 [MOVE PROFILE] velocity settle loop took 462.0 ms (0 checks)
2026-04-28 14:56:02 [WS PROFILE] send_gcode_and_wait: 11.3 ms | SET_DUAL_CARRIAGE CARRIAGE=x
2026-04-28 14:56:02 [WS PROFILE] send_gcode_and_wait: 14.5 ms | SET_DUAL_CARRIAGE CARRIAGE=y
2026-04-28 14:56:02 [WS PROFILE] select_carriage: 27.8 ms | 2 -> 1
2026-04-28 14:56:02 [WS PROFILE] send_gcode_and_wait: 10.7 ms | SET_DUAL_CARRIAGE CARRIAGE=x2
2026-04-28 14:56:02 [WS PROFILE] send_gcode_and_wait: 6.7 ms | SET_DUAL_CARRIAGE CARRIAGE=y2
2026-04-28 14:56:02 [WS PROFILE] select_carriage: 19.8 ms | 1 -> 2
2026-04-28 14:56:03 [WS PROFILE] get_z_positions: 248.5 ms | z1=25.0, z2=13.299999999999905
2026-04-28 14:56:03 [WS PROFILE] get_position: 751.5 ms | x1=0.0 y1=0.5 z1=25.0 x2=711.31 y2=-13.4 z2=13.299999999999905
2026-04-28 14:56:03 [MOVE PROFILE] z convergence loop took 752.1 ms (1 checks)
2026-04-28 14:56:03 [WS PROFILE] send_gcode_and_wait: 18.7 ms | SET_DUAL_CARRIAGE CARRIAGE=x
2026-04-28 14:56:03 [WS PROFILE] send_gcode_and_wait: 7.9 ms | SET_DUAL_CARRIAGE CARRIAGE=y
2026-04-28 14:56:03 [WS PROFILE] select_carriage: 29.2 ms | 2 -> 1
2026-04-28 14:56:03 [WS PROFILE] send_gcode_and_wait: 10.0 ms | SET_DUAL_CARRIAGE CARRIAGE=x2
2026-04-28 14:56:03 [WS PROFILE] send_gcode_and_wait: 6.7 ms | SET_DUAL_CARRIAGE CARRIAGE=y2
2026-04-28 14:56:03 [WS PROFILE] select_carriage: 20.6 ms | 1 -> 2
2026-04-28 14:56:04 [WS PROFILE] get_z_positions: 248.2 ms | z1=25.0, z2=13.299999999999905
2026-04-28 14:56:04 [WS PROFILE] get_position: 752.4 ms | x1=0.0 y1=0.5 z1=25.0 x2=711.31 y2=-13.4 z2=13.299999999999905
2026-04-28 14:56:04 [MOVE PROFILE] verify_mov took 754.2 ms
2026-04-28 14:56:04 [MOVE PROFILE] total move() time 2317.1 ms
2026-04-28 14:56:04 [WS PROFILE] send_gcode_and_wait: 12.8 ms | SET_DUAL_CARRIAGE CARRIAGE=x2
2026-04-28 14:56:04 [WS PROFILE] send_gcode_and_wait: 6.6 ms | SET_DUAL_CARRIAGE CARRIAGE=y2
2026-04-28 14:56:04 [WS PROFILE] select_carriage: 21.4 ms | 2 -> 2
2026-04-28 14:56:04 [MOVE PROFILE] queue carriage2 cmd took 22.4 ms
2026-04-28 14:56:04 [WS PROFILE] send_gcode_and_wait: 314.8 ms | M400
2026-04-28 14:56:04 [WS PROFILE] wait_for_moves: 316.5 ms
2026-04-28 14:56:04 [MOVE PROFILE] wait_for_moves took 318.1 ms
2026-04-28 14:56:04 [WS PROFILE] send_gcode_and_wait: 10.4 ms | SET_DUAL_CARRIAGE CARRIAGE=x
2026-04-28 14:56:04 [WS PROFILE] send_gcode_and_wait: 7.0 ms | SET_DUAL_CARRIAGE CARRIAGE=y
2026-04-28 14:56:04 [WS PROFILE] select_carriage: 21.6 ms | 2 -> 1
2026-04-28 14:56:04 [WS PROFILE] is_toolhead_moving:get_velocity: 215.8 ms | carriage=1, v=0.0
2026-04-28 14:56:04 [WS PROFILE] send_gcode_and_wait: 12.1 ms | SET_DUAL_CARRIAGE CARRIAGE=x2
2026-04-28 14:56:04 [WS PROFILE] send_gcode_and_wait: 7.2 ms | SET_DUAL_CARRIAGE CARRIAGE=y2
2026-04-28 14:56:04 [WS PROFILE] select_carriage: 22.5 ms | 1 -> 2
2026-04-28 14:56:05 [WS PROFILE] is_toolhead_moving:get_velocity: 249.7 ms | carriage=2, v=0.0
2026-04-28 14:56:05 [WS PROFILE] is_toolhead_moving: 468.2 ms | moving=False
2026-04-28 14:56:05 [MOVE PROFILE] velocity settle loop took 468.7 ms (0 checks)
2026-04-28 14:56:05 [WS PROFILE] send_gcode_and_wait: 10.9 ms | SET_DUAL_CARRIAGE CARRIAGE=x
2026-04-28 14:56:05 [WS PROFILE] send_gcode_and_wait: 6.7 ms | SET_DUAL_CARRIAGE CARRIAGE=y
2026-04-28 14:56:05 [WS PROFILE] select_carriage: 19.2 ms | 2 -> 1
2026-04-28 14:56:05 [WS PROFILE] send_gcode_and_wait: 10.3 ms | SET_DUAL_CARRIAGE CARRIAGE=x2
2026-04-28 14:56:05 [WS PROFILE] send_gcode_and_wait: 6.8 ms | SET_DUAL_CARRIAGE CARRIAGE=y2
2026-04-28 14:56:05 [WS PROFILE] select_carriage: 18.6 ms | 1 -> 2
2026-04-28 14:56:05 [WS PROFILE] get_z_positions: 249.6 ms | z1=25.0, z2=13.399999999999906
2026-04-28 14:56:05 [WS PROFILE] get_position: 751.2 ms | x1=0.0 y1=0.5 z1=25.0 x2=711.31 y2=-13.4 z2=13.399999999999906
2026-04-28 14:56:05 [MOVE PROFILE] z convergence loop took 753.1 ms (1 checks)
2026-04-28 14:56:05 [WS PROFILE] send_gcode_and_wait: 11.8 ms | SET_DUAL_CARRIAGE CARRIAGE=x
2026-04-28 14:56:05 [WS PROFILE] send_gcode_and_wait: 6.8 ms | SET_DUAL_CARRIAGE CARRIAGE=y
2026-04-28 14:56:05 [WS PROFILE] select_carriage: 21.2 ms | 2 -> 1
2026-04-28 14:56:06 [WS PROFILE] send_gcode_and_wait: 10.4 ms | SET_DUAL_CARRIAGE CARRIAGE=x2
2026-04-28 14:56:06 [WS PROFILE] send_gcode_and_wait: 7.9 ms | SET_DUAL_CARRIAGE CARRIAGE=y2
2026-04-28 14:56:06 [WS PROFILE] select_carriage: 22.0 ms | 1 -> 2
2026-04-28 14:56:06 [WS PROFILE] get_z_positions: 251.2 ms | z1=25.0, z2=13.399999999999906
2026-04-28 14:56:06 [WS PROFILE] get_position: 749.0 ms | x1=0.0 y1=0.5 z1=25.0 x2=711.31 y2=-13.4 z2=13.399999999999906
2026-04-28 14:56:06 [MOVE PROFILE] verify_mov took 750.7 ms
2026-04-28 14:56:06 [MOVE PROFILE] total move() time 2319.8 ms
2026-04-28 14:56:06 [WS PROFILE] send_gcode_and_wait: 12.1 ms | SET_DUAL_CARRIAGE CARRIAGE=x2
2026-04-28 14:56:06 [WS PROFILE] send_gcode_and_wait: 6.2 ms | SET_DUAL_CARRIAGE CARRIAGE=y2
2026-04-28 14:56:06 [WS PROFILE] select_carriage: 20.2 ms | 2 -> 2
2026-04-28 14:56:06 [MOVE PROFILE] queue carriage2 cmd took 21.1 ms
2026-04-28 14:56:07 [WS PROFILE] send_gcode_and_wait: 311.9 ms | M400
2026-04-28 14:56:07 [WS PROFILE] wait_for_moves: 312.7 ms
2026-04-28 14:56:07 [MOVE PROFILE] wait_for_moves took 313.3 ms
2026-04-28 14:56:07 [WS PROFILE] send_gcode_and_wait: 12.2 ms | SET_DUAL_CARRIAGE CARRIAGE=x
2026-04-28 14:56:07 [WS PROFILE] send_gcode_and_wait: 7.3 ms | SET_DUAL_CARRIAGE CARRIAGE=y
2026-04-28 14:56:07 [WS PROFILE] select_carriage: 22.1 ms | 2 -> 1
2026-04-28 14:56:07 [WS PROFILE] is_toolhead_moving:get_velocity: 230.9 ms | carriage=1, v=0.0
2026-04-28 14:56:07 [WS PROFILE] send_gcode_and_wait: 10.7 ms | SET_DUAL_CARRIAGE CARRIAGE=x2
2026-04-28 14:56:07 [WS PROFILE] send_gcode_and_wait: 7.5 ms | SET_DUAL_CARRIAGE CARRIAGE=y2
2026-04-28 14:56:07 [WS PROFILE] select_carriage: 20.0 ms | 1 -> 2
2026-04-28 14:56:07 [WS PROFILE] is_toolhead_moving:get_velocity: 249.1 ms | carriage=2, v=0.0
2026-04-28 14:56:07 [WS PROFILE] is_toolhead_moving: 483.3 ms | moving=False
2026-04-28 14:56:07 [MOVE PROFILE] velocity settle loop took 484.9 ms (0 checks)
2026-04-28 14:56:07 [WS PROFILE] send_gcode_and_wait: 12.3 ms | SET_DUAL_CARRIAGE CARRIAGE=x
2026-04-28 14:56:07 [WS PROFILE] send_gcode_and_wait: 8.6 ms | SET_DUAL_CARRIAGE CARRIAGE=y
2026-04-28 14:56:07 [WS PROFILE] select_carriage: 22.7 ms | 2 -> 1
2026-04-28 14:56:07 [WS PROFILE] send_gcode_and_wait: 11.3 ms | SET_DUAL_CARRIAGE CARRIAGE=x2
2026-04-28 14:56:07 [WS PROFILE] send_gcode_and_wait: 6.9 ms | SET_DUAL_CARRIAGE CARRIAGE=y2
2026-04-28 14:56:07 [WS PROFILE] select_carriage: 20.9 ms | 1 -> 2
2026-04-28 14:56:08 [WS PROFILE] get_z_positions: 250.5 ms | z1=25.0, z2=13.499999999999908
2026-04-28 14:56:08 [WS PROFILE] get_position: 749.0 ms | x1=0.0 y1=0.5 z1=25.0 x2=711.31 y2=-13.4 z2=13.499999999999908
2026-04-28 14:56:08 [MOVE PROFILE] z convergence loop took 750.5 ms (1 checks)
2026-04-28 14:56:08 [WS PROFILE] send_gcode_and_wait: 10.9 ms | SET_DUAL_CARRIAGE CARRIAGE=x
2026-04-28 14:56:08 [WS PROFILE] send_gcode_and_wait: 7.1 ms | SET_DUAL_CARRIAGE CARRIAGE=y
2026-04-28 14:56:08 [WS PROFILE] select_carriage: 21.3 ms | 2 -> 1
2026-04-28 14:56:08 [WS PROFILE] send_gcode_and_wait: 10.4 ms | SET_DUAL_CARRIAGE CARRIAGE=x2
2026-04-28 14:56:08 [WS PROFILE] send_gcode_and_wait: 7.2 ms | SET_DUAL_CARRIAGE CARRIAGE=y2
2026-04-28 14:56:08 [WS PROFILE] select_carriage: 22.5 ms | 1 -> 2
2026-04-28 14:56:09 [WS PROFILE] get_z_positions: 250.2 ms | z1=25.0, z2=13.499999999999908
2026-04-28 14:56:09 [WS PROFILE] get_position: 749.0 ms | x1=0.0 y1=0.5 z1=25.0 x2=711.31 y2=-13.4 z2=13.499999999999908
2026-04-28 14:56:09 [MOVE PROFILE] verify_mov took 750.9 ms
2026-04-28 14:56:09 [MOVE PROFILE] total move() time 2326.9 ms
2026-04-28 14:56:09 [WS PROFILE] send_gcode_and_wait: 14.8 ms | SET_DUAL_CARRIAGE CARRIAGE=x2
2026-04-28 14:56:09 [WS PROFILE] send_gcode_and_wait: 6.0 ms | SET_DUAL_CARRIAGE CARRIAGE=y2
2026-04-28 14:56:09 [WS PROFILE] select_carriage: 23.3 ms | 2 -> 2
2026-04-28 14:56:09 [MOVE PROFILE] queue carriage2 cmd took 26.9 ms
2026-04-28 14:56:09 [WS PROFILE] send_gcode_and_wait: 310.3 ms | M400
2026-04-28 14:56:09 [WS PROFILE] wait_for_moves: 312.1 ms
2026-04-28 14:56:09 [MOVE PROFILE] wait_for_moves took 313.8 ms
2026-04-28 14:56:09 [WS PROFILE] send_gcode_and_wait: 10.8 ms | SET_DUAL_CARRIAGE CARRIAGE=x
2026-04-28 14:56:09 [WS PROFILE] send_gcode_and_wait: 7.3 ms | SET_DUAL_CARRIAGE CARRIAGE=y
2026-04-28 14:56:09 [WS PROFILE] select_carriage: 22.1 ms | 2 -> 1
2026-04-28 14:56:09 [WS PROFILE] is_toolhead_moving:get_velocity: 206.6 ms | carriage=1, v=0.0
2026-04-28 14:56:09 [WS PROFILE] send_gcode_and_wait: 9.8 ms | SET_DUAL_CARRIAGE CARRIAGE=x2
2026-04-28 14:56:09 [WS PROFILE] send_gcode_and_wait: 8.4 ms | SET_DUAL_CARRIAGE CARRIAGE=y2
2026-04-28 14:56:09 [WS PROFILE] select_carriage: 19.9 ms | 1 -> 2
2026-04-28 14:56:10 [WS PROFILE] is_toolhead_moving:get_velocity: 249.1 ms | carriage=2, v=0.0
2026-04-28 14:56:10 [WS PROFILE] is_toolhead_moving: 458.2 ms | moving=False
2026-04-28 14:56:10 [MOVE PROFILE] velocity settle loop took 458.8 ms (0 checks)
2026-04-28 14:56:10 [WS PROFILE] send_gcode_and_wait: 12.2 ms | SET_DUAL_CARRIAGE CARRIAGE=x
2026-04-28 14:56:10 [WS PROFILE] send_gcode_and_wait: 8.3 ms | SET_DUAL_CARRIAGE CARRIAGE=y
2026-04-28 14:56:10 [WS PROFILE] select_carriage: 22.3 ms | 2 -> 1
2026-04-28 14:56:10 [WS PROFILE] send_gcode_and_wait: 10.8 ms | SET_DUAL_CARRIAGE CARRIAGE=x2
2026-04-28 14:56:10 [WS PROFILE] send_gcode_and_wait: 6.9 ms | SET_DUAL_CARRIAGE CARRIAGE=y2
2026-04-28 14:56:10 [WS PROFILE] select_carriage: 19.5 ms | 1 -> 2
2026-04-28 14:56:10 [WS PROFILE] get_z_positions: 250.4 ms | z1=25.0, z2=13.599999999999909
2026-04-28 14:56:10 [WS PROFILE] get_position: 748.8 ms | x1=0.0 y1=0.5 z1=25.0 x2=711.31 y2=-13.4 z2=13.599999999999909
2026-04-28 14:56:10 [MOVE PROFILE] z convergence loop took 749.3 ms (1 checks)
2026-04-28 14:56:10 [WS PROFILE] send_gcode_and_wait: 10.5 ms | SET_DUAL_CARRIAGE CARRIAGE=x
2026-04-28 14:56:10 [WS PROFILE] send_gcode_and_wait: 10.2 ms | SET_DUAL_CARRIAGE CARRIAGE=y
2026-04-28 14:56:10 [WS PROFILE] select_carriage: 22.4 ms | 2 -> 1
2026-04-28 14:56:11 [WS PROFILE] send_gcode_and_wait: 10.3 ms | SET_DUAL_CARRIAGE CARRIAGE=x2
2026-04-28 14:56:11 [WS PROFILE] send_gcode_and_wait: 8.8 ms | SET_DUAL_CARRIAGE CARRIAGE=y2
2026-04-28 14:56:11 [WS PROFILE] select_carriage: 20.5 ms | 1 -> 2
2026-04-28 14:56:11 [WS PROFILE] get_z_positions: 249.6 ms | z1=25.0, z2=13.599999999999909
2026-04-28 14:56:11 [WS PROFILE] get_position: 751.0 ms | x1=0.0 y1=0.5 z1=25.0 x2=711.31 y2=-13.4 z2=13.599999999999909
2026-04-28 14:56:11 [MOVE PROFILE] verify_mov took 752.6 ms
2026-04-28 14:56:11 [MOVE PROFILE] total move() time 2307.4 ms
2026-04-28 14:56:11 [WS PROFILE] send_gcode_and_wait: 12.6 ms | SET_DUAL_CARRIAGE CARRIAGE=x2
2026-04-28 14:56:11 [WS PROFILE] send_gcode_and_wait: 6.3 ms | SET_DUAL_CARRIAGE CARRIAGE=y2
2026-04-28 14:56:11 [WS PROFILE] select_carriage: 22.5 ms | 2 -> 2
2026-04-28 14:56:11 [MOVE PROFILE] queue carriage2 cmd took 25.2 ms
2026-04-28 14:56:12 [WS PROFILE] send_gcode_and_wait: 309.4 ms | M400
2026-04-28 14:56:12 [WS PROFILE] wait_for_moves: 310.9 ms
2026-04-28 14:56:12 [MOVE PROFILE] wait_for_moves took 312.3 ms
2026-04-28 14:56:12 [WS PROFILE] send_gcode_and_wait: 9.7 ms | SET_DUAL_CARRIAGE CARRIAGE=x
2026-04-28 14:56:12 [WS PROFILE] send_gcode_and_wait: 7.5 ms | SET_DUAL_CARRIAGE CARRIAGE=y
2026-04-28 14:56:12 [WS PROFILE] select_carriage: 19.8 ms | 2 -> 1
2026-04-28 14:56:12 [WS PROFILE] is_toolhead_moving:get_velocity: 215.3 ms | carriage=1, v=0.0
2026-04-28 14:56:12 [WS PROFILE] send_gcode_and_wait: 10.2 ms | SET_DUAL_CARRIAGE CARRIAGE=x2
2026-04-28 14:56:12 [WS PROFILE] send_gcode_and_wait: 8.3 ms | SET_DUAL_CARRIAGE CARRIAGE=y2
2026-04-28 14:56:12 [WS PROFILE] select_carriage: 20.7 ms | 1 -> 2
2026-04-28 14:56:12 [WS PROFILE] is_toolhead_moving:get_velocity: 249.2 ms | carriage=2, v=0.0
2026-04-28 14:56:12 [WS PROFILE] is_toolhead_moving: 467.1 ms | moving=False
2026-04-28 14:56:12 [MOVE PROFILE] velocity settle loop took 467.6 ms (0 checks)
2026-04-28 14:56:12 [WS PROFILE] send_gcode_and_wait: 10.8 ms | SET_DUAL_CARRIAGE CARRIAGE=x
2026-04-28 14:56:12 [WS PROFILE] send_gcode_and_wait: 6.9 ms | SET_DUAL_CARRIAGE CARRIAGE=y
2026-04-28 14:56:12 [WS PROFILE] select_carriage: 19.5 ms | 2 -> 1
2026-04-28 14:56:12 [WS PROFILE] send_gcode_and_wait: 11.8 ms | SET_DUAL_CARRIAGE CARRIAGE=x2
2026-04-28 14:56:12 [WS PROFILE] send_gcode_and_wait: 7.7 ms | SET_DUAL_CARRIAGE CARRIAGE=y2
2026-04-28 14:56:12 [WS PROFILE] select_carriage: 22.7 ms | 1 -> 2
2026-04-28 14:56:13 [WS PROFILE] get_z_positions: 251.2 ms | z1=25.0, z2=13.69999999999991
2026-04-28 14:56:13 [WS PROFILE] get_position: 752.0 ms | x1=0.0 y1=0.5 z1=25.0 x2=711.31 y2=-13.4 z2=13.69999999999991
2026-04-28 14:56:13 [MOVE PROFILE] z convergence loop took 753.6 ms (1 checks)
2026-04-28 14:56:13 [WS PROFILE] send_gcode_and_wait: 10.5 ms | SET_DUAL_CARRIAGE CARRIAGE=x
2026-04-28 14:56:13 [WS PROFILE] send_gcode_and_wait: 7.3 ms | SET_DUAL_CARRIAGE CARRIAGE=y
2026-04-28 14:56:13 [WS PROFILE] select_carriage: 21.3 ms | 2 -> 1
2026-04-28 14:56:13 [WS PROFILE] send_gcode_and_wait: 10.2 ms | SET_DUAL_CARRIAGE CARRIAGE=x2
2026-04-28 14:56:13 [WS PROFILE] send_gcode_and_wait: 6.2 ms | SET_DUAL_CARRIAGE CARRIAGE=y2
2026-04-28 14:56:13 [WS PROFILE] select_carriage: 17.8 ms | 1 -> 2
2026-04-28 14:56:14 [WS PROFILE] get_z_positions: 251.7 ms | z1=25.0, z2=13.69999999999991
2026-04-28 14:56:14 [WS PROFILE] get_position: 749.7 ms | x1=0.0 y1=0.5 z1=25.0 x2=711.31 y2=-13.4 z2=13.69999999999991
2026-04-28 14:56:14 [MOVE PROFILE] verify_mov took 751.4 ms
2026-04-28 14:56:14 [MOVE PROFILE] total move() time 2318.1 ms
2026-04-28 14:56:14 [WS PROFILE] send_gcode_and_wait: 15.1 ms | SET_DUAL_CARRIAGE CARRIAGE=x2
2026-04-28 14:56:14 [WS PROFILE] send_gcode_and_wait: 6.7 ms | SET_DUAL_CARRIAGE CARRIAGE=y2
2026-04-28 14:56:14 [WS PROFILE] select_carriage: 23.6 ms | 2 -> 2
2026-04-28 14:56:14 [MOVE PROFILE] queue carriage2 cmd took 24.7 ms
2026-04-28 14:56:14 [WS PROFILE] send_gcode_and_wait: 314.5 ms | M400
2026-04-28 14:56:14 [WS PROFILE] wait_for_moves: 316.2 ms
2026-04-28 14:56:14 [MOVE PROFILE] wait_for_moves took 318.1 ms
2026-04-28 14:56:14 [WS PROFILE] send_gcode_and_wait: 9.8 ms | SET_DUAL_CARRIAGE CARRIAGE=x
2026-04-28 14:56:14 [WS PROFILE] send_gcode_and_wait: 6.8 ms | SET_DUAL_CARRIAGE CARRIAGE=y
2026-04-28 14:56:14 [WS PROFILE] select_carriage: 20.4 ms | 2 -> 1
2026-04-28 14:56:14 [WS PROFILE] is_toolhead_moving:get_velocity: 205.4 ms | carriage=1, v=0.0
2026-04-28 14:56:14 [WS PROFILE] send_gcode_and_wait: 10.5 ms | SET_DUAL_CARRIAGE CARRIAGE=x2
2026-04-28 14:56:14 [WS PROFILE] send_gcode_and_wait: 10.4 ms | SET_DUAL_CARRIAGE CARRIAGE=y2
2026-04-28 14:56:14 [WS PROFILE] select_carriage: 22.7 ms | 1 -> 2
2026-04-28 14:56:15 [WS PROFILE] is_toolhead_moving:get_velocity: 464.2 ms | carriage=2, v=0.0
2026-04-28 14:56:15 [WS PROFILE] is_toolhead_moving: 672.1 ms | moving=False
2026-04-28 14:56:15 [MOVE PROFILE] velocity settle loop took 672.9 ms (0 checks)
2026-04-28 14:56:15 [WS PROFILE] send_gcode_and_wait: 10.6 ms | SET_DUAL_CARRIAGE CARRIAGE=x
2026-04-28 14:56:15 [WS PROFILE] send_gcode_and_wait: 8.4 ms | SET_DUAL_CARRIAGE CARRIAGE=y
2026-04-28 14:56:15 [WS PROFILE] select_carriage: 22.0 ms | 2 -> 1
2026-04-28 14:56:15 [WS PROFILE] send_gcode_and_wait: 10.4 ms | SET_DUAL_CARRIAGE CARRIAGE=x2
2026-04-28 14:56:15 [WS PROFILE] send_gcode_and_wait: 7.0 ms | SET_DUAL_CARRIAGE CARRIAGE=y2
2026-04-28 14:56:15 [WS PROFILE] select_carriage: 21.1 ms | 1 -> 2
2026-04-28 14:56:16 [WS PROFILE] get_z_positions: 247.9 ms | z1=25.0, z2=13.799999999999912
2026-04-28 14:56:16 [WS PROFILE] get_position: 784.6 ms | x1=0.0 y1=0.5 z1=25.0 x2=711.31 y2=-13.4 z2=13.799999999999912
2026-04-28 14:56:16 [MOVE PROFILE] z convergence loop took 786.2 ms (1 checks)
2026-04-28 14:56:16 [WS PROFILE] send_gcode_and_wait: 11.1 ms | SET_DUAL_CARRIAGE CARRIAGE=x
2026-04-28 14:56:16 [WS PROFILE] send_gcode_and_wait: 8.4 ms | SET_DUAL_CARRIAGE CARRIAGE=y
2026-04-28 14:56:16 [WS PROFILE] select_carriage: 22.7 ms | 2 -> 1
2026-04-28 14:56:16 [WS PROFILE] send_gcode_and_wait: 10.4 ms | SET_DUAL_CARRIAGE CARRIAGE=x2
2026-04-28 14:56:16 [WS PROFILE] send_gcode_and_wait: 7.2 ms | SET_DUAL_CARRIAGE CARRIAGE=y2
2026-04-28 14:56:16 [WS PROFILE] select_carriage: 19.2 ms | 1 -> 2
2026-04-28 14:56:16 [WS PROFILE] get_z_positions: 251.1 ms | z1=25.0, z2=13.799999999999912
2026-04-28 14:56:16 [WS PROFILE] get_position: 752.2 ms | x1=0.0 y1=0.5 z1=25.0 x2=711.31 y2=-13.4 z2=13.799999999999912
2026-04-28 14:56:16 [MOVE PROFILE] verify_mov took 754.0 ms
2026-04-28 14:56:16 [MOVE PROFILE] total move() time 2561.9 ms
2026-04-28 14:56:17 [WS PROFILE] send_gcode_and_wait: 13.1 ms | SET_DUAL_CARRIAGE CARRIAGE=x2
2026-04-28 14:56:17 [WS PROFILE] send_gcode_and_wait: 6.3 ms | SET_DUAL_CARRIAGE CARRIAGE=y2
2026-04-28 14:56:17 [WS PROFILE] select_carriage: 21.4 ms | 2 -> 2
2026-04-28 14:56:17 [MOVE PROFILE] queue carriage2 cmd took 22.6 ms
2026-04-28 14:56:17 [WS PROFILE] send_gcode_and_wait: 313.2 ms | M400
2026-04-28 14:56:17 [WS PROFILE] wait_for_moves: 314.9 ms
2026-04-28 14:56:17 [MOVE PROFILE] wait_for_moves took 316.4 ms
2026-04-28 14:56:17 [WS PROFILE] send_gcode_and_wait: 9.9 ms | SET_DUAL_CARRIAGE CARRIAGE=x
2026-04-28 14:56:17 [WS PROFILE] send_gcode_and_wait: 6.9 ms | SET_DUAL_CARRIAGE CARRIAGE=y
2026-04-28 14:56:17 [WS PROFILE] select_carriage: 21.6 ms | 2 -> 1
2026-04-28 14:56:17 [WS PROFILE] is_toolhead_moving:get_velocity: 225.1 ms | carriage=1, v=0.0
2026-04-28 14:56:17 [WS PROFILE] send_gcode_and_wait: 13.8 ms | SET_DUAL_CARRIAGE CARRIAGE=x2
2026-04-28 14:56:17 [WS PROFILE] send_gcode_and_wait: 7.3 ms | SET_DUAL_CARRIAGE CARRIAGE=y2
2026-04-28 14:56:17 [WS PROFILE] select_carriage: 24.7 ms | 1 -> 2
2026-04-28 14:56:17 [WS PROFILE] is_toolhead_moving:get_velocity: 247.7 ms | carriage=2, v=0.0
2026-04-28 14:56:17 [WS PROFILE] is_toolhead_moving: 476.2 ms | moving=False
2026-04-28 14:56:17 [MOVE PROFILE] velocity settle loop took 477.9 ms (0 checks)
2026-04-28 14:56:17 [WS PROFILE] send_gcode_and_wait: 11.8 ms | SET_DUAL_CARRIAGE CARRIAGE=x
2026-04-28 14:56:17 [WS PROFILE] send_gcode_and_wait: 6.7 ms | SET_DUAL_CARRIAGE CARRIAGE=y
2026-04-28 14:56:17 [WS PROFILE] select_carriage: 20.3 ms | 2 -> 1
2026-04-28 14:56:18 [WS PROFILE] send_gcode_and_wait: 10.3 ms | SET_DUAL_CARRIAGE CARRIAGE=x2
2026-04-28 14:56:18 [WS PROFILE] send_gcode_and_wait: 6.7 ms | SET_DUAL_CARRIAGE CARRIAGE=y2
2026-04-28 14:56:18 [WS PROFILE] select_carriage: 19.2 ms | 1 -> 2
2026-04-28 14:56:18 [WS PROFILE] get_z_positions: 251.6 ms | z1=25.0, z2=13.899999999999913
2026-04-28 14:56:18 [WS PROFILE] get_position: 749.0 ms | x1=0.0 y1=0.5 z1=25.0 x2=711.31 y2=-13.4 z2=13.899999999999913
2026-04-28 14:56:18 [MOVE PROFILE] z convergence loop took 750.6 ms (1 checks)
2026-04-28 14:56:18 [WS PROFILE] send_gcode_and_wait: 10.9 ms | SET_DUAL_CARRIAGE CARRIAGE=x
2026-04-28 14:56:18 [WS PROFILE] send_gcode_and_wait: 8.4 ms | SET_DUAL_CARRIAGE CARRIAGE=y
2026-04-28 14:56:18 [WS PROFILE] select_carriage: 24.6 ms | 2 -> 1
2026-04-28 14:56:18 [WS PROFILE] send_gcode_and_wait: 12.1 ms | SET_DUAL_CARRIAGE CARRIAGE=x2
2026-04-28 14:56:18 [WS PROFILE] send_gcode_and_wait: 7.6 ms | SET_DUAL_CARRIAGE CARRIAGE=y2
2026-04-28 14:56:18 [WS PROFILE] select_carriage: 21.4 ms | 1 -> 2
2026-04-28 14:56:19 [WS PROFILE] get_z_positions: 249.8 ms | z1=25.0, z2=13.899999999999913
2026-04-28 14:56:19 [WS PROFILE] get_position: 746.8 ms | x1=0.0 y1=0.5 z1=25.0 x2=711.31 y2=-13.4 z2=13.899999999999913
2026-04-28 14:56:19 [MOVE PROFILE] verify_mov took 748.1 ms
2026-04-28 14:56:19 [MOVE PROFILE] total move() time 2324.7 ms
2026-04-28 14:56:19 [WS PROFILE] send_gcode_and_wait: 13.3 ms | SET_DUAL_CARRIAGE CARRIAGE=x2
2026-04-28 14:56:19 [WS PROFILE] send_gcode_and_wait: 7.3 ms | SET_DUAL_CARRIAGE CARRIAGE=y2
2026-04-28 14:56:19 [WS PROFILE] select_carriage: 23.5 ms | 2 -> 2
2026-04-28 14:56:19 [MOVE PROFILE] queue carriage2 cmd took 25.7 ms
2026-04-28 14:56:19 [WS PROFILE] send_gcode_and_wait: 330.1 ms | M400
2026-04-28 14:56:19 [WS PROFILE] wait_for_moves: 330.9 ms
2026-04-28 14:56:19 [MOVE PROFILE] wait_for_moves took 331.6 ms
2026-04-28 14:56:19 [WS PROFILE] send_gcode_and_wait: 10.8 ms | SET_DUAL_CARRIAGE CARRIAGE=x
2026-04-28 14:56:20 [WS PROFILE] send_gcode_and_wait: 26.2 ms | SET_DUAL_CARRIAGE CARRIAGE=y
2026-04-28 14:56:20 [WS PROFILE] select_carriage: 38.7 ms | 2 -> 1
2026-04-28 14:56:20 [WS PROFILE] is_toolhead_moving:get_velocity: 207.4 ms | carriage=1, v=0.0
2026-04-28 14:56:20 [WS PROFILE] send_gcode_and_wait: 10.8 ms | SET_DUAL_CARRIAGE CARRIAGE=x2
2026-04-28 14:56:20 [WS PROFILE] send_gcode_and_wait: 7.2 ms | SET_DUAL_CARRIAGE CARRIAGE=y2
2026-04-28 14:56:20 [WS PROFILE] select_carriage: 21.4 ms | 1 -> 2
2026-04-28 14:56:20 [WS PROFILE] is_toolhead_moving:get_velocity: 249.1 ms | carriage=2, v=0.0
2026-04-28 14:56:20 [WS PROFILE] is_toolhead_moving: 459.7 ms | moving=False
2026-04-28 14:56:20 [MOVE PROFILE] velocity settle loop took 461.3 ms (0 checks)
2026-04-28 14:56:20 [WS PROFILE] send_gcode_and_wait: 53.3 ms | SET_DUAL_CARRIAGE CARRIAGE=x
2026-04-28 14:56:20 [WS PROFILE] send_gcode_and_wait: 6.8 ms | SET_DUAL_CARRIAGE CARRIAGE=y
2026-04-28 14:56:20 [WS PROFILE] select_carriage: 61.7 ms | 2 -> 1
2026-04-28 14:56:20 [WS PROFILE] send_gcode_and_wait: 10.2 ms | SET_DUAL_CARRIAGE CARRIAGE=x2
2026-04-28 14:56:20 [WS PROFILE] send_gcode_and_wait: 6.6 ms | SET_DUAL_CARRIAGE CARRIAGE=y2
2026-04-28 14:56:20 [WS PROFILE] select_carriage: 18.4 ms | 1 -> 2
2026-04-28 14:56:21 [WS PROFILE] get_z_positions: 247.7 ms | z1=25.0, z2=13.999999999999915
2026-04-28 14:56:21 [WS PROFILE] get_position: 744.2 ms | x1=0.0 y1=0.5 z1=25.0 x2=711.31 y2=-13.4 z2=13.999999999999915
2026-04-28 14:56:21 [MOVE PROFILE] z convergence loop took 744.8 ms (1 checks)
2026-04-28 14:56:21 [WS PROFILE] send_gcode_and_wait: 10.4 ms | SET_DUAL_CARRIAGE CARRIAGE=x
2026-04-28 14:56:21 [WS PROFILE] send_gcode_and_wait: 7.2 ms | SET_DUAL_CARRIAGE CARRIAGE=y
2026-04-28 14:56:21 [WS PROFILE] select_carriage: 19.4 ms | 2 -> 1
2026-04-28 14:56:21 [WS PROFILE] send_gcode_and_wait: 11.1 ms | SET_DUAL_CARRIAGE CARRIAGE=x2
2026-04-28 14:56:21 [WS PROFILE] send_gcode_and_wait: 6.8 ms | SET_DUAL_CARRIAGE CARRIAGE=y2
2026-04-28 14:56:21 [WS PROFILE] select_carriage: 19.2 ms | 1 -> 2
2026-04-28 14:56:21 [WS PROFILE] get_z_positions: 253.6 ms | z1=25.0, z2=13.999999999999915
2026-04-28 14:56:21 [WS PROFILE] get_position: 757.8 ms | x1=0.0 y1=0.5 z1=25.0 x2=711.31 y2=-13.4 z2=13.999999999999915
2026-04-28 14:56:21 [MOVE PROFILE] verify_mov took 760.8 ms
2026-04-28 14:56:21 [MOVE PROFILE] total move() time 2331.2 ms
2026-04-28 14:56:22 [WS PROFILE] send_gcode_and_wait: 13.0 ms | SET_DUAL_CARRIAGE CARRIAGE=x2
2026-04-28 14:56:22 [WS PROFILE] send_gcode_and_wait: 6.3 ms | SET_DUAL_CARRIAGE CARRIAGE=y2
2026-04-28 14:56:22 [WS PROFILE] select_carriage: 21.2 ms | 2 -> 2
2026-04-28 14:56:22 [MOVE PROFILE] queue carriage2 cmd took 22.5 ms
2026-04-28 14:56:22 [WS PROFILE] send_gcode_and_wait: 316.8 ms | M400
2026-04-28 14:56:22 [WS PROFILE] wait_for_moves: 318.7 ms
2026-04-28 14:56:22 [MOVE PROFILE] wait_for_moves took 320.2 ms
2026-04-28 14:56:22 [WS PROFILE] send_gcode_and_wait: 10.3 ms | SET_DUAL_CARRIAGE CARRIAGE=x
2026-04-28 14:56:22 [WS PROFILE] send_gcode_and_wait: 8.6 ms | SET_DUAL_CARRIAGE CARRIAGE=y
2026-04-28 14:56:22 [WS PROFILE] select_carriage: 22.4 ms | 2 -> 1
2026-04-28 14:56:22 [WS PROFILE] is_toolhead_moving:get_velocity: 213.2 ms | carriage=1, v=0.0
2026-04-28 14:56:22 [WS PROFILE] send_gcode_and_wait: 10.5 ms | SET_DUAL_CARRIAGE CARRIAGE=x2
2026-04-28 14:56:22 [WS PROFILE] send_gcode_and_wait: 8.5 ms | SET_DUAL_CARRIAGE CARRIAGE=y2
2026-04-28 14:56:22 [WS PROFILE] select_carriage: 20.3 ms | 1 -> 2
2026-04-28 14:56:22 [WS PROFILE] is_toolhead_moving:get_velocity: 252.9 ms | carriage=2, v=0.0
2026-04-28 14:56:22 [WS PROFILE] is_toolhead_moving: 469.6 ms | moving=False
2026-04-28 14:56:22 [MOVE PROFILE] velocity settle loop took 472.1 ms (0 checks)
2026-04-28 14:56:22 [WS PROFILE] send_gcode_and_wait: 11.6 ms | SET_DUAL_CARRIAGE CARRIAGE=x
2026-04-28 14:56:22 [WS PROFILE] send_gcode_and_wait: 8.2 ms | SET_DUAL_CARRIAGE CARRIAGE=y
2026-04-28 14:56:22 [WS PROFILE] select_carriage: 22.6 ms | 2 -> 1
2026-04-28 14:56:23 [WS PROFILE] send_gcode_and_wait: 10.6 ms | SET_DUAL_CARRIAGE CARRIAGE=x2
2026-04-28 14:56:23 [WS PROFILE] send_gcode_and_wait: 7.0 ms | SET_DUAL_CARRIAGE CARRIAGE=y2
2026-04-28 14:56:23 [WS PROFILE] select_carriage: 18.9 ms | 1 -> 2
2026-04-28 14:56:23 [WS PROFILE] get_z_positions: 250.4 ms | z1=25.0, z2=14.099999999999916
2026-04-28 14:56:23 [WS PROFILE] get_position: 742.6 ms | x1=0.0 y1=0.5 z1=25.0 x2=711.31 y2=-13.4 z2=14.099999999999916
2026-04-28 14:56:23 [MOVE PROFILE] z convergence loop took 744.2 ms (1 checks)
2026-04-28 14:56:23 [WS PROFILE] send_gcode_and_wait: 13.6 ms | SET_DUAL_CARRIAGE CARRIAGE=x
2026-04-28 14:56:23 [WS PROFILE] send_gcode_and_wait: 6.9 ms | SET_DUAL_CARRIAGE CARRIAGE=y
2026-04-28 14:56:23 [WS PROFILE] select_carriage: 25.5 ms | 2 -> 1
2026-04-28 14:56:23 [WS PROFILE] send_gcode_and_wait: 12.2 ms | SET_DUAL_CARRIAGE CARRIAGE=x2
2026-04-28 14:56:23 [WS PROFILE] send_gcode_and_wait: 7.4 ms | SET_DUAL_CARRIAGE CARRIAGE=y2
2026-04-28 14:56:23 [WS PROFILE] select_carriage: 22.3 ms | 1 -> 2
2026-04-28 14:56:24 [WS PROFILE] get_z_positions: 250.3 ms | z1=25.0, z2=14.099999999999916
2026-04-28 14:56:24 [WS PROFILE] get_position: 748.5 ms | x1=0.0 y1=0.5 z1=25.0 x2=711.31 y2=-13.4 z2=14.099999999999916
2026-04-28 14:56:24 [MOVE PROFILE] verify_mov took 750.2 ms
2026-04-28 14:56:24 [MOVE PROFILE] total move() time 2316.1 ms
2026-04-28 14:56:24 [WS PROFILE] send_gcode_and_wait: 13.0 ms | SET_DUAL_CARRIAGE CARRIAGE=x2
2026-04-28 14:56:24 [WS PROFILE] send_gcode_and_wait: 6.7 ms | SET_DUAL_CARRIAGE CARRIAGE=y2
2026-04-28 14:56:24 [WS PROFILE] select_carriage: 22.2 ms | 2 -> 2
2026-04-28 14:56:24 [MOVE PROFILE] queue carriage2 cmd took 23.1 ms
2026-04-28 14:56:24 [WS PROFILE] send_gcode_and_wait: 313.7 ms | M400
2026-04-28 14:56:24 [WS PROFILE] wait_for_moves: 315.5 ms
2026-04-28 14:56:24 [MOVE PROFILE] wait_for_moves took 317.0 ms
2026-04-28 14:56:24 [WS PROFILE] send_gcode_and_wait: 10.9 ms | SET_DUAL_CARRIAGE CARRIAGE=x
2026-04-28 14:56:24 [WS PROFILE] send_gcode_and_wait: 8.0 ms | SET_DUAL_CARRIAGE CARRIAGE=y
2026-04-28 14:56:24 [WS PROFILE] select_carriage: 21.8 ms | 2 -> 1
2026-04-28 14:56:25 [WS PROFILE] is_toolhead_moving:get_velocity: 237.2 ms | carriage=1, v=0.0
2026-04-28 14:56:25 [WS PROFILE] send_gcode_and_wait: 9.7 ms | SET_DUAL_CARRIAGE CARRIAGE=x2
2026-04-28 14:56:25 [WS PROFILE] send_gcode_and_wait: 6.8 ms | SET_DUAL_CARRIAGE CARRIAGE=y2
2026-04-28 14:56:25 [WS PROFILE] select_carriage: 18.3 ms | 1 -> 2
2026-04-28 14:56:25 [WS PROFILE] is_toolhead_moving:get_velocity: 249.0 ms | carriage=2, v=0.0
2026-04-28 14:56:25 [WS PROFILE] is_toolhead_moving: 489.6 ms | moving=False
2026-04-28 14:56:25 [MOVE PROFILE] velocity settle loop took 491.7 ms (0 checks)
2026-04-28 14:56:25 [WS PROFILE] send_gcode_and_wait: 10.8 ms | SET_DUAL_CARRIAGE CARRIAGE=x
2026-04-28 14:56:25 [WS PROFILE] send_gcode_and_wait: 6.9 ms | SET_DUAL_CARRIAGE CARRIAGE=y
2026-04-28 14:56:25 [WS PROFILE] select_carriage: 19.9 ms | 2 -> 1
2026-04-28 14:56:25 [WS PROFILE] send_gcode_and_wait: 10.8 ms | SET_DUAL_CARRIAGE CARRIAGE=x2
2026-04-28 14:56:25 [WS PROFILE] send_gcode_and_wait: 6.9 ms | SET_DUAL_CARRIAGE CARRIAGE=y2
2026-04-28 14:56:25 [WS PROFILE] select_carriage: 20.8 ms | 1 -> 2
2026-04-28 14:56:26 [WS PROFILE] get_z_positions: 249.5 ms | z1=25.0, z2=14.199999999999918
2026-04-28 14:56:26 [WS PROFILE] get_position: 749.4 ms | x1=0.0 y1=0.5 z1=25.0 x2=711.31 y2=-13.4 z2=14.199999999999918
2026-04-28 14:56:26 [MOVE PROFILE] z convergence loop took 751.0 ms (1 checks)
2026-04-28 14:56:26 [WS PROFILE] send_gcode_and_wait: 10.7 ms | SET_DUAL_CARRIAGE CARRIAGE=x
2026-04-28 14:56:26 [WS PROFILE] send_gcode_and_wait: 8.4 ms | SET_DUAL_CARRIAGE CARRIAGE=y
2026-04-28 14:56:26 [WS PROFILE] select_carriage: 22.7 ms | 2 -> 1
2026-04-28 14:56:26 [WS PROFILE] send_gcode_and_wait: 10.4 ms | SET_DUAL_CARRIAGE CARRIAGE=x2
2026-04-28 14:56:26 [WS PROFILE] send_gcode_and_wait: 6.6 ms | SET_DUAL_CARRIAGE CARRIAGE=y2
2026-04-28 14:56:26 [WS PROFILE] select_carriage: 18.4 ms | 1 -> 2
2026-04-28 14:56:26 [WS PROFILE] get_z_positions: 251.0 ms | z1=25.0, z2=14.199999999999918
2026-04-28 14:56:26 [WS PROFILE] get_position: 748.9 ms | x1=0.0 y1=0.5 z1=25.0 x2=711.31 y2=-13.4 z2=14.199999999999918
2026-04-28 14:56:26 [MOVE PROFILE] verify_mov took 750.1 ms
2026-04-28 14:56:26 [MOVE PROFILE] total move() time 2339.1 ms
2026-04-28 14:56:27 [WS PROFILE] send_gcode_and_wait: 12.9 ms | SET_DUAL_CARRIAGE CARRIAGE=x2
2026-04-28 14:56:27 [WS PROFILE] send_gcode_and_wait: 6.3 ms | SET_DUAL_CARRIAGE CARRIAGE=y2
2026-04-28 14:56:27 [WS PROFILE] select_carriage: 20.8 ms | 2 -> 2
2026-04-28 14:56:27 [MOVE PROFILE] queue carriage2 cmd took 21.9 ms
2026-04-28 14:56:27 [WS PROFILE] send_gcode_and_wait: 314.3 ms | M400
2026-04-28 14:56:27 [WS PROFILE] wait_for_moves: 316.0 ms
2026-04-28 14:56:27 [MOVE PROFILE] wait_for_moves took 317.6 ms
2026-04-28 14:56:27 [WS PROFILE] send_gcode_and_wait: 10.8 ms | SET_DUAL_CARRIAGE CARRIAGE=x
2026-04-28 14:56:27 [WS PROFILE] send_gcode_and_wait: 7.5 ms | SET_DUAL_CARRIAGE CARRIAGE=y
2026-04-28 14:56:27 [WS PROFILE] select_carriage: 22.0 ms | 2 -> 1
2026-04-28 14:56:27 [WS PROFILE] is_toolhead_moving:get_velocity: 244.0 ms | carriage=1, v=0.0
2026-04-28 14:56:27 [WS PROFILE] send_gcode_and_wait: 11.2 ms | SET_DUAL_CARRIAGE CARRIAGE=x2
2026-04-28 14:56:27 [WS PROFILE] send_gcode_and_wait: 17.3 ms | SET_DUAL_CARRIAGE CARRIAGE=y2
2026-04-28 14:56:27 [WS PROFILE] select_carriage: 30.8 ms | 1 -> 2
2026-04-28 14:56:27 [WS PROFILE] is_toolhead_moving:get_velocity: 249.3 ms | carriage=2, v=0.0
2026-04-28 14:56:27 [WS PROFILE] is_toolhead_moving: 496.4 ms | moving=False
2026-04-28 14:56:27 [MOVE PROFILE] velocity settle loop took 497.9 ms (0 checks)
2026-04-28 14:56:27 [WS PROFILE] send_gcode_and_wait: 9.5 ms | SET_DUAL_CARRIAGE CARRIAGE=x
2026-04-28 14:56:27 [WS PROFILE] send_gcode_and_wait: 8.0 ms | SET_DUAL_CARRIAGE CARRIAGE=y
2026-04-28 14:56:27 [WS PROFILE] select_carriage: 19.2 ms | 2 -> 1
2026-04-28 14:56:28 [WS PROFILE] send_gcode_and_wait: 10.7 ms | SET_DUAL_CARRIAGE CARRIAGE=x2
2026-04-28 14:56:28 [WS PROFILE] send_gcode_and_wait: 7.9 ms | SET_DUAL_CARRIAGE CARRIAGE=y2
2026-04-28 14:56:28 [WS PROFILE] select_carriage: 20.1 ms | 1 -> 2
2026-04-28 14:56:28 [WS PROFILE] get_z_positions: 250.2 ms | z1=25.0, z2=14.299999999999919
2026-04-28 14:56:28 [WS PROFILE] get_position: 749.1 ms | x1=0.0 y1=0.5 z1=25.0 x2=711.31 y2=-13.4 z2=14.299999999999919
2026-04-28 14:56:28 [MOVE PROFILE] z convergence loop took 750.7 ms (1 checks)
2026-04-28 14:56:28 [WS PROFILE] send_gcode_and_wait: 10.9 ms | SET_DUAL_CARRIAGE CARRIAGE=x
2026-04-28 14:56:28 [WS PROFILE] send_gcode_and_wait: 7.3 ms | SET_DUAL_CARRIAGE CARRIAGE=y
2026-04-28 14:56:28 [WS PROFILE] select_carriage: 24.2 ms | 2 -> 1
2026-04-28 14:56:28 [WS PROFILE] send_gcode_and_wait: 10.7 ms | SET_DUAL_CARRIAGE CARRIAGE=x2
2026-04-28 14:56:28 [WS PROFILE] send_gcode_and_wait: 9.2 ms | SET_DUAL_CARRIAGE CARRIAGE=y2
2026-04-28 14:56:28 [WS PROFILE] select_carriage: 21.7 ms | 1 -> 2
2026-04-28 14:56:29 [WS PROFILE] get_z_positions: 249.9 ms | z1=25.0, z2=14.299999999999919
2026-04-28 14:56:29 [WS PROFILE] get_position: 748.4 ms | x1=0.0 y1=0.5 z1=25.0 x2=711.31 y2=-13.4 z2=14.299999999999919
2026-04-28 14:56:29 [MOVE PROFILE] verify_mov took 750.1 ms
2026-04-28 14:56:29 [MOVE PROFILE] total move() time 2345.1 ms
2026-04-28 14:56:29 [WS PROFILE] send_gcode_and_wait: 14.1 ms | SET_DUAL_CARRIAGE CARRIAGE=x2
2026-04-28 14:56:29 [WS PROFILE] send_gcode_and_wait: 6.7 ms | SET_DUAL_CARRIAGE CARRIAGE=y2
2026-04-28 14:56:29 [WS PROFILE] select_carriage: 24.7 ms | 2 -> 2
2026-04-28 14:56:29 [MOVE PROFILE] queue carriage2 cmd took 28.0 ms
2026-04-28 14:56:29 [WS PROFILE] send_gcode_and_wait: 315.1 ms | M400
2026-04-28 14:56:29 [WS PROFILE] wait_for_moves: 316.8 ms
2026-04-28 14:56:29 [MOVE PROFILE] wait_for_moves took 318.4 ms
2026-04-28 14:56:29 [WS PROFILE] send_gcode_and_wait: 10.6 ms | SET_DUAL_CARRIAGE CARRIAGE=x
2026-04-28 14:56:30 [WS PROFILE] send_gcode_and_wait: 7.3 ms | SET_DUAL_CARRIAGE CARRIAGE=y
2026-04-28 14:56:30 [WS PROFILE] select_carriage: 21.2 ms | 2 -> 1
2026-04-28 14:56:30 [WS PROFILE] is_toolhead_moving:get_velocity: 248.8 ms | carriage=1, v=0.0
2026-04-28 14:56:30 [WS PROFILE] send_gcode_and_wait: 14.3 ms | SET_DUAL_CARRIAGE CARRIAGE=x2
2026-04-28 14:56:30 [WS PROFILE] send_gcode_and_wait: 6.8 ms | SET_DUAL_CARRIAGE CARRIAGE=y2
2026-04-28 14:56:30 [WS PROFILE] select_carriage: 22.8 ms | 1 -> 2
2026-04-28 14:56:30 [WS PROFILE] is_toolhead_moving:get_velocity: 220.2 ms | carriage=2, v=0.0
2026-04-28 14:56:30 [WS PROFILE] is_toolhead_moving: 471.5 ms | moving=False
2026-04-28 14:56:30 [MOVE PROFILE] velocity settle loop took 472.1 ms (0 checks)
2026-04-28 14:56:30 [WS PROFILE] send_gcode_and_wait: 10.8 ms | SET_DUAL_CARRIAGE CARRIAGE=x
2026-04-28 14:56:30 [WS PROFILE] send_gcode_and_wait: 6.9 ms | SET_DUAL_CARRIAGE CARRIAGE=y
2026-04-28 14:56:30 [WS PROFILE] select_carriage: 19.9 ms | 2 -> 1
2026-04-28 14:56:30 [WS PROFILE] send_gcode_and_wait: 10.8 ms | SET_DUAL_CARRIAGE CARRIAGE=x2
2026-04-28 14:56:30 [WS PROFILE] send_gcode_and_wait: 6.7 ms | SET_DUAL_CARRIAGE CARRIAGE=y2
2026-04-28 14:56:30 [WS PROFILE] select_carriage: 19.2 ms | 1 -> 2
2026-04-28 14:56:31 [WS PROFILE] get_z_positions: 254.4 ms | z1=25.0, z2=14.39999999999992
2026-04-28 14:56:31 [WS PROFILE] get_position: 753.3 ms | x1=0.0 y1=0.5 z1=25.0 x2=711.31 y2=-13.4 z2=14.39999999999992
2026-04-28 14:56:31 [MOVE PROFILE] z convergence loop took 754.9 ms (1 checks)
2026-04-28 14:56:31 [WS PROFILE] send_gcode_and_wait: 9.6 ms | SET_DUAL_CARRIAGE CARRIAGE=x
2026-04-28 14:56:31 [WS PROFILE] send_gcode_and_wait: 7.2 ms | SET_DUAL_CARRIAGE CARRIAGE=y
2026-04-28 14:56:31 [WS PROFILE] select_carriage: 20.2 ms | 2 -> 1
2026-04-28 14:56:31 [WS PROFILE] send_gcode_and_wait: 11.1 ms | SET_DUAL_CARRIAGE CARRIAGE=x2
2026-04-28 14:56:31 [WS PROFILE] send_gcode_and_wait: 7.9 ms | SET_DUAL_CARRIAGE CARRIAGE=y2
2026-04-28 14:56:31 [WS PROFILE] select_carriage: 24.2 ms | 1 -> 2
2026-04-28 14:56:31 [WS PROFILE] get_z_positions: 246.9 ms | z1=25.0, z2=14.39999999999992
2026-04-28 14:56:31 [WS PROFILE] get_position: 744.7 ms | x1=0.0 y1=0.5 z1=25.0 x2=711.31 y2=-13.4 z2=14.39999999999992
2026-04-28 14:56:31 [MOVE PROFILE] verify_mov took 746.6 ms
2026-04-28 14:56:31 [MOVE PROFILE] total move() time 2326.8 ms
2026-04-28 14:56:32 [WS PROFILE] send_gcode_and_wait: 13.6 ms | SET_DUAL_CARRIAGE CARRIAGE=x2
2026-04-28 14:56:32 [WS PROFILE] send_gcode_and_wait: 6.5 ms | SET_DUAL_CARRIAGE CARRIAGE=y2
2026-04-28 14:56:32 [WS PROFILE] select_carriage: 22.0 ms | 2 -> 2
2026-04-28 14:56:32 [MOVE PROFILE] queue carriage2 cmd took 23.0 ms
2026-04-28 14:56:32 [WS PROFILE] send_gcode_and_wait: 317.8 ms | M400
2026-04-28 14:56:32 [WS PROFILE] wait_for_moves: 319.4 ms
2026-04-28 14:56:32 [MOVE PROFILE] wait_for_moves took 321.0 ms
2026-04-28 14:56:32 [WS PROFILE] send_gcode_and_wait: 10.8 ms | SET_DUAL_CARRIAGE CARRIAGE=x
2026-04-28 14:56:32 [WS PROFILE] send_gcode_and_wait: 8.1 ms | SET_DUAL_CARRIAGE CARRIAGE=y
2026-04-28 14:56:32 [WS PROFILE] select_carriage: 22.4 ms | 2 -> 1
2026-04-28 14:56:32 [WS PROFILE] is_toolhead_moving:get_velocity: 207.0 ms | carriage=1, v=0.0
2026-04-28 14:56:32 [WS PROFILE] send_gcode_and_wait: 10.8 ms | SET_DUAL_CARRIAGE CARRIAGE=x2
2026-04-28 14:56:32 [WS PROFILE] send_gcode_and_wait: 7.8 ms | SET_DUAL_CARRIAGE CARRIAGE=y2
2026-04-28 14:56:32 [WS PROFILE] select_carriage: 23.1 ms | 1 -> 2
2026-04-28 14:56:32 [WS PROFILE] is_toolhead_moving:get_velocity: 246.2 ms | carriage=2, v=0.0
2026-04-28 14:56:32 [WS PROFILE] is_toolhead_moving: 456.7 ms | moving=False
2026-04-28 14:56:32 [MOVE PROFILE] velocity settle loop took 458.1 ms (0 checks)
2026-04-28 14:56:32 [WS PROFILE] send_gcode_and_wait: 10.1 ms | SET_DUAL_CARRIAGE CARRIAGE=x
2026-04-28 14:56:32 [WS PROFILE] send_gcode_and_wait: 12.6 ms | SET_DUAL_CARRIAGE CARRIAGE=y
2026-04-28 14:56:32 [WS PROFILE] select_carriage: 24.7 ms | 2 -> 1
2026-04-28 14:56:33 [WS PROFILE] send_gcode_and_wait: 10.9 ms | SET_DUAL_CARRIAGE CARRIAGE=x2
2026-04-28 14:56:33 [WS PROFILE] send_gcode_and_wait: 7.5 ms | SET_DUAL_CARRIAGE CARRIAGE=y2
2026-04-28 14:56:33 [WS PROFILE] select_carriage: 21.9 ms | 1 -> 2
2026-04-28 14:56:33 [WS PROFILE] get_z_positions: 250.5 ms | z1=25.0, z2=14.499999999999922
2026-04-28 14:56:33 [WS PROFILE] get_position: 753.0 ms | x1=0.0 y1=0.5 z1=25.0 x2=711.31 y2=-13.4 z2=14.499999999999922
2026-04-28 14:56:33 [MOVE PROFILE] z convergence loop took 754.5 ms (1 checks)
2026-04-28 14:56:33 [WS PROFILE] send_gcode_and_wait: 10.9 ms | SET_DUAL_CARRIAGE CARRIAGE=x
2026-04-28 14:56:33 [WS PROFILE] send_gcode_and_wait: 8.0 ms | SET_DUAL_CARRIAGE CARRIAGE=y
2026-04-28 14:56:33 [WS PROFILE] select_carriage: 23.5 ms | 2 -> 1
2026-04-28 14:56:33 [WS PROFILE] send_gcode_and_wait: 13.7 ms | SET_DUAL_CARRIAGE CARRIAGE=x2
2026-04-28 14:56:33 [WS PROFILE] send_gcode_and_wait: 8.0 ms | SET_DUAL_CARRIAGE CARRIAGE=y2
2026-04-28 14:56:33 [WS PROFILE] select_carriage: 23.8 ms | 1 -> 2
2026-04-28 14:56:34 [WS PROFILE] get_z_positions: 250.1 ms | z1=25.0, z2=14.499999999999922
2026-04-28 14:56:34 [WS PROFILE] get_position: 749.0 ms | x1=0.0 y1=0.5 z1=25.0 x2=711.31 y2=-13.4 z2=14.499999999999922
2026-04-28 14:56:34 [MOVE PROFILE] verify_mov took 750.7 ms
2026-04-28 14:56:34 [MOVE PROFILE] total move() time 2314.3 ms
2026-04-28 14:56:34 [WS PROFILE] send_gcode_and_wait: 13.1 ms | SET_DUAL_CARRIAGE CARRIAGE=x2
2026-04-28 14:56:34 [WS PROFILE] send_gcode_and_wait: 6.2 ms | SET_DUAL_CARRIAGE CARRIAGE=y2
2026-04-28 14:56:34 [WS PROFILE] select_carriage: 20.8 ms | 2 -> 2
2026-04-28 14:56:34 [MOVE PROFILE] queue carriage2 cmd took 21.8 ms
2026-04-28 14:56:35 [WS PROFILE] send_gcode_and_wait: 314.2 ms | M400
2026-04-28 14:56:35 [WS PROFILE] wait_for_moves: 315.0 ms
2026-04-28 14:56:35 [MOVE PROFILE] wait_for_moves took 315.6 ms
2026-04-28 14:56:35 [WS PROFILE] send_gcode_and_wait: 9.8 ms | SET_DUAL_CARRIAGE CARRIAGE=x
2026-04-28 14:56:35 [WS PROFILE] send_gcode_and_wait: 6.4 ms | SET_DUAL_CARRIAGE CARRIAGE=y
2026-04-28 14:56:35 [WS PROFILE] select_carriage: 17.8 ms | 2 -> 1
2026-04-28 14:56:35 [WS PROFILE] is_toolhead_moving:get_velocity: 212.8 ms | carriage=1, v=0.0
2026-04-28 14:56:35 [WS PROFILE] send_gcode_and_wait: 10.8 ms | SET_DUAL_CARRIAGE CARRIAGE=x2
2026-04-28 14:56:35 [WS PROFILE] send_gcode_and_wait: 12.5 ms | SET_DUAL_CARRIAGE CARRIAGE=y2
2026-04-28 14:56:35 [WS PROFILE] select_carriage: 26.7 ms | 1 -> 2
2026-04-28 14:56:35 [WS PROFILE] is_toolhead_moving:get_velocity: 245.1 ms | carriage=2, v=0.0
2026-04-28 14:56:35 [WS PROFILE] is_toolhead_moving: 460.2 ms | moving=False
2026-04-28 14:56:35 [MOVE PROFILE] velocity settle loop took 460.8 ms (0 checks)
2026-04-28 14:56:35 [WS PROFILE] send_gcode_and_wait: 10.9 ms | SET_DUAL_CARRIAGE CARRIAGE=x
2026-04-28 14:56:35 [WS PROFILE] send_gcode_and_wait: 7.2 ms | SET_DUAL_CARRIAGE CARRIAGE=y
2026-04-28 14:56:35 [WS PROFILE] select_carriage: 19.5 ms | 2 -> 1
2026-04-28 14:56:35 [WS PROFILE] send_gcode_and_wait: 10.2 ms | SET_DUAL_CARRIAGE CARRIAGE=x2
2026-04-28 14:56:35 [WS PROFILE] send_gcode_and_wait: 7.1 ms | SET_DUAL_CARRIAGE CARRIAGE=y2
2026-04-28 14:56:35 [WS PROFILE] select_carriage: 21.4 ms | 1 -> 2
2026-04-28 14:56:36 [WS PROFILE] get_z_positions: 254.5 ms | z1=25.0, z2=14.599999999999923
2026-04-28 14:56:36 [WS PROFILE] get_position: 752.5 ms | x1=0.0 y1=0.5 z1=25.0 x2=711.31 y2=-13.4 z2=14.599999999999923
2026-04-28 14:56:36 [MOVE PROFILE] z convergence loop took 754.3 ms (1 checks)
2026-04-28 14:56:36 [WS PROFILE] send_gcode_and_wait: 11.6 ms | SET_DUAL_CARRIAGE CARRIAGE=x
2026-04-28 14:56:36 [WS PROFILE] send_gcode_and_wait: 7.9 ms | SET_DUAL_CARRIAGE CARRIAGE=y
2026-04-28 14:56:36 [WS PROFILE] select_carriage: 23.9 ms | 2 -> 1
2026-04-28 14:56:36 [WS PROFILE] send_gcode_and_wait: 11.1 ms | SET_DUAL_CARRIAGE CARRIAGE=x2
2026-04-28 14:56:36 [WS PROFILE] send_gcode_and_wait: 7.9 ms | SET_DUAL_CARRIAGE CARRIAGE=y2
2026-04-28 14:56:36 [WS PROFILE] select_carriage: 23.4 ms | 1 -> 2
2026-04-28 14:56:36 [WS PROFILE] get_z_positions: 246.2 ms | z1=25.0, z2=14.599999999999923
2026-04-28 14:56:36 [WS PROFILE] get_position: 742.3 ms | x1=0.0 y1=0.5 z1=25.0 x2=711.31 y2=-13.4 z2=14.599999999999923
2026-04-28 14:56:36 [MOVE PROFILE] verify_mov took 742.9 ms
2026-04-28 14:56:36 [MOVE PROFILE] total move() time 2299.3 ms
2026-04-28 14:56:37 [WS PROFILE] send_gcode_and_wait: 13.5 ms | SET_DUAL_CARRIAGE CARRIAGE=x2
2026-04-28 14:56:37 [WS PROFILE] send_gcode_and_wait: 12.0 ms | SET_DUAL_CARRIAGE CARRIAGE=y2
2026-04-28 14:56:37 [WS PROFILE] select_carriage: 27.1 ms | 2 -> 2
2026-04-28 14:56:37 [MOVE PROFILE] queue carriage2 cmd took 27.9 ms
2026-04-28 14:56:37 [WS PROFILE] send_gcode_and_wait: 314.1 ms | M400
2026-04-28 14:56:37 [WS PROFILE] wait_for_moves: 315.9 ms
2026-04-28 14:56:37 [MOVE PROFILE] wait_for_moves took 317.5 ms
2026-04-28 14:56:37 [WS PROFILE] send_gcode_and_wait: 10.8 ms | SET_DUAL_CARRIAGE CARRIAGE=x
2026-04-28 14:56:37 [WS PROFILE] send_gcode_and_wait: 15.5 ms | SET_DUAL_CARRIAGE CARRIAGE=y
2026-04-28 14:56:37 [WS PROFILE] select_carriage: 29.9 ms | 2 -> 1
2026-04-28 14:56:37 [WS PROFILE] is_toolhead_moving:get_velocity: 226.1 ms | carriage=1, v=0.0
2026-04-28 14:56:37 [WS PROFILE] send_gcode_and_wait: 14.6 ms | SET_DUAL_CARRIAGE CARRIAGE=x2
2026-04-28 14:56:37 [WS PROFILE] send_gcode_and_wait: 8.6 ms | SET_DUAL_CARRIAGE CARRIAGE=y2
2026-04-28 14:56:37 [WS PROFILE] select_carriage: 26.6 ms | 1 -> 2
2026-04-28 14:56:37 [WS PROFILE] is_toolhead_moving:get_velocity: 245.3 ms | carriage=2, v=0.0
2026-04-28 14:56:37 [WS PROFILE] is_toolhead_moving: 475.1 ms | moving=False
2026-04-28 14:56:37 [MOVE PROFILE] velocity settle loop took 476.8 ms (0 checks)
2026-04-28 14:56:37 [WS PROFILE] send_gcode_and_wait: 10.4 ms | SET_DUAL_CARRIAGE CARRIAGE=x
2026-04-28 14:56:38 [WS PROFILE] send_gcode_and_wait: 34.9 ms | SET_DUAL_CARRIAGE CARRIAGE=y
2026-04-28 14:56:38 [WS PROFILE] select_carriage: 47.3 ms | 2 -> 1
2026-04-28 14:56:38 [WS PROFILE] send_gcode_and_wait: 10.0 ms | SET_DUAL_CARRIAGE CARRIAGE=x2
2026-04-28 14:56:38 [WS PROFILE] send_gcode_and_wait: 15.4 ms | SET_DUAL_CARRIAGE CARRIAGE=y2
2026-04-28 14:56:38 [WS PROFILE] select_carriage: 29.8 ms | 1 -> 2
2026-04-28 14:56:38 [WS PROFILE] get_z_positions: 250.8 ms | z1=25.0, z2=14.699999999999925
2026-04-28 14:56:38 [WS PROFILE] get_position: 752.0 ms | x1=0.0 y1=0.5 z1=25.0 x2=711.31 y2=-13.4 z2=14.699999999999925
2026-04-28 14:56:38 [MOVE PROFILE] z convergence loop took 753.7 ms (1 checks)
2026-04-28 14:56:38 [WS PROFILE] send_gcode_and_wait: 18.2 ms | SET_DUAL_CARRIAGE CARRIAGE=x
2026-04-28 14:56:38 [WS PROFILE] send_gcode_and_wait: 7.2 ms | SET_DUAL_CARRIAGE CARRIAGE=y
2026-04-28 14:56:38 [WS PROFILE] select_carriage: 29.4 ms | 2 -> 1
2026-04-28 14:56:38 [WS PROFILE] send_gcode_and_wait: 18.7 ms | SET_DUAL_CARRIAGE CARRIAGE=x2
2026-04-28 14:56:39 [WS PROFILE] send_gcode_and_wait: 7.2 ms | SET_DUAL_CARRIAGE CARRIAGE=y2
2026-04-28 14:56:39 [WS PROFILE] select_carriage: 27.7 ms | 1 -> 2
2026-04-28 14:56:39 [WS PROFILE] get_z_positions: 250.4 ms | z1=25.0, z2=14.699999999999925
2026-04-28 14:56:39 [WS PROFILE] get_position: 748.2 ms | x1=0.0 y1=0.5 z1=25.0 x2=711.31 y2=-13.4 z2=14.699999999999925
2026-04-28 14:56:39 [MOVE PROFILE] verify_mov took 751.2 ms
2026-04-28 14:56:39 [MOVE PROFILE] total move() time 2334.9 ms
2026-04-28 14:56:39 [WS PROFILE] send_gcode_and_wait: 12.9 ms | SET_DUAL_CARRIAGE CARRIAGE=x2
2026-04-28 14:56:39 [WS PROFILE] send_gcode_and_wait: 7.0 ms | SET_DUAL_CARRIAGE CARRIAGE=y2
2026-04-28 14:56:39 [WS PROFILE] select_carriage: 21.7 ms | 2 -> 2
2026-04-28 14:56:39 [MOVE PROFILE] queue carriage2 cmd took 22.7 ms
2026-04-28 14:56:39 [WS PROFILE] send_gcode_and_wait: 327.2 ms | M400
2026-04-28 14:56:39 [WS PROFILE] wait_for_moves: 329.0 ms
2026-04-28 14:56:39 [MOVE PROFILE] wait_for_moves took 330.7 ms
2026-04-28 14:56:40 [WS PROFILE] send_gcode_and_wait: 34.7 ms | SET_DUAL_CARRIAGE CARRIAGE=x
2026-04-28 14:56:40 [WS PROFILE] send_gcode_and_wait: 21.0 ms | SET_DUAL_CARRIAGE CARRIAGE=y
2026-04-28 14:56:40 [WS PROFILE] select_carriage: 65.0 ms | 2 -> 1
2026-04-28 14:56:40 [WS PROFILE] is_toolhead_moving:get_velocity: 246.5 ms | carriage=1, v=0.0
2026-04-28 14:56:40 [WS PROFILE] send_gcode_and_wait: 10.7 ms | SET_DUAL_CARRIAGE CARRIAGE=x2
2026-04-28 14:56:40 [WS PROFILE] send_gcode_and_wait: 10.8 ms | SET_DUAL_CARRIAGE CARRIAGE=y2
2026-04-28 14:56:40 [WS PROFILE] select_carriage: 24.9 ms | 1 -> 2
2026-04-28 14:56:40 [WS PROFILE] is_toolhead_moving:get_velocity: 249.3 ms | carriage=2, v=0.0
2026-04-28 14:56:40 [WS PROFILE] is_toolhead_moving: 498.7 ms | moving=False
2026-04-28 14:56:40 [MOVE PROFILE] velocity settle loop took 499.3 ms (0 checks)
2026-04-28 14:56:40 [WS PROFILE] send_gcode_and_wait: 11.8 ms | SET_DUAL_CARRIAGE CARRIAGE=x
2026-04-28 14:56:40 [WS PROFILE] send_gcode_and_wait: 6.9 ms | SET_DUAL_CARRIAGE CARRIAGE=y
2026-04-28 14:56:40 [WS PROFILE] select_carriage: 20.3 ms | 2 -> 1
2026-04-28 14:56:40 [WS PROFILE] send_gcode_and_wait: 11.1 ms | SET_DUAL_CARRIAGE CARRIAGE=x2
2026-04-28 14:56:40 [WS PROFILE] send_gcode_and_wait: 7.2 ms | SET_DUAL_CARRIAGE CARRIAGE=y2
2026-04-28 14:56:40 [WS PROFILE] select_carriage: 21.3 ms | 1 -> 2
2026-04-28 14:56:41 [WS PROFILE] get_z_positions: 251.6 ms | z1=25.0, z2=14.799999999999926
2026-04-28 14:56:41 [WS PROFILE] get_position: 748.3 ms | x1=0.0 y1=0.5 z1=25.0 x2=711.31 y2=-13.4 z2=14.799999999999926
2026-04-28 14:56:41 [MOVE PROFILE] z convergence loop took 749.6 ms (1 checks)
2026-04-28 14:56:41 [WS PROFILE] send_gcode_and_wait: 10.1 ms | SET_DUAL_CARRIAGE CARRIAGE=x
2026-04-28 14:56:41 [WS PROFILE] send_gcode_and_wait: 7.6 ms | SET_DUAL_CARRIAGE CARRIAGE=y
2026-04-28 14:56:41 [WS PROFILE] select_carriage: 21.5 ms | 2 -> 1
2026-04-28 14:56:41 [WS PROFILE] send_gcode_and_wait: 11.2 ms | SET_DUAL_CARRIAGE CARRIAGE=x2
2026-04-28 14:56:41 [WS PROFILE] send_gcode_and_wait: 6.8 ms | SET_DUAL_CARRIAGE CARRIAGE=y2
2026-04-28 14:56:41 [WS PROFILE] select_carriage: 20.5 ms | 1 -> 2
2026-04-28 14:56:41 [WS PROFILE] get_z_positions: 247.0 ms | z1=25.0, z2=14.799999999999926
2026-04-28 14:56:41 [WS PROFILE] get_position: 748.2 ms | x1=0.0 y1=0.5 z1=25.0 x2=711.31 y2=-13.4 z2=14.799999999999926
2026-04-28 14:56:41 [MOVE PROFILE] verify_mov took 749.9 ms
2026-04-28 14:56:41 [MOVE PROFILE] total move() time 2358.8 ms
2026-04-28 14:56:42 [WS PROFILE] send_gcode_and_wait: 9.5 ms | SET_DUAL_CARRIAGE CARRIAGE=x2
2026-04-28 14:56:42 [WS PROFILE] send_gcode_and_wait: 8.6 ms | SET_DUAL_CARRIAGE CARRIAGE=y2
2026-04-28 14:56:42 [WS PROFILE] select_carriage: 19.7 ms | 2 -> 2
2026-04-28 14:56:42 [MOVE PROFILE] queue carriage2 cmd took 20.6 ms
2026-04-28 14:56:42 [WS PROFILE] send_gcode_and_wait: 316.4 ms | M400
2026-04-28 14:56:42 [WS PROFILE] wait_for_moves: 318.0 ms
2026-04-28 14:56:42 [MOVE PROFILE] wait_for_moves took 319.7 ms
2026-04-28 14:56:42 [WS PROFILE] send_gcode_and_wait: 80.6 ms | SET_DUAL_CARRIAGE CARRIAGE=x
2026-04-28 14:56:42 [WS PROFILE] send_gcode_and_wait: 29.0 ms | SET_DUAL_CARRIAGE CARRIAGE=y
2026-04-28 14:56:42 [WS PROFILE] select_carriage: 112.4 ms | 2 -> 1
2026-04-28 14:56:42 [WS PROFILE] is_toolhead_moving:get_velocity: 206.6 ms | carriage=1, v=0.0
2026-04-28 14:56:42 [WS PROFILE] send_gcode_and_wait: 10.6 ms | SET_DUAL_CARRIAGE CARRIAGE=x2
2026-04-28 14:56:42 [WS PROFILE] send_gcode_and_wait: 7.9 ms | SET_DUAL_CARRIAGE CARRIAGE=y2
2026-04-28 14:56:42 [WS PROFILE] select_carriage: 20.7 ms | 1 -> 2
2026-04-28 14:56:42 [WS PROFILE] is_toolhead_moving:get_velocity: 247.9 ms | carriage=2, v=0.0
2026-04-28 14:56:42 [WS PROFILE] is_toolhead_moving: 456.8 ms | moving=False
2026-04-28 14:56:42 [MOVE PROFILE] velocity settle loop took 457.8 ms (0 checks)
2026-04-28 14:56:43 [WS PROFILE] send_gcode_and_wait: 9.4 ms | SET_DUAL_CARRIAGE CARRIAGE=x
2026-04-28 14:56:43 [WS PROFILE] send_gcode_and_wait: 8.2 ms | SET_DUAL_CARRIAGE CARRIAGE=y
2026-04-28 14:56:43 [WS PROFILE] select_carriage: 19.7 ms | 2 -> 1
2026-04-28 14:56:43 [WS PROFILE] send_gcode_and_wait: 10.4 ms | SET_DUAL_CARRIAGE CARRIAGE=x2
2026-04-28 14:56:43 [WS PROFILE] send_gcode_and_wait: 8.3 ms | SET_DUAL_CARRIAGE CARRIAGE=y2
2026-04-28 14:56:43 [WS PROFILE] select_carriage: 22.5 ms | 1 -> 2
2026-04-28 14:56:43 [WS PROFILE] get_z_positions: 249.6 ms | z1=25.0, z2=14.899999999999928
2026-04-28 14:56:43 [WS PROFILE] get_position: 750.5 ms | x1=0.0 y1=0.5 z1=25.0 x2=711.31 y2=-13.4 z2=14.899999999999928
2026-04-28 14:56:43 [MOVE PROFILE] z convergence loop took 751.6 ms (1 checks)
2026-04-28 14:56:43 [WS PROFILE] send_gcode_and_wait: 12.2 ms | SET_DUAL_CARRIAGE CARRIAGE=x
2026-04-28 14:56:43 [WS PROFILE] send_gcode_and_wait: 7.5 ms | SET_DUAL_CARRIAGE CARRIAGE=y
2026-04-28 14:56:43 [WS PROFILE] select_carriage: 22.7 ms | 2 -> 1
2026-04-28 14:56:43 [WS PROFILE] send_gcode_and_wait: 10.2 ms | SET_DUAL_CARRIAGE CARRIAGE=x2
2026-04-28 14:56:44 [WS PROFILE] send_gcode_and_wait: 8.4 ms | SET_DUAL_CARRIAGE CARRIAGE=y2
2026-04-28 14:56:44 [WS PROFILE] select_carriage: 20.8 ms | 1 -> 2
2026-04-28 14:56:44 [WS PROFILE] get_z_positions: 251.1 ms | z1=25.0, z2=14.899999999999928
2026-04-28 14:56:44 [WS PROFILE] get_position: 751.1 ms | x1=0.0 y1=0.5 z1=25.0 x2=711.31 y2=-13.4 z2=14.899999999999928
2026-04-28 14:56:44 [MOVE PROFILE] verify_mov took 752.8 ms
2026-04-28 14:56:44 [MOVE PROFILE] total move() time 2308.9 ms
2026-04-28 14:56:44 [WS PROFILE] send_gcode_and_wait: 15.4 ms | SET_DUAL_CARRIAGE CARRIAGE=x2
2026-04-28 14:56:44 [WS PROFILE] send_gcode_and_wait: 6.2 ms | SET_DUAL_CARRIAGE CARRIAGE=y2
2026-04-28 14:56:44 [WS PROFILE] select_carriage: 23.0 ms | 2 -> 2
2026-04-28 14:56:44 [MOVE PROFILE] queue carriage2 cmd took 24.1 ms
2026-04-28 14:56:45 [WS PROFILE] send_gcode_and_wait: 317.0 ms | M400
2026-04-28 14:56:45 [WS PROFILE] wait_for_moves: 317.9 ms
2026-04-28 14:56:45 [MOVE PROFILE] wait_for_moves took 318.5 ms
2026-04-28 14:56:45 [WS PROFILE] send_gcode_and_wait: 8.3 ms | SET_DUAL_CARRIAGE CARRIAGE=x
2026-04-28 14:56:45 [WS PROFILE] send_gcode_and_wait: 6.2 ms | SET_DUAL_CARRIAGE CARRIAGE=y
2026-04-28 14:56:45 [WS PROFILE] select_carriage: 16.3 ms | 2 -> 1
2026-04-28 14:56:45 [WS PROFILE] is_toolhead_moving:get_velocity: 202.3 ms | carriage=1, v=0.0
2026-04-28 14:56:45 [WS PROFILE] send_gcode_and_wait: 11.0 ms | SET_DUAL_CARRIAGE CARRIAGE=x2
2026-04-28 14:56:45 [WS PROFILE] send_gcode_and_wait: 8.6 ms | SET_DUAL_CARRIAGE CARRIAGE=y2
2026-04-28 14:56:45 [WS PROFILE] select_carriage: 24.6 ms | 1 -> 2
2026-04-28 14:56:45 [WS PROFILE] is_toolhead_moving:get_velocity: 250.7 ms | carriage=2, v=0.0
2026-04-28 14:56:45 [WS PROFILE] is_toolhead_moving: 455.6 ms | moving=False
2026-04-28 14:56:45 [MOVE PROFILE] velocity settle loop took 456.1 ms (0 checks)
2026-04-28 14:56:45 [WS PROFILE] send_gcode_and_wait: 10.5 ms | SET_DUAL_CARRIAGE CARRIAGE=x
2026-04-28 14:56:45 [WS PROFILE] send_gcode_and_wait: 7.5 ms | SET_DUAL_CARRIAGE CARRIAGE=y
2026-04-28 14:56:45 [WS PROFILE] select_carriage: 19.4 ms | 2 -> 1
2026-04-28 14:56:45 [WS PROFILE] send_gcode_and_wait: 10.9 ms | SET_DUAL_CARRIAGE CARRIAGE=x2
2026-04-28 14:56:45 [WS PROFILE] send_gcode_and_wait: 6.4 ms | SET_DUAL_CARRIAGE CARRIAGE=y2
2026-04-28 14:56:45 [WS PROFILE] select_carriage: 20.3 ms | 1 -> 2
2026-04-28 14:56:46 [WS PROFILE] get_z_positions: 249.6 ms | z1=25.0, z2=14.999999999999929
2026-04-28 14:56:46 [WS PROFILE] get_position: 748.5 ms | x1=0.0 y1=0.5 z1=25.0 x2=711.31 y2=-13.4 z2=14.999999999999929
2026-04-28 14:56:46 [MOVE PROFILE] z convergence loop took 749.6 ms (1 checks)
2026-04-28 14:56:46 [WS PROFILE] send_gcode_and_wait: 9.9 ms | SET_DUAL_CARRIAGE CARRIAGE=x
2026-04-28 14:56:46 [WS PROFILE] send_gcode_and_wait: 7.5 ms | SET_DUAL_CARRIAGE CARRIAGE=y
2026-04-28 14:56:46 [WS PROFILE] select_carriage: 21.8 ms | 2 -> 1
2026-04-28 14:56:46 [WS PROFILE] send_gcode_and_wait: 11.0 ms | SET_DUAL_CARRIAGE CARRIAGE=x2
2026-04-28 14:56:46 [WS PROFILE] send_gcode_and_wait: 7.3 ms | SET_DUAL_CARRIAGE CARRIAGE=y2
2026-04-28 14:56:46 [WS PROFILE] select_carriage: 21.2 ms | 1 -> 2
2026-04-28 14:56:47 [WS PROFILE] get_z_positions: 250.5 ms | z1=25.0, z2=14.999999999999929
2026-04-28 14:56:47 [WS PROFILE] get_position: 751.0 ms | x1=0.0 y1=0.5 z1=25.0 x2=711.31 y2=-13.4 z2=14.999999999999929
2026-04-28 14:56:47 [MOVE PROFILE] verify_mov took 752.8 ms
2026-04-28 14:56:47 [MOVE PROFILE] total move() time 2306.0 ms
2026-04-28 14:56:47 [WS PROFILE] send_gcode_and_wait: 13.1 ms | SET_DUAL_CARRIAGE CARRIAGE=x2
2026-04-28 14:56:47 [WS PROFILE] send_gcode_and_wait: 22.7 ms | SET_DUAL_CARRIAGE CARRIAGE=y2
2026-04-28 14:56:47 [WS PROFILE] select_carriage: 37.2 ms | 2 -> 2
2026-04-28 14:56:47 [MOVE PROFILE] queue carriage2 cmd took 38.1 ms
2026-04-28 14:56:47 [WS PROFILE] send_gcode_and_wait: 316.4 ms | M400
2026-04-28 14:56:47 [WS PROFILE] wait_for_moves: 317.5 ms
2026-04-28 14:56:47 [MOVE PROFILE] wait_for_moves took 318.5 ms
2026-04-28 14:56:47 [WS PROFILE] send_gcode_and_wait: 11.0 ms | SET_DUAL_CARRIAGE CARRIAGE=x
2026-04-28 14:56:47 [WS PROFILE] send_gcode_and_wait: 10.2 ms | SET_DUAL_CARRIAGE CARRIAGE=y
2026-04-28 14:56:47 [WS PROFILE] select_carriage: 23.1 ms | 2 -> 1
2026-04-28 14:56:47 [WS PROFILE] is_toolhead_moving:get_velocity: 205.8 ms | carriage=1, v=0.0
2026-04-28 14:56:47 [WS PROFILE] send_gcode_and_wait: 10.6 ms | SET_DUAL_CARRIAGE CARRIAGE=x2
2026-04-28 14:56:47 [WS PROFILE] send_gcode_and_wait: 7.5 ms | SET_DUAL_CARRIAGE CARRIAGE=y2
2026-04-28 14:56:47 [WS PROFILE] select_carriage: 20.7 ms | 1 -> 2
2026-04-28 14:56:48 [WS PROFILE] is_toolhead_moving:get_velocity: 248.7 ms | carriage=2, v=0.0
2026-04-28 14:56:48 [WS PROFILE] is_toolhead_moving: 458.1 ms | moving=False
2026-04-28 14:56:48 [MOVE PROFILE] velocity settle loop took 459.9 ms (0 checks)
2026-04-28 14:56:48 [WS PROFILE] send_gcode_and_wait: 10.0 ms | SET_DUAL_CARRIAGE CARRIAGE=x
2026-04-28 14:56:48 [WS PROFILE] send_gcode_and_wait: 6.3 ms | SET_DUAL_CARRIAGE CARRIAGE=y
2026-04-28 14:56:48 [WS PROFILE] select_carriage: 18.4 ms | 2 -> 1
2026-04-28 14:56:48 [WS PROFILE] send_gcode_and_wait: 10.1 ms | SET_DUAL_CARRIAGE CARRIAGE=x2
2026-04-28 14:56:48 [WS PROFILE] send_gcode_and_wait: 8.9 ms | SET_DUAL_CARRIAGE CARRIAGE=y2
2026-04-28 14:56:48 [WS PROFILE] select_carriage: 21.0 ms | 1 -> 2
2026-04-28 14:56:48 [WS PROFILE] get_z_positions: 270.4 ms | z1=25.0, z2=15.09999999999993
2026-04-28 14:56:48 [WS PROFILE] get_position: 768.6 ms | x1=0.0 y1=0.5 z1=25.0 x2=711.31 y2=-13.4 z2=15.09999999999993
2026-04-28 14:56:48 [MOVE PROFILE] z convergence loop took 770.3 ms (1 checks)
2026-04-28 14:56:48 [WS PROFILE] send_gcode_and_wait: 11.4 ms | SET_DUAL_CARRIAGE CARRIAGE=x
2026-04-28 14:56:48 [WS PROFILE] send_gcode_and_wait: 137.2 ms | SET_DUAL_CARRIAGE CARRIAGE=y
2026-04-28 14:56:48 [WS PROFILE] select_carriage: 152.1 ms | 2 -> 1
2026-04-28 14:56:49 [WS PROFILE] send_gcode_and_wait: 11.5 ms | SET_DUAL_CARRIAGE CARRIAGE=x2
2026-04-28 14:56:49 [WS PROFILE] send_gcode_and_wait: 7.6 ms | SET_DUAL_CARRIAGE CARRIAGE=y2
2026-04-28 14:56:49 [WS PROFILE] select_carriage: 21.9 ms | 1 -> 2
2026-04-28 14:56:49 [WS PROFILE] get_z_positions: 256.0 ms | z1=25.0, z2=15.09999999999993
2026-04-28 14:56:49 [WS PROFILE] get_position: 731.3 ms | x1=0.0 y1=0.5 z1=25.0 x2=711.31 y2=-13.4 z2=15.09999999999993
2026-04-28 14:56:49 [MOVE PROFILE] verify_mov took 733.0 ms
2026-04-28 14:56:49 [MOVE PROFILE] total move() time 2326.3 ms
2026-04-28 14:56:49 [WS PROFILE] send_gcode_and_wait: 12.5 ms | SET_DUAL_CARRIAGE CARRIAGE=x2
2026-04-28 14:56:49 [WS PROFILE] send_gcode_and_wait: 7.0 ms | SET_DUAL_CARRIAGE CARRIAGE=y2
2026-04-28 14:56:49 [WS PROFILE] select_carriage: 22.0 ms | 2 -> 2
2026-04-28 14:56:49 [MOVE PROFILE] queue carriage2 cmd took 23.6 ms
2026-04-28 14:56:50 [WS PROFILE] send_gcode_and_wait: 317.1 ms | M400
2026-04-28 14:56:50 [WS PROFILE] wait_for_moves: 318.8 ms
2026-04-28 14:56:50 [MOVE PROFILE] wait_for_moves took 319.8 ms
2026-04-28 14:56:50 [WS PROFILE] send_gcode_and_wait: 8.6 ms | SET_DUAL_CARRIAGE CARRIAGE=x
2026-04-28 14:56:50 [WS PROFILE] send_gcode_and_wait: 6.2 ms | SET_DUAL_CARRIAGE CARRIAGE=y
2026-04-28 14:56:50 [WS PROFILE] select_carriage: 17.2 ms | 2 -> 1
2026-04-28 14:56:50 [WS PROFILE] is_toolhead_moving:get_velocity: 218.8 ms | carriage=1, v=0.0
2026-04-28 14:56:50 [WS PROFILE] send_gcode_and_wait: 10.5 ms | SET_DUAL_CARRIAGE CARRIAGE=x2
2026-04-28 14:56:50 [WS PROFILE] send_gcode_and_wait: 6.8 ms | SET_DUAL_CARRIAGE CARRIAGE=y2
2026-04-28 14:56:50 [WS PROFILE] select_carriage: 19.2 ms | 1 -> 2
2026-04-28 14:56:50 [WS PROFILE] is_toolhead_moving:get_velocity: 248.7 ms | carriage=2, v=0.0
2026-04-28 14:56:50 [WS PROFILE] is_toolhead_moving: 470.2 ms | moving=False
2026-04-28 14:56:50 [MOVE PROFILE] velocity settle loop took 470.8 ms (0 checks)
2026-04-28 14:56:50 [WS PROFILE] send_gcode_and_wait: 10.6 ms | SET_DUAL_CARRIAGE CARRIAGE=x
2026-04-28 14:56:50 [WS PROFILE] send_gcode_and_wait: 6.9 ms | SET_DUAL_CARRIAGE CARRIAGE=y
2026-04-28 14:56:50 [WS PROFILE] select_carriage: 19.4 ms | 2 -> 1
2026-04-28 14:56:50 [WS PROFILE] send_gcode_and_wait: 10.1 ms | SET_DUAL_CARRIAGE CARRIAGE=x2
2026-04-28 14:56:50 [WS PROFILE] send_gcode_and_wait: 7.2 ms | SET_DUAL_CARRIAGE CARRIAGE=y2
2026-04-28 14:56:50 [WS PROFILE] select_carriage: 19.1 ms | 1 -> 2
2026-04-28 14:56:51 [WS PROFILE] get_z_positions: 253.4 ms | z1=25.0, z2=15.199999999999932
2026-04-28 14:56:51 [WS PROFILE] get_position: 751.2 ms | x1=0.0 y1=0.5 z1=25.0 x2=711.31 y2=-13.4 z2=15.199999999999932
2026-04-28 14:56:51 [MOVE PROFILE] z convergence loop took 753.1 ms (1 checks)
2026-04-28 14:56:51 [WS PROFILE] send_gcode_and_wait: 11.7 ms | SET_DUAL_CARRIAGE CARRIAGE=x
2026-04-28 14:56:51 [WS PROFILE] send_gcode_and_wait: 7.3 ms | SET_DUAL_CARRIAGE CARRIAGE=y
2026-04-28 14:56:51 [WS PROFILE] select_carriage: 23.0 ms | 2 -> 1
2026-04-28 14:56:51 [WS PROFILE] send_gcode_and_wait: 10.6 ms | SET_DUAL_CARRIAGE CARRIAGE=x2
2026-04-28 14:56:51 [WS PROFILE] send_gcode_and_wait: 7.5 ms | SET_DUAL_CARRIAGE CARRIAGE=y2
2026-04-28 14:56:51 [WS PROFILE] select_carriage: 21.6 ms | 1 -> 2
2026-04-28 14:56:52 [WS PROFILE] get_z_positions: 247.9 ms | z1=25.0, z2=15.199999999999932
2026-04-28 14:56:52 [WS PROFILE] get_position: 745.1 ms | x1=0.0 y1=0.5 z1=25.0 x2=711.31 y2=-13.4 z2=15.199999999999932
2026-04-28 14:56:52 [MOVE PROFILE] verify_mov took 747.0 ms
2026-04-28 14:56:52 [MOVE PROFILE] total move() time 2319.7 ms
2026-04-28 14:56:52 [WS PROFILE] send_gcode_and_wait: 9.9 ms | SET_DUAL_CARRIAGE CARRIAGE=x2
2026-04-28 14:56:52 [WS PROFILE] send_gcode_and_wait: 6.7 ms | SET_DUAL_CARRIAGE CARRIAGE=y2
2026-04-28 14:56:52 [WS PROFILE] select_carriage: 18.7 ms | 2 -> 2
2026-04-28 14:56:52 [MOVE PROFILE] queue carriage2 cmd took 19.5 ms
2026-04-28 14:56:52 [WS PROFILE] send_gcode_and_wait: 314.5 ms | M400
2026-04-28 14:56:52 [WS PROFILE] wait_for_moves: 316.2 ms
2026-04-28 14:56:52 [MOVE PROFILE] wait_for_moves took 318.1 ms
2026-04-28 14:56:52 [WS PROFILE] send_gcode_and_wait: 10.5 ms | SET_DUAL_CARRIAGE CARRIAGE=x
2026-04-28 14:56:52 [WS PROFILE] send_gcode_and_wait: 7.1 ms | SET_DUAL_CARRIAGE CARRIAGE=y
2026-04-28 14:56:52 [WS PROFILE] select_carriage: 20.0 ms | 2 -> 1
2026-04-28 14:56:52 [WS PROFILE] is_toolhead_moving:get_velocity: 229.8 ms | carriage=1, v=0.0
2026-04-28 14:56:52 [WS PROFILE] send_gcode_and_wait: 12.3 ms | SET_DUAL_CARRIAGE CARRIAGE=x2
2026-04-28 14:56:52 [WS PROFILE] send_gcode_and_wait: 7.8 ms | SET_DUAL_CARRIAGE CARRIAGE=y2
2026-04-28 14:56:52 [WS PROFILE] select_carriage: 22.9 ms | 1 -> 2
2026-04-28 14:56:53 [WS PROFILE] is_toolhead_moving:get_velocity: 248.3 ms | carriage=2, v=0.0
2026-04-28 14:56:53 [WS PROFILE] is_toolhead_moving: 481.8 ms | moving=False
2026-04-28 14:56:53 [MOVE PROFILE] velocity settle loop took 483.3 ms (0 checks)
2026-04-28 14:56:53 [WS PROFILE] send_gcode_and_wait: 9.4 ms | SET_DUAL_CARRIAGE CARRIAGE=x
2026-04-28 14:56:53 [WS PROFILE] send_gcode_and_wait: 10.0 ms | SET_DUAL_CARRIAGE CARRIAGE=y
2026-04-28 14:56:53 [WS PROFILE] select_carriage: 20.6 ms | 2 -> 1
2026-04-28 14:56:53 [WS PROFILE] send_gcode_and_wait: 9.8 ms | SET_DUAL_CARRIAGE CARRIAGE=x2
2026-04-28 14:56:53 [WS PROFILE] send_gcode_and_wait: 7.3 ms | SET_DUAL_CARRIAGE CARRIAGE=y2
2026-04-28 14:56:53 [WS PROFILE] select_carriage: 20.4 ms | 1 -> 2
2026-04-28 14:56:53 [WS PROFILE] get_z_positions: 250.1 ms | z1=25.0, z2=15.299999999999933
2026-04-28 14:56:53 [WS PROFILE] get_position: 749.2 ms | x1=0.0 y1=0.5 z1=25.0 x2=711.31 y2=-13.4 z2=15.299999999999933
2026-04-28 14:56:53 [MOVE PROFILE] z convergence loop took 750.6 ms (1 checks)
2026-04-28 14:56:53 [WS PROFILE] send_gcode_and_wait: 11.1 ms | SET_DUAL_CARRIAGE CARRIAGE=x
2026-04-28 14:56:53 [WS PROFILE] send_gcode_and_wait: 8.5 ms | SET_DUAL_CARRIAGE CARRIAGE=y
2026-04-28 14:56:53 [WS PROFILE] select_carriage: 23.6 ms | 2 -> 1
2026-04-28 14:56:54 [WS PROFILE] send_gcode_and_wait: 10.0 ms | SET_DUAL_CARRIAGE CARRIAGE=x2
2026-04-28 14:56:54 [WS PROFILE] send_gcode_and_wait: 9.4 ms | SET_DUAL_CARRIAGE CARRIAGE=y2
2026-04-28 14:56:54 [WS PROFILE] select_carriage: 22.3 ms | 1 -> 2
2026-04-28 14:56:54 [WS PROFILE] get_z_positions: 250.8 ms | z1=25.0, z2=15.299999999999933
2026-04-28 14:56:54 [WS PROFILE] get_position: 748.5 ms | x1=0.0 y1=0.5 z1=25.0 x2=711.31 y2=-13.4 z2=15.299999999999933
2026-04-28 14:56:54 [MOVE PROFILE] verify_mov took 750.2 ms
2026-04-28 14:56:54 [MOVE PROFILE] total move() time 2328.8 ms
2026-04-28 14:56:54 [WS PROFILE] send_gcode_and_wait: 13.2 ms | SET_DUAL_CARRIAGE CARRIAGE=x2
2026-04-28 14:56:54 [WS PROFILE] send_gcode_and_wait: 6.6 ms | SET_DUAL_CARRIAGE CARRIAGE=y2
2026-04-28 14:56:54 [WS PROFILE] select_carriage: 21.4 ms | 2 -> 2
2026-04-28 14:56:54 [MOVE PROFILE] queue carriage2 cmd took 22.5 ms
2026-04-28 14:56:55 [WS PROFILE] send_gcode_and_wait: 315.3 ms | M400
2026-04-28 14:56:55 [WS PROFILE] wait_for_moves: 316.2 ms
2026-04-28 14:56:55 [MOVE PROFILE] wait_for_moves took 316.8 ms
2026-04-28 14:56:55 [WS PROFILE] send_gcode_and_wait: 8.3 ms | SET_DUAL_CARRIAGE CARRIAGE=x
2026-04-28 14:56:55 [WS PROFILE] send_gcode_and_wait: 7.1 ms | SET_DUAL_CARRIAGE CARRIAGE=y
2026-04-28 14:56:55 [WS PROFILE] select_carriage: 17.0 ms | 2 -> 1
2026-04-28 14:56:55 [WS PROFILE] is_toolhead_moving:get_velocity: 217.0 ms | carriage=1, v=0.0
2026-04-28 14:56:55 [WS PROFILE] send_gcode_and_wait: 11.6 ms | SET_DUAL_CARRIAGE CARRIAGE=x2
2026-04-28 14:56:55 [WS PROFILE] send_gcode_and_wait: 7.5 ms | SET_DUAL_CARRIAGE CARRIAGE=y2
2026-04-28 14:56:55 [WS PROFILE] select_carriage: 22.8 ms | 1 -> 2
2026-04-28 14:56:55 [WS PROFILE] is_toolhead_moving:get_velocity: 248.7 ms | carriage=2, v=0.0
2026-04-28 14:56:55 [WS PROFILE] is_toolhead_moving: 468.3 ms | moving=False
2026-04-28 14:56:55 [MOVE PROFILE] velocity settle loop took 468.9 ms (0 checks)
2026-04-28 14:56:55 [WS PROFILE] send_gcode_and_wait: 11.0 ms | SET_DUAL_CARRIAGE CARRIAGE=x
2026-04-28 14:56:55 [WS PROFILE] send_gcode_and_wait: 7.9 ms | SET_DUAL_CARRIAGE CARRIAGE=y
2026-04-28 14:56:55 [WS PROFILE] select_carriage: 20.8 ms | 2 -> 1
2026-04-28 14:56:55 [WS PROFILE] send_gcode_and_wait: 10.2 ms | SET_DUAL_CARRIAGE CARRIAGE=x2
2026-04-28 14:56:55 [WS PROFILE] send_gcode_and_wait: 6.8 ms | SET_DUAL_CARRIAGE CARRIAGE=y2
2026-04-28 14:56:55 [WS PROFILE] select_carriage: 19.3 ms | 1 -> 2
2026-04-28 14:56:56 [WS PROFILE] get_z_positions: 253.8 ms | z1=25.0, z2=15.399999999999935
2026-04-28 14:56:56 [WS PROFILE] get_position: 753.3 ms | x1=0.0 y1=0.5 z1=25.0 x2=711.31 y2=-13.4 z2=15.399999999999935
2026-04-28 14:56:56 [MOVE PROFILE] z convergence loop took 754.8 ms (1 checks)
2026-04-28 14:56:56 [WS PROFILE] send_gcode_and_wait: 11.1 ms | SET_DUAL_CARRIAGE CARRIAGE=x
2026-04-28 14:56:56 [WS PROFILE] send_gcode_and_wait: 7.4 ms | SET_DUAL_CARRIAGE CARRIAGE=y
2026-04-28 14:56:56 [WS PROFILE] select_carriage: 21.9 ms | 2 -> 1
2026-04-28 14:56:56 [WS PROFILE] send_gcode_and_wait: 10.7 ms | SET_DUAL_CARRIAGE CARRIAGE=x2
2026-04-28 14:56:56 [WS PROFILE] send_gcode_and_wait: 7.2 ms | SET_DUAL_CARRIAGE CARRIAGE=y2
2026-04-28 14:56:56 [WS PROFILE] select_carriage: 19.4 ms | 1 -> 2
2026-04-28 14:56:57 [WS PROFILE] get_z_positions: 247.7 ms | z1=25.0, z2=15.399999999999935
2026-04-28 14:56:57 [WS PROFILE] get_position: 743.9 ms | x1=0.0 y1=0.5 z1=25.0 x2=711.31 y2=-13.4 z2=15.399999999999935
2026-04-28 14:56:57 [MOVE PROFILE] verify_mov took 745.6 ms
2026-04-28 14:56:57 [MOVE PROFILE] total move() time 2314.7 ms
2026-04-28 14:56:57 [WS PROFILE] send_gcode_and_wait: 13.9 ms | SET_DUAL_CARRIAGE CARRIAGE=x2
2026-04-28 14:56:57 [WS PROFILE] send_gcode_and_wait: 6.3 ms | SET_DUAL_CARRIAGE CARRIAGE=y2
2026-04-28 14:56:57 [WS PROFILE] select_carriage: 21.8 ms | 2 -> 2
2026-04-28 14:56:57 [MOVE PROFILE] queue carriage2 cmd took 23.0 ms
2026-04-28 14:56:57 [WS PROFILE] send_gcode_and_wait: 324.6 ms | M400
2026-04-28 14:56:57 [WS PROFILE] wait_for_moves: 325.4 ms
2026-04-28 14:56:57 [MOVE PROFILE] wait_for_moves took 325.9 ms
2026-04-28 14:56:57 [WS PROFILE] send_gcode_and_wait: 27.4 ms | SET_DUAL_CARRIAGE CARRIAGE=x
2026-04-28 14:56:57 [WS PROFILE] send_gcode_and_wait: 25.5 ms | SET_DUAL_CARRIAGE CARRIAGE=y
2026-04-28 14:56:57 [WS PROFILE] select_carriage: 54.9 ms | 2 -> 1
2026-04-28 14:56:57 [WS PROFILE] is_toolhead_moving:get_velocity: 399.0 ms | carriage=1, v=0.0
2026-04-28 14:56:57 [WS PROFILE] send_gcode_and_wait: 9.1 ms | SET_DUAL_CARRIAGE CARRIAGE=x2
2026-04-28 14:56:57 [WS PROFILE] send_gcode_and_wait: 12.0 ms | SET_DUAL_CARRIAGE CARRIAGE=y2
2026-04-28 14:56:57 [WS PROFILE] select_carriage: 22.7 ms | 1 -> 2
2026-04-28 14:56:58 [WS PROFILE] is_toolhead_moving:get_velocity: 62.0 ms | carriage=2, v=0.0
2026-04-28 14:56:58 [WS PROFILE] is_toolhead_moving: 464.5 ms | moving=False
2026-04-28 14:56:58 [MOVE PROFILE] velocity settle loop took 465.2 ms (0 checks)
2026-04-28 14:56:58 [WS PROFILE] send_gcode_and_wait: 11.6 ms | SET_DUAL_CARRIAGE CARRIAGE=x
2026-04-28 14:56:58 [WS PROFILE] send_gcode_and_wait: 7.0 ms | SET_DUAL_CARRIAGE CARRIAGE=y
2026-04-28 14:56:58 [WS PROFILE] select_carriage: 20.8 ms | 2 -> 1
2026-04-28 14:56:58 [WS PROFILE] send_gcode_and_wait: 11.5 ms | SET_DUAL_CARRIAGE CARRIAGE=x2
2026-04-28 14:56:58 [WS PROFILE] send_gcode_and_wait: 8.1 ms | SET_DUAL_CARRIAGE CARRIAGE=y2
2026-04-28 14:56:58 [WS PROFILE] select_carriage: 22.1 ms | 1 -> 2
2026-04-28 14:56:58 [WS PROFILE] get_z_positions: 249.1 ms | z1=25.0, z2=15.499999999999936
2026-04-28 14:56:58 [WS PROFILE] get_position: 754.0 ms | x1=0.0 y1=0.5 z1=25.0 x2=711.31 y2=-13.4 z2=15.499999999999936
2026-04-28 14:56:58 [MOVE PROFILE] z convergence loop took 755.7 ms (1 checks)
2026-04-28 14:56:58 [WS PROFILE] send_gcode_and_wait: 10.9 ms | SET_DUAL_CARRIAGE CARRIAGE=x
2026-04-28 14:56:58 [WS PROFILE] send_gcode_and_wait: 7.2 ms | SET_DUAL_CARRIAGE CARRIAGE=y
2026-04-28 14:56:58 [WS PROFILE] select_carriage: 22.4 ms | 2 -> 1
2026-04-28 14:56:59 [WS PROFILE] send_gcode_and_wait: 10.2 ms | SET_DUAL_CARRIAGE CARRIAGE=x2
2026-04-28 14:56:59 [WS PROFILE] send_gcode_and_wait: 8.2 ms | SET_DUAL_CARRIAGE CARRIAGE=y2
2026-04-28 14:56:59 [WS PROFILE] select_carriage: 22.0 ms | 1 -> 2
2026-04-28 14:56:59 [WS PROFILE] get_z_positions: 253.0 ms | z1=25.0, z2=15.499999999999936
2026-04-28 14:56:59 [WS PROFILE] get_position: 751.0 ms | x1=0.0 y1=0.5 z1=25.0 x2=711.31 y2=-13.4 z2=15.499999999999936
2026-04-28 14:56:59 [MOVE PROFILE] verify_mov took 752.9 ms
2026-04-28 14:56:59 [MOVE PROFILE] total move() time 2328.2 ms
2026-04-28 14:56:59 [WS PROFILE] send_gcode_and_wait: 12.9 ms | SET_DUAL_CARRIAGE CARRIAGE=x2
2026-04-28 14:56:59 [WS PROFILE] send_gcode_and_wait: 6.6 ms | SET_DUAL_CARRIAGE CARRIAGE=y2
2026-04-28 14:56:59 [WS PROFILE] select_carriage: 21.6 ms | 2 -> 2
2026-04-28 14:56:59 [MOVE PROFILE] queue carriage2 cmd took 22.5 ms
2026-04-28 14:57:00 [WS PROFILE] send_gcode_and_wait: 313.5 ms | M400
2026-04-28 14:57:00 [WS PROFILE] wait_for_moves: 314.2 ms
2026-04-28 14:57:00 [MOVE PROFILE] wait_for_moves took 314.8 ms
2026-04-28 14:57:00 [WS PROFILE] send_gcode_and_wait: 8.6 ms | SET_DUAL_CARRIAGE CARRIAGE=x
2026-04-28 14:57:00 [WS PROFILE] send_gcode_and_wait: 6.7 ms | SET_DUAL_CARRIAGE CARRIAGE=y
2026-04-28 14:57:00 [WS PROFILE] select_carriage: 16.8 ms | 2 -> 1
2026-04-28 14:57:00 [WS PROFILE] is_toolhead_moving:get_velocity: 221.8 ms | carriage=1, v=0.0
2026-04-28 14:57:00 [WS PROFILE] send_gcode_and_wait: 16.9 ms | SET_DUAL_CARRIAGE CARRIAGE=x2
2026-04-28 14:57:00 [WS PROFILE] send_gcode_and_wait: 6.6 ms | SET_DUAL_CARRIAGE CARRIAGE=y2
2026-04-28 14:57:00 [WS PROFILE] select_carriage: 24.9 ms | 1 -> 2
2026-04-28 14:57:00 [WS PROFILE] is_toolhead_moving:get_velocity: 249.5 ms | carriage=2, v=0.0
2026-04-28 14:57:00 [WS PROFILE] is_toolhead_moving: 473.9 ms | moving=False
2026-04-28 14:57:00 [MOVE PROFILE] velocity settle loop took 474.4 ms (0 checks)
2026-04-28 14:57:00 [WS PROFILE] send_gcode_and_wait: 11.2 ms | SET_DUAL_CARRIAGE CARRIAGE=x
2026-04-28 14:57:00 [WS PROFILE] send_gcode_and_wait: 7.0 ms | SET_DUAL_CARRIAGE CARRIAGE=y
2026-04-28 14:57:00 [WS PROFILE] select_carriage: 20.0 ms | 2 -> 1
2026-04-28 14:57:00 [WS PROFILE] send_gcode_and_wait: 10.7 ms | SET_DUAL_CARRIAGE CARRIAGE=x2
2026-04-28 14:57:00 [WS PROFILE] send_gcode_and_wait: 7.3 ms | SET_DUAL_CARRIAGE CARRIAGE=y2
2026-04-28 14:57:00 [WS PROFILE] select_carriage: 20.8 ms | 1 -> 2
2026-04-28 14:57:01 [WS PROFILE] get_z_positions: 252.6 ms | z1=25.0, z2=15.599999999999937
2026-04-28 14:57:01 [WS PROFILE] get_position: 752.1 ms | x1=0.0 y1=0.5 z1=25.0 x2=711.31 y2=-13.4 z2=15.599999999999937
2026-04-28 14:57:01 [MOVE PROFILE] z convergence loop took 755.5 ms (1 checks)
2026-04-28 14:57:01 [WS PROFILE] send_gcode_and_wait: 10.5 ms | SET_DUAL_CARRIAGE CARRIAGE=x
2026-04-28 14:57:01 [WS PROFILE] send_gcode_and_wait: 7.0 ms | SET_DUAL_CARRIAGE CARRIAGE=y
2026-04-28 14:57:01 [WS PROFILE] select_carriage: 20.7 ms | 2 -> 1
2026-04-28 14:57:01 [WS PROFILE] send_gcode_and_wait: 10.4 ms | SET_DUAL_CARRIAGE CARRIAGE=x2
2026-04-28 14:57:01 [WS PROFILE] send_gcode_and_wait: 7.2 ms | SET_DUAL_CARRIAGE CARRIAGE=y2
2026-04-28 14:57:01 [WS PROFILE] select_carriage: 19.4 ms | 1 -> 2
2026-04-28 14:57:02 [WS PROFILE] get_z_positions: 245.9 ms | z1=25.0, z2=15.599999999999937
2026-04-28 14:57:02 [WS PROFILE] get_position: 743.4 ms | x1=0.0 y1=0.5 z1=25.0 x2=711.31 y2=-13.4 z2=15.599999999999937
2026-04-28 14:57:02 [MOVE PROFILE] verify_mov took 745.4 ms
2026-04-28 14:57:02 [MOVE PROFILE] total move() time 2318.3 ms
2026-04-28 14:57:02 [WS PROFILE] send_gcode_and_wait: 9.4 ms | SET_DUAL_CARRIAGE CARRIAGE=x2
2026-04-28 14:57:02 [WS PROFILE] send_gcode_and_wait: 9.6 ms | SET_DUAL_CARRIAGE CARRIAGE=y2
2026-04-28 14:57:02 [WS PROFILE] select_carriage: 20.9 ms | 2 -> 2
2026-04-28 14:57:02 [MOVE PROFILE] queue carriage2 cmd took 22.1 ms
2026-04-28 14:57:02 [WS PROFILE] send_gcode_and_wait: 312.0 ms | M400
2026-04-28 14:57:02 [WS PROFILE] wait_for_moves: 312.8 ms
2026-04-28 14:57:02 [MOVE PROFILE] wait_for_moves took 313.5 ms
2026-04-28 14:57:02 [WS PROFILE] send_gcode_and_wait: 14.2 ms | SET_DUAL_CARRIAGE CARRIAGE=x
2026-04-28 14:57:02 [WS PROFILE] send_gcode_and_wait: 7.2 ms | SET_DUAL_CARRIAGE CARRIAGE=y
2026-04-28 14:57:02 [WS PROFILE] select_carriage: 22.8 ms | 2 -> 1
2026-04-28 14:57:02 [WS PROFILE] is_toolhead_moving:get_velocity: 223.6 ms | carriage=1, v=0.0
2026-04-28 14:57:02 [WS PROFILE] send_gcode_and_wait: 14.9 ms | SET_DUAL_CARRIAGE CARRIAGE=x2
2026-04-28 14:57:02 [WS PROFILE] send_gcode_and_wait: 7.0 ms | SET_DUAL_CARRIAGE CARRIAGE=y2
2026-04-28 14:57:02 [WS PROFILE] select_carriage: 24.7 ms | 1 -> 2
2026-04-28 14:57:03 [WS PROFILE] is_toolhead_moving:get_velocity: 245.2 ms | carriage=2, v=0.0
2026-04-28 14:57:03 [WS PROFILE] is_toolhead_moving: 472.6 ms | moving=False
2026-04-28 14:57:03 [MOVE PROFILE] velocity settle loop took 474.2 ms (0 checks)
2026-04-28 14:57:03 [WS PROFILE] send_gcode_and_wait: 10.9 ms | SET_DUAL_CARRIAGE CARRIAGE=x
2026-04-28 14:57:03 [WS PROFILE] send_gcode_and_wait: 6.3 ms | SET_DUAL_CARRIAGE CARRIAGE=y
2026-04-28 14:57:03 [WS PROFILE] select_carriage: 19.7 ms | 2 -> 1
2026-04-28 14:57:03 [WS PROFILE] send_gcode_and_wait: 10.6 ms | SET_DUAL_CARRIAGE CARRIAGE=x2
2026-04-28 14:57:03 [WS PROFILE] send_gcode_and_wait: 6.3 ms | SET_DUAL_CARRIAGE CARRIAGE=y2
2026-04-28 14:57:03 [WS PROFILE] select_carriage: 18.7 ms | 1 -> 2
2026-04-28 14:57:03 [WS PROFILE] get_z_positions: 252.6 ms | z1=25.0, z2=15.699999999999939
2026-04-28 14:57:03 [WS PROFILE] get_position: 753.9 ms | x1=0.0 y1=0.5 z1=25.0 x2=711.31 y2=-13.4 z2=15.699999999999939
2026-04-28 14:57:03 [MOVE PROFILE] z convergence loop took 755.6 ms (1 checks)
2026-04-28 14:57:03 [WS PROFILE] send_gcode_and_wait: 20.3 ms | SET_DUAL_CARRIAGE CARRIAGE=x
2026-04-28 14:57:03 [WS PROFILE] send_gcode_and_wait: 15.5 ms | SET_DUAL_CARRIAGE CARRIAGE=y
2026-04-28 14:57:03 [WS PROFILE] select_carriage: 40.9 ms | 2 -> 1
2026-04-28 14:57:04 [WS PROFILE] send_gcode_and_wait: 13.1 ms | SET_DUAL_CARRIAGE CARRIAGE=x2
2026-04-28 14:57:04 [WS PROFILE] send_gcode_and_wait: 7.3 ms | SET_DUAL_CARRIAGE CARRIAGE=y2
2026-04-28 14:57:04 [WS PROFILE] select_carriage: 22.7 ms | 1 -> 2
2026-04-28 14:57:04 [WS PROFILE] get_z_positions: 249.9 ms | z1=25.0, z2=15.699999999999939
2026-04-28 14:57:04 [WS PROFILE] get_position: 745.4 ms | x1=0.0 y1=0.5 z1=25.0 x2=711.31 y2=-13.4 z2=15.699999999999939
2026-04-28 14:57:04 [MOVE PROFILE] verify_mov took 746.0 ms
2026-04-28 14:57:04 [MOVE PROFILE] total move() time 2316.6 ms
2026-04-28 14:57:04 [WS PROFILE] send_gcode_and_wait: 13.6 ms | SET_DUAL_CARRIAGE CARRIAGE=x2
2026-04-28 14:57:04 [WS PROFILE] send_gcode_and_wait: 7.7 ms | SET_DUAL_CARRIAGE CARRIAGE=y2
2026-04-28 14:57:04 [WS PROFILE] select_carriage: 23.3 ms | 2 -> 2
2026-04-28 14:57:04 [MOVE PROFILE] queue carriage2 cmd took 24.2 ms
2026-04-28 14:57:05 [WS PROFILE] send_gcode_and_wait: 324.2 ms | M400
2026-04-28 14:57:05 [WS PROFILE] wait_for_moves: 326.3 ms
2026-04-28 14:57:05 [MOVE PROFILE] wait_for_moves took 328.5 ms
2026-04-28 14:57:05 [WS PROFILE] send_gcode_and_wait: 8.6 ms | SET_DUAL_CARRIAGE CARRIAGE=x
2026-04-28 14:57:05 [WS PROFILE] send_gcode_and_wait: 7.0 ms | SET_DUAL_CARRIAGE CARRIAGE=y
2026-04-28 14:57:05 [WS PROFILE] select_carriage: 18.1 ms | 2 -> 1
2026-04-28 14:57:05 [WS PROFILE] is_toolhead_moving:get_velocity: 236.7 ms | carriage=1, v=0.0
2026-04-28 14:57:05 [WS PROFILE] send_gcode_and_wait: 19.0 ms | SET_DUAL_CARRIAGE CARRIAGE=x2
2026-04-28 14:57:05 [WS PROFILE] send_gcode_and_wait: 7.1 ms | SET_DUAL_CARRIAGE CARRIAGE=y2
2026-04-28 14:57:05 [WS PROFILE] select_carriage: 28.4 ms | 1 -> 2
2026-04-28 14:57:05 [WS PROFILE] is_toolhead_moving:get_velocity: 247.0 ms | carriage=2, v=0.0
2026-04-28 14:57:05 [WS PROFILE] is_toolhead_moving: 486.2 ms | moving=False
2026-04-28 14:57:05 [MOVE PROFILE] velocity settle loop took 486.8 ms (0 checks)
2026-04-28 14:57:05 [WS PROFILE] send_gcode_and_wait: 10.8 ms | SET_DUAL_CARRIAGE CARRIAGE=x
2026-04-28 14:57:05 [WS PROFILE] send_gcode_and_wait: 7.0 ms | SET_DUAL_CARRIAGE CARRIAGE=y
2026-04-28 14:57:05 [WS PROFILE] select_carriage: 19.5 ms | 2 -> 1
2026-04-28 14:57:05 [WS PROFILE] send_gcode_and_wait: 10.9 ms | SET_DUAL_CARRIAGE CARRIAGE=x2
2026-04-28 14:57:05 [WS PROFILE] send_gcode_and_wait: 13.3 ms | SET_DUAL_CARRIAGE CARRIAGE=y2
2026-04-28 14:57:05 [WS PROFILE] select_carriage: 26.3 ms | 1 -> 2
2026-04-28 14:57:06 [WS PROFILE] get_z_positions: 253.7 ms | z1=25.0, z2=15.79999999999994
2026-04-28 14:57:06 [WS PROFILE] get_position: 753.5 ms | x1=0.0 y1=0.5 z1=25.0 x2=711.31 y2=-13.4 z2=15.79999999999994
2026-04-28 14:57:06 [MOVE PROFILE] z convergence loop took 755.3 ms (1 checks)
2026-04-28 14:57:06 [WS PROFILE] send_gcode_and_wait: 10.8 ms | SET_DUAL_CARRIAGE CARRIAGE=x
2026-04-28 14:57:06 [WS PROFILE] send_gcode_and_wait: 15.5 ms | SET_DUAL_CARRIAGE CARRIAGE=y
2026-04-28 14:57:06 [WS PROFILE] select_carriage: 27.8 ms | 2 -> 1
2026-04-28 14:57:06 [WS PROFILE] send_gcode_and_wait: 16.3 ms | SET_DUAL_CARRIAGE CARRIAGE=x2
2026-04-28 14:57:06 [WS PROFILE] send_gcode_and_wait: 7.2 ms | SET_DUAL_CARRIAGE CARRIAGE=y2
2026-04-28 14:57:06 [WS PROFILE] select_carriage: 25.2 ms | 1 -> 2
2026-04-28 14:57:07 [WS PROFILE] get_z_positions: 249.7 ms | z1=25.0, z2=15.79999999999994
2026-04-28 14:57:07 [WS PROFILE] get_position: 747.1 ms | x1=0.0 y1=0.5 z1=25.0 x2=711.31 y2=-13.4 z2=15.79999999999994
2026-04-28 14:57:07 [MOVE PROFILE] verify_mov took 748.9 ms
2026-04-28 14:57:07 [MOVE PROFILE] total move() time 2351.0 ms
2026-04-28 14:57:07 [WS PROFILE] send_gcode_and_wait: 13.2 ms | SET_DUAL_CARRIAGE CARRIAGE=x2
2026-04-28 14:57:07 [WS PROFILE] send_gcode_and_wait: 12.3 ms | SET_DUAL_CARRIAGE CARRIAGE=y2
2026-04-28 14:57:07 [WS PROFILE] select_carriage: 27.0 ms | 2 -> 2
2026-04-28 14:57:07 [MOVE PROFILE] queue carriage2 cmd took 27.7 ms
2026-04-28 14:57:07 [WS PROFILE] send_gcode_and_wait: 313.8 ms | M400
2026-04-28 14:57:07 [WS PROFILE] wait_for_moves: 314.6 ms
2026-04-28 14:57:07 [MOVE PROFILE] wait_for_moves took 315.2 ms
2026-04-28 14:57:07 [WS PROFILE] send_gcode_and_wait: 9.6 ms | SET_DUAL_CARRIAGE CARRIAGE=x
2026-04-28 14:57:07 [WS PROFILE] send_gcode_and_wait: 7.5 ms | SET_DUAL_CARRIAGE CARRIAGE=y
2026-04-28 14:57:07 [WS PROFILE] select_carriage: 18.9 ms | 2 -> 1
2026-04-28 14:57:07 [WS PROFILE] is_toolhead_moving:get_velocity: 222.6 ms | carriage=1, v=0.0
2026-04-28 14:57:07 [WS PROFILE] send_gcode_and_wait: 10.7 ms | SET_DUAL_CARRIAGE CARRIAGE=x2
2026-04-28 14:57:07 [WS PROFILE] send_gcode_and_wait: 7.8 ms | SET_DUAL_CARRIAGE CARRIAGE=y2
2026-04-28 14:57:07 [WS PROFILE] select_carriage: 22.0 ms | 1 -> 2
2026-04-28 14:57:08 [WS PROFILE] is_toolhead_moving:get_velocity: 251.6 ms | carriage=2, v=0.0
2026-04-28 14:57:08 [WS PROFILE] is_toolhead_moving: 477.8 ms | moving=False
2026-04-28 14:57:08 [MOVE PROFILE] velocity settle loop took 479.8 ms (0 checks)
2026-04-28 14:57:08 [WS PROFILE] send_gcode_and_wait: 9.7 ms | SET_DUAL_CARRIAGE CARRIAGE=x
2026-04-28 14:57:08 [WS PROFILE] send_gcode_and_wait: 11.0 ms | SET_DUAL_CARRIAGE CARRIAGE=y
2026-04-28 14:57:08 [WS PROFILE] select_carriage: 22.2 ms | 2 -> 1
2026-04-28 14:57:08 [WS PROFILE] send_gcode_and_wait: 8.9 ms | SET_DUAL_CARRIAGE CARRIAGE=x2
2026-04-28 14:57:08 [WS PROFILE] send_gcode_and_wait: 6.0 ms | SET_DUAL_CARRIAGE CARRIAGE=y2
2026-04-28 14:57:08 [WS PROFILE] select_carriage: 16.3 ms | 1 -> 2
2026-04-28 14:57:08 [WS PROFILE] get_z_positions: 245.8 ms | z1=25.0, z2=15.899999999999942
2026-04-28 14:57:08 [WS PROFILE] get_position: 746.5 ms | x1=0.0 y1=0.5 z1=25.0 x2=711.31 y2=-13.4 z2=15.899999999999942
2026-04-28 14:57:08 [MOVE PROFILE] z convergence loop took 748.1 ms (1 checks)
2026-04-28 14:57:08 [WS PROFILE] send_gcode_and_wait: 10.7 ms | SET_DUAL_CARRIAGE CARRIAGE=x
2026-04-28 14:57:08 [WS PROFILE] send_gcode_and_wait: 8.4 ms | SET_DUAL_CARRIAGE CARRIAGE=y
2026-04-28 14:57:08 [WS PROFILE] select_carriage: 23.7 ms | 2 -> 1
2026-04-28 14:57:09 [WS PROFILE] send_gcode_and_wait: 16.3 ms | SET_DUAL_CARRIAGE CARRIAGE=x2
2026-04-28 14:57:09 [WS PROFILE] send_gcode_and_wait: 13.1 ms | SET_DUAL_CARRIAGE CARRIAGE=y2
2026-04-28 14:57:09 [WS PROFILE] select_carriage: 31.0 ms | 1 -> 2
2026-04-28 14:57:09 [WS PROFILE] get_z_positions: 249.3 ms | z1=25.0, z2=15.899999999999942
2026-04-28 14:57:09 [WS PROFILE] get_position: 746.2 ms | x1=0.0 y1=0.5 z1=25.0 x2=711.31 y2=-13.4 z2=15.899999999999942
2026-04-28 14:57:09 [MOVE PROFILE] verify_mov took 746.9 ms
2026-04-28 14:57:09 [MOVE PROFILE] total move() time 2322.5 ms
2026-04-28 14:57:09 [WS PROFILE] send_gcode_and_wait: 12.9 ms | SET_DUAL_CARRIAGE CARRIAGE=x2
2026-04-28 14:57:09 [WS PROFILE] send_gcode_and_wait: 7.2 ms | SET_DUAL_CARRIAGE CARRIAGE=y2
2026-04-28 14:57:09 [WS PROFILE] select_carriage: 21.9 ms | 2 -> 2
2026-04-28 14:57:09 [MOVE PROFILE] queue carriage2 cmd took 22.8 ms
2026-04-28 14:57:10 [WS PROFILE] send_gcode_and_wait: 314.3 ms | M400
2026-04-28 14:57:10 [WS PROFILE] wait_for_moves: 315.1 ms
2026-04-28 14:57:10 [MOVE PROFILE] wait_for_moves took 315.8 ms
2026-04-28 14:57:10 [WS PROFILE] send_gcode_and_wait: 10.9 ms | SET_DUAL_CARRIAGE CARRIAGE=x
2026-04-28 14:57:10 [WS PROFILE] send_gcode_and_wait: 6.1 ms | SET_DUAL_CARRIAGE CARRIAGE=y
2026-04-28 14:57:10 [WS PROFILE] select_carriage: 18.6 ms | 2 -> 1
2026-04-28 14:57:10 [WS PROFILE] is_toolhead_moving:get_velocity: 220.2 ms | carriage=1, v=0.0
2026-04-28 14:57:10 [WS PROFILE] send_gcode_and_wait: 11.7 ms | SET_DUAL_CARRIAGE CARRIAGE=x2
2026-04-28 14:57:10 [WS PROFILE] send_gcode_and_wait: 6.9 ms | SET_DUAL_CARRIAGE CARRIAGE=y2
2026-04-28 14:57:10 [WS PROFILE] select_carriage: 20.3 ms | 1 -> 2
2026-04-28 14:57:10 [WS PROFILE] is_toolhead_moving:get_velocity: 249.2 ms | carriage=2, v=0.0
2026-04-28 14:57:10 [WS PROFILE] is_toolhead_moving: 471.4 ms | moving=False
2026-04-28 14:57:10 [MOVE PROFILE] velocity settle loop took 471.9 ms (0 checks)
2026-04-28 14:57:10 [WS PROFILE] send_gcode_and_wait: 10.6 ms | SET_DUAL_CARRIAGE CARRIAGE=x
2026-04-28 14:57:10 [WS PROFILE] send_gcode_and_wait: 6.9 ms | SET_DUAL_CARRIAGE CARRIAGE=y
2026-04-28 14:57:10 [WS PROFILE] select_carriage: 19.0 ms | 2 -> 1
2026-04-28 14:57:10 [WS PROFILE] send_gcode_and_wait: 10.4 ms | SET_DUAL_CARRIAGE CARRIAGE=x2
2026-04-28 14:57:10 [WS PROFILE] send_gcode_and_wait: 7.0 ms | SET_DUAL_CARRIAGE CARRIAGE=y2
2026-04-28 14:57:10 [WS PROFILE] select_carriage: 19.2 ms | 1 -> 2
2026-04-28 14:57:11 [WS PROFILE] get_z_positions: 254.0 ms | z1=25.0, z2=15.999999999999943
2026-04-28 14:57:11 [WS PROFILE] get_position: 750.8 ms | x1=0.0 y1=0.5 z1=25.0 x2=711.31 y2=-13.4 z2=15.999999999999943
2026-04-28 14:57:11 [MOVE PROFILE] z convergence loop took 751.6 ms (1 checks)
2026-04-28 14:57:11 [WS PROFILE] send_gcode_and_wait: 9.4 ms | SET_DUAL_CARRIAGE CARRIAGE=x
2026-04-28 14:57:11 [WS PROFILE] send_gcode_and_wait: 6.8 ms | SET_DUAL_CARRIAGE CARRIAGE=y
2026-04-28 14:57:11 [WS PROFILE] select_carriage: 18.0 ms | 2 -> 1
2026-04-28 14:57:11 [WS PROFILE] send_gcode_and_wait: 10.8 ms | SET_DUAL_CARRIAGE CARRIAGE=x2
2026-04-28 14:57:11 [WS PROFILE] send_gcode_and_wait: 7.1 ms | SET_DUAL_CARRIAGE CARRIAGE=y2
2026-04-28 14:57:11 [WS PROFILE] select_carriage: 19.9 ms | 1 -> 2
2026-04-28 14:57:12 [WS PROFILE] get_z_positions: 250.0 ms | z1=25.0, z2=15.999999999999943
2026-04-28 14:57:12 [WS PROFILE] get_position: 750.8 ms | x1=0.0 y1=0.5 z1=25.0 x2=711.31 y2=-13.4 z2=15.999999999999943
2026-04-28 14:57:12 [MOVE PROFILE] verify_mov took 752.6 ms
2026-04-28 14:57:12 [MOVE PROFILE] total move() time 2319.2 ms
2026-04-28 14:57:12 [WS PROFILE] send_gcode_and_wait: 12.8 ms | SET_DUAL_CARRIAGE CARRIAGE=x2
2026-04-28 14:57:12 [WS PROFILE] send_gcode_and_wait: 6.5 ms | SET_DUAL_CARRIAGE CARRIAGE=y2
2026-04-28 14:57:12 [WS PROFILE] select_carriage: 21.2 ms | 2 -> 2
2026-04-28 14:57:12 [MOVE PROFILE] queue carriage2 cmd took 22.1 ms
2026-04-28 14:57:12 [WS PROFILE] send_gcode_and_wait: 317.4 ms | M400
2026-04-28 14:57:12 [WS PROFILE] wait_for_moves: 318.2 ms
2026-04-28 14:57:12 [MOVE PROFILE] wait_for_moves took 318.8 ms
2026-04-28 14:57:12 [WS PROFILE] send_gcode_and_wait: 16.5 ms | SET_DUAL_CARRIAGE CARRIAGE=x
2026-04-28 14:57:12 [WS PROFILE] send_gcode_and_wait: 6.5 ms | SET_DUAL_CARRIAGE CARRIAGE=y
2026-04-28 14:57:12 [WS PROFILE] select_carriage: 24.5 ms | 2 -> 1
2026-04-28 14:57:12 [WS PROFILE] is_toolhead_moving:get_velocity: 217.5 ms | carriage=1, v=0.0
2026-04-28 14:57:12 [WS PROFILE] send_gcode_and_wait: 12.4 ms | SET_DUAL_CARRIAGE CARRIAGE=x2
2026-04-28 14:57:12 [WS PROFILE] send_gcode_and_wait: 6.8 ms | SET_DUAL_CARRIAGE CARRIAGE=y2
2026-04-28 14:57:12 [WS PROFILE] select_carriage: 20.3 ms | 1 -> 2
2026-04-28 14:57:13 [WS PROFILE] is_toolhead_moving:get_velocity: 244.8 ms | carriage=2, v=0.0
2026-04-28 14:57:13 [WS PROFILE] is_toolhead_moving: 464.9 ms | moving=False
2026-04-28 14:57:13 [MOVE PROFILE] velocity settle loop took 465.5 ms (0 checks)
2026-04-28 14:57:13 [WS PROFILE] send_gcode_and_wait: 8.9 ms | SET_DUAL_CARRIAGE CARRIAGE=x
2026-04-28 14:57:13 [WS PROFILE] send_gcode_and_wait: 7.0 ms | SET_DUAL_CARRIAGE CARRIAGE=y
2026-04-28 14:57:13 [WS PROFILE] select_carriage: 17.7 ms | 2 -> 1
2026-04-28 14:57:13 [WS PROFILE] send_gcode_and_wait: 17.1 ms | SET_DUAL_CARRIAGE CARRIAGE=x2
2026-04-28 14:57:13 [WS PROFILE] send_gcode_and_wait: 24.4 ms | SET_DUAL_CARRIAGE CARRIAGE=y2
2026-04-28 14:57:13 [WS PROFILE] select_carriage: 43.1 ms | 1 -> 2
2026-04-28 14:57:13 [WS PROFILE] get_z_positions: 252.3 ms | z1=25.0, z2=16.099999999999945
2026-04-28 14:57:13 [WS PROFILE] get_position: 756.4 ms | x1=0.0 y1=0.5 z1=25.0 x2=711.31 y2=-13.4 z2=16.099999999999945
2026-04-28 14:57:13 [MOVE PROFILE] z convergence loop took 758.2 ms (1 checks)
2026-04-28 14:57:13 [WS PROFILE] send_gcode_and_wait: 10.9 ms | SET_DUAL_CARRIAGE CARRIAGE=x
2026-04-28 14:57:13 [WS PROFILE] send_gcode_and_wait: 7.8 ms | SET_DUAL_CARRIAGE CARRIAGE=y
2026-04-28 14:57:13 [WS PROFILE] select_carriage: 23.0 ms | 2 -> 1
2026-04-28 14:57:14 [WS PROFILE] send_gcode_and_wait: 9.9 ms | SET_DUAL_CARRIAGE CARRIAGE=x2
2026-04-28 14:57:14 [WS PROFILE] send_gcode_and_wait: 8.9 ms | SET_DUAL_CARRIAGE CARRIAGE=y2
2026-04-28 14:57:14 [WS PROFILE] select_carriage: 20.8 ms | 1 -> 2
2026-04-28 14:57:14 [WS PROFILE] get_z_positions: 251.0 ms | z1=25.0, z2=16.099999999999945
2026-04-28 14:57:14 [WS PROFILE] get_position: 746.6 ms | x1=0.0 y1=0.5 z1=25.0 x2=711.31 y2=-13.4 z2=16.099999999999945
2026-04-28 14:57:14 [MOVE PROFILE] verify_mov took 747.1 ms
2026-04-28 14:57:14 [MOVE PROFILE] total move() time 2316.0 ms
2026-04-28 14:57:14 [WS PROFILE] send_gcode_and_wait: 13.2 ms | SET_DUAL_CARRIAGE CARRIAGE=x2
2026-04-28 14:57:14 [WS PROFILE] send_gcode_and_wait: 6.5 ms | SET_DUAL_CARRIAGE CARRIAGE=y2
2026-04-28 14:57:14 [WS PROFILE] select_carriage: 21.7 ms | 2 -> 2
2026-04-28 14:57:14 [MOVE PROFILE] queue carriage2 cmd took 22.7 ms
2026-04-28 14:57:15 [WS PROFILE] send_gcode_and_wait: 316.9 ms | M400
2026-04-28 14:57:15 [WS PROFILE] wait_for_moves: 317.7 ms
2026-04-28 14:57:15 [MOVE PROFILE] wait_for_moves took 318.3 ms
2026-04-28 14:57:15 [WS PROFILE] send_gcode_and_wait: 10.5 ms | SET_DUAL_CARRIAGE CARRIAGE=x
2026-04-28 14:57:15 [WS PROFILE] send_gcode_and_wait: 6.8 ms | SET_DUAL_CARRIAGE CARRIAGE=y
2026-04-28 14:57:15 [WS PROFILE] select_carriage: 19.0 ms | 2 -> 1
2026-04-28 14:57:15 [WS PROFILE] is_toolhead_moving:get_velocity: 233.6 ms | carriage=1, v=0.0
2026-04-28 14:57:15 [WS PROFILE] send_gcode_and_wait: 10.8 ms | SET_DUAL_CARRIAGE CARRIAGE=x2
2026-04-28 14:57:15 [WS PROFILE] send_gcode_and_wait: 7.5 ms | SET_DUAL_CARRIAGE CARRIAGE=y2
2026-04-28 14:57:15 [WS PROFILE] select_carriage: 20.1 ms | 1 -> 2
2026-04-28 14:57:15 [WS PROFILE] is_toolhead_moving:get_velocity: 249.1 ms | carriage=2, v=0.0
2026-04-28 14:57:15 [WS PROFILE] is_toolhead_moving: 484.4 ms | moving=False
2026-04-28 14:57:15 [MOVE PROFILE] velocity settle loop took 484.9 ms (0 checks)
2026-04-28 14:57:15 [WS PROFILE] send_gcode_and_wait: 10.5 ms | SET_DUAL_CARRIAGE CARRIAGE=x
2026-04-28 14:57:15 [WS PROFILE] send_gcode_and_wait: 6.7 ms | SET_DUAL_CARRIAGE CARRIAGE=y
2026-04-28 14:57:15 [WS PROFILE] select_carriage: 19.1 ms | 2 -> 1
2026-04-28 14:57:15 [WS PROFILE] send_gcode_and_wait: 10.0 ms | SET_DUAL_CARRIAGE CARRIAGE=x2
2026-04-28 14:57:15 [WS PROFILE] send_gcode_and_wait: 7.3 ms | SET_DUAL_CARRIAGE CARRIAGE=y2
2026-04-28 14:57:15 [WS PROFILE] select_carriage: 19.1 ms | 1 -> 2
2026-04-28 14:57:16 [WS PROFILE] get_z_positions: 249.8 ms | z1=25.0, z2=16.199999999999946
2026-04-28 14:57:16 [WS PROFILE] get_position: 751.6 ms | x1=0.0 y1=0.5 z1=25.0 x2=711.31 y2=-13.4 z2=16.199999999999946
2026-04-28 14:57:16 [MOVE PROFILE] z convergence loop took 752.2 ms (1 checks)
2026-04-28 14:57:16 [WS PROFILE] send_gcode_and_wait: 10.9 ms | SET_DUAL_CARRIAGE CARRIAGE=x
2026-04-28 14:57:16 [WS PROFILE] send_gcode_and_wait: 7.4 ms | SET_DUAL_CARRIAGE CARRIAGE=y
2026-04-28 14:57:16 [WS PROFILE] select_carriage: 20.4 ms | 2 -> 1
2026-04-28 14:57:16 [WS PROFILE] send_gcode_and_wait: 10.3 ms | SET_DUAL_CARRIAGE CARRIAGE=x2
2026-04-28 14:57:16 [WS PROFILE] send_gcode_and_wait: 7.5 ms | SET_DUAL_CARRIAGE CARRIAGE=y2
2026-04-28 14:57:16 [WS PROFILE] select_carriage: 19.6 ms | 1 -> 2
2026-04-28 14:57:17 [WS PROFILE] get_z_positions: 250.5 ms | z1=25.0, z2=16.199999999999946
2026-04-28 14:57:17 [WS PROFILE] get_position: 752.2 ms | x1=0.0 y1=0.5 z1=25.0 x2=711.31 y2=-13.4 z2=16.199999999999946
2026-04-28 14:57:17 [MOVE PROFILE] verify_mov took 754.0 ms
2026-04-28 14:57:17 [MOVE PROFILE] total move() time 2336.7 ms
2026-04-28 14:57:17 [WS PROFILE] send_gcode_and_wait: 12.7 ms | SET_DUAL_CARRIAGE CARRIAGE=x2
2026-04-28 14:57:17 [WS PROFILE] send_gcode_and_wait: 10.3 ms | SET_DUAL_CARRIAGE CARRIAGE=y2
2026-04-28 14:57:17 [WS PROFILE] select_carriage: 24.6 ms | 2 -> 2
2026-04-28 14:57:17 [MOVE PROFILE] queue carriage2 cmd took 25.7 ms
2026-04-28 14:57:17 [WS PROFILE] send_gcode_and_wait: 313.7 ms | M400
2026-04-28 14:57:17 [WS PROFILE] wait_for_moves: 314.9 ms
2026-04-28 14:57:17 [MOVE PROFILE] wait_for_moves took 315.8 ms
2026-04-28 14:57:17 [WS PROFILE] send_gcode_and_wait: 24.2 ms | SET_DUAL_CARRIAGE CARRIAGE=x
2026-04-28 14:57:17 [WS PROFILE] send_gcode_and_wait: 7.2 ms | SET_DUAL_CARRIAGE CARRIAGE=y
2026-04-28 14:57:17 [WS PROFILE] select_carriage: 35.5 ms | 2 -> 1
2026-04-28 14:57:17 [WS PROFILE] is_toolhead_moving:get_velocity: 212.2 ms | carriage=1, v=0.0
2026-04-28 14:57:17 [WS PROFILE] send_gcode_and_wait: 16.2 ms | SET_DUAL_CARRIAGE CARRIAGE=x2
2026-04-28 14:57:17 [WS PROFILE] send_gcode_and_wait: 8.6 ms | SET_DUAL_CARRIAGE CARRIAGE=y2
2026-04-28 14:57:17 [WS PROFILE] select_carriage: 28.9 ms | 1 -> 2
2026-04-28 14:57:18 [WS PROFILE] is_toolhead_moving:get_velocity: 251.6 ms | carriage=2, v=0.0
2026-04-28 14:57:18 [WS PROFILE] is_toolhead_moving: 466.8 ms | moving=False
2026-04-28 14:57:18 [MOVE PROFILE] velocity settle loop took 467.3 ms (0 checks)
2026-04-28 14:57:18 [WS PROFILE] send_gcode_and_wait: 11.3 ms | SET_DUAL_CARRIAGE CARRIAGE=x
2026-04-28 14:57:18 [WS PROFILE] send_gcode_and_wait: 6.9 ms | SET_DUAL_CARRIAGE CARRIAGE=y
2026-04-28 14:57:18 [WS PROFILE] select_carriage: 20.2 ms | 2 -> 1
2026-04-28 14:57:18 [WS PROFILE] send_gcode_and_wait: 10.1 ms | SET_DUAL_CARRIAGE CARRIAGE=x2
2026-04-28 14:57:18 [WS PROFILE] send_gcode_and_wait: 12.2 ms | SET_DUAL_CARRIAGE CARRIAGE=y2
2026-04-28 14:57:18 [WS PROFILE] select_carriage: 24.1 ms | 1 -> 2
2026-04-28 14:57:18 [WS PROFILE] get_z_positions: 247.3 ms | z1=25.0, z2=16.299999999999947
2026-04-28 14:57:18 [WS PROFILE] get_position: 743.5 ms | x1=0.0 y1=0.5 z1=25.0 x2=711.31 y2=-13.4 z2=16.299999999999947
2026-04-28 14:57:18 [MOVE PROFILE] z convergence loop took 744.1 ms (1 checks)
2026-04-28 14:57:18 [WS PROFILE] send_gcode_and_wait: 10.9 ms | SET_DUAL_CARRIAGE CARRIAGE=x
2026-04-28 14:57:18 [WS PROFILE] send_gcode_and_wait: 7.5 ms | SET_DUAL_CARRIAGE CARRIAGE=y
2026-04-28 14:57:18 [WS PROFILE] select_carriage: 20.8 ms | 2 -> 1
2026-04-28 14:57:19 [WS PROFILE] send_gcode_and_wait: 9.5 ms | SET_DUAL_CARRIAGE CARRIAGE=x2
2026-04-28 14:57:19 [WS PROFILE] send_gcode_and_wait: 6.4 ms | SET_DUAL_CARRIAGE CARRIAGE=y2
2026-04-28 14:57:19 [WS PROFILE] select_carriage: 17.4 ms | 1 -> 2
2026-04-28 14:57:19 [WS PROFILE] get_z_positions: 249.1 ms | z1=25.0, z2=16.299999999999947
2026-04-28 14:57:19 [WS PROFILE] get_position: 752.8 ms | x1=0.0 y1=0.5 z1=25.0 x2=711.31 y2=-13.4 z2=16.299999999999947
2026-04-28 14:57:19 [MOVE PROFILE] verify_mov took 753.5 ms
2026-04-28 14:57:19 [MOVE PROFILE] total move() time 2310.4 ms
2026-04-28 14:57:19 [WS PROFILE] send_gcode_and_wait: 13.3 ms | SET_DUAL_CARRIAGE CARRIAGE=x2
2026-04-28 14:57:19 [WS PROFILE] send_gcode_and_wait: 7.4 ms | SET_DUAL_CARRIAGE CARRIAGE=y2
2026-04-28 14:57:19 [WS PROFILE] select_carriage: 22.7 ms | 2 -> 2
2026-04-28 14:57:19 [MOVE PROFILE] queue carriage2 cmd took 23.5 ms
2026-04-28 14:57:20 [WS PROFILE] send_gcode_and_wait: 317.1 ms | M400
2026-04-28 14:57:20 [WS PROFILE] wait_for_moves: 318.0 ms
2026-04-28 14:57:20 [MOVE PROFILE] wait_for_moves took 318.7 ms
2026-04-28 14:57:20 [WS PROFILE] send_gcode_and_wait: 10.3 ms | SET_DUAL_CARRIAGE CARRIAGE=x
2026-04-28 14:57:20 [WS PROFILE] send_gcode_and_wait: 6.8 ms | SET_DUAL_CARRIAGE CARRIAGE=y
2026-04-28 14:57:20 [WS PROFILE] select_carriage: 19.7 ms | 2 -> 1
2026-04-28 14:57:20 [WS PROFILE] is_toolhead_moving:get_velocity: 221.4 ms | carriage=1, v=0.0
2026-04-28 14:57:20 [WS PROFILE] send_gcode_and_wait: 38.3 ms | SET_DUAL_CARRIAGE CARRIAGE=x2
2026-04-28 14:57:20 [WS PROFILE] send_gcode_and_wait: 25.1 ms | SET_DUAL_CARRIAGE CARRIAGE=y2
2026-04-28 14:57:20 [WS PROFILE] select_carriage: 68.2 ms | 1 -> 2
2026-04-28 14:57:20 [WS PROFILE] is_toolhead_moving:get_velocity: 249.3 ms | carriage=2, v=0.0
2026-04-28 14:57:20 [WS PROFILE] is_toolhead_moving: 472.4 ms | moving=False
2026-04-28 14:57:20 [MOVE PROFILE] velocity settle loop took 473.0 ms (0 checks)
2026-04-28 14:57:20 [WS PROFILE] send_gcode_and_wait: 10.0 ms | SET_DUAL_CARRIAGE CARRIAGE=x
2026-04-28 14:57:20 [WS PROFILE] send_gcode_and_wait: 6.2 ms | SET_DUAL_CARRIAGE CARRIAGE=y
2026-04-28 14:57:20 [WS PROFILE] select_carriage: 17.7 ms | 2 -> 1
2026-04-28 14:57:20 [WS PROFILE] send_gcode_and_wait: 11.5 ms | SET_DUAL_CARRIAGE CARRIAGE=x2
2026-04-28 14:57:20 [WS PROFILE] send_gcode_and_wait: 6.5 ms | SET_DUAL_CARRIAGE CARRIAGE=y2
2026-04-28 14:57:20 [WS PROFILE] select_carriage: 20.1 ms | 1 -> 2
2026-04-28 14:57:21 [WS PROFILE] get_z_positions: 250.9 ms | z1=25.0, z2=16.39999999999995
2026-04-28 14:57:21 [WS PROFILE] get_position: 751.1 ms | x1=0.0 y1=0.5 z1=25.0 x2=711.31 y2=-13.4 z2=16.39999999999995
2026-04-28 14:57:21 [MOVE PROFILE] z convergence loop took 751.7 ms (1 checks)
2026-04-28 14:57:21 [WS PROFILE] send_gcode_and_wait: 10.0 ms | SET_DUAL_CARRIAGE CARRIAGE=x
2026-04-28 14:57:21 [WS PROFILE] send_gcode_and_wait: 7.3 ms | SET_DUAL_CARRIAGE CARRIAGE=y
2026-04-28 14:57:21 [WS PROFILE] select_carriage: 20.1 ms | 2 -> 1
2026-04-28 14:57:21 [WS PROFILE] send_gcode_and_wait: 10.7 ms | SET_DUAL_CARRIAGE CARRIAGE=x2
2026-04-28 14:57:21 [WS PROFILE] send_gcode_and_wait: 7.1 ms | SET_DUAL_CARRIAGE CARRIAGE=y2
2026-04-28 14:57:21 [WS PROFILE] select_carriage: 19.8 ms | 1 -> 2
2026-04-28 14:57:22 [WS PROFILE] get_z_positions: 246.7 ms | z1=25.0, z2=16.39999999999995
2026-04-28 14:57:22 [WS PROFILE] get_position: 749.7 ms | x1=0.0 y1=0.5 z1=25.0 x2=711.31 y2=-13.4 z2=16.39999999999995
2026-04-28 14:57:22 [MOVE PROFILE] verify_mov took 750.3 ms
2026-04-28 14:57:22 [MOVE PROFILE] total move() time 2320.7 ms
2026-04-28 14:57:22 [WS PROFILE] send_gcode_and_wait: 13.1 ms | SET_DUAL_CARRIAGE CARRIAGE=x2
2026-04-28 14:57:22 [WS PROFILE] send_gcode_and_wait: 6.3 ms | SET_DUAL_CARRIAGE CARRIAGE=y2
2026-04-28 14:57:22 [WS PROFILE] select_carriage: 21.3 ms | 2 -> 2
2026-04-28 14:57:22 [MOVE PROFILE] queue carriage2 cmd took 22.3 ms
2026-04-28 14:57:22 [WS PROFILE] send_gcode_and_wait: 313.6 ms | M400
2026-04-28 14:57:22 [WS PROFILE] wait_for_moves: 314.5 ms
2026-04-28 14:57:22 [MOVE PROFILE] wait_for_moves took 315.2 ms
2026-04-28 14:57:22 [WS PROFILE] send_gcode_and_wait: 9.5 ms | SET_DUAL_CARRIAGE CARRIAGE=x
2026-04-28 14:57:22 [WS PROFILE] send_gcode_and_wait: 6.4 ms | SET_DUAL_CARRIAGE CARRIAGE=y
2026-04-28 14:57:22 [WS PROFILE] select_carriage: 18.6 ms | 2 -> 1
2026-04-28 14:57:22 [WS PROFILE] is_toolhead_moving:get_velocity: 237.6 ms | carriage=1, v=0.0
2026-04-28 14:57:22 [WS PROFILE] send_gcode_and_wait: 10.3 ms | SET_DUAL_CARRIAGE CARRIAGE=x2
2026-04-28 14:57:22 [WS PROFILE] send_gcode_and_wait: 7.1 ms | SET_DUAL_CARRIAGE CARRIAGE=y2
2026-04-28 14:57:22 [WS PROFILE] select_carriage: 19.5 ms | 1 -> 2
2026-04-28 14:57:23 [WS PROFILE] is_toolhead_moving:get_velocity: 247.7 ms | carriage=2, v=0.0
2026-04-28 14:57:23 [WS PROFILE] is_toolhead_moving: 487.9 ms | moving=False
2026-04-28 14:57:23 [MOVE PROFILE] velocity settle loop took 488.5 ms (0 checks)
2026-04-28 14:57:23 [WS PROFILE] send_gcode_and_wait: 11.4 ms | SET_DUAL_CARRIAGE CARRIAGE=x
2026-04-28 14:57:23 [WS PROFILE] send_gcode_and_wait: 6.7 ms | SET_DUAL_CARRIAGE CARRIAGE=y
2026-04-28 14:57:23 [WS PROFILE] select_carriage: 19.8 ms | 2 -> 1
2026-04-28 14:57:23 [WS PROFILE] send_gcode_and_wait: 9.5 ms | SET_DUAL_CARRIAGE CARRIAGE=x2
2026-04-28 14:57:23 [WS PROFILE] send_gcode_and_wait: 6.2 ms | SET_DUAL_CARRIAGE CARRIAGE=y2
2026-04-28 14:57:23 [WS PROFILE] select_carriage: 17.5 ms | 1 -> 2
2026-04-28 14:57:23 [WS PROFILE] get_z_positions: 250.7 ms | z1=25.0, z2=16.49999999999995
2026-04-28 14:57:23 [WS PROFILE] get_position: 752.6 ms | x1=0.0 y1=0.5 z1=25.0 x2=711.31 y2=-13.4 z2=16.49999999999995
2026-04-28 14:57:23 [MOVE PROFILE] z convergence loop took 754.4 ms (1 checks)
2026-04-28 14:57:23 [WS PROFILE] send_gcode_and_wait: 11.1 ms | SET_DUAL_CARRIAGE CARRIAGE=x
2026-04-28 14:57:23 [WS PROFILE] send_gcode_and_wait: 6.9 ms | SET_DUAL_CARRIAGE CARRIAGE=y
2026-04-28 14:57:23 [WS PROFILE] select_carriage: 22.6 ms | 2 -> 1
2026-04-28 14:57:24 [WS PROFILE] send_gcode_and_wait: 16.7 ms | SET_DUAL_CARRIAGE CARRIAGE=x2
2026-04-28 14:57:24 [WS PROFILE] send_gcode_and_wait: 6.9 ms | SET_DUAL_CARRIAGE CARRIAGE=y2
2026-04-28 14:57:24 [WS PROFILE] select_carriage: 26.3 ms | 1 -> 2
2026-04-28 14:57:24 [WS PROFILE] get_z_positions: 249.3 ms | z1=25.0, z2=16.49999999999995
2026-04-28 14:57:24 [WS PROFILE] get_position: 746.1 ms | x1=0.0 y1=0.5 z1=25.0 x2=711.31 y2=-13.4 z2=16.49999999999995
2026-04-28 14:57:24 [MOVE PROFILE] verify_mov took 746.6 ms
2026-04-28 14:57:24 [MOVE PROFILE] total move() time 2331.7 ms
2026-04-28 14:57:24 [WS PROFILE] send_gcode_and_wait: 13.2 ms | SET_DUAL_CARRIAGE CARRIAGE=x2
2026-04-28 14:57:24 [WS PROFILE] send_gcode_and_wait: 6.1 ms | SET_DUAL_CARRIAGE CARRIAGE=y2
2026-04-28 14:57:24 [WS PROFILE] select_carriage: 21.3 ms | 2 -> 2
2026-04-28 14:57:24 [MOVE PROFILE] queue carriage2 cmd took 22.7 ms
2026-04-28 14:57:25 [WS PROFILE] send_gcode_and_wait: 317.1 ms | M400
2026-04-28 14:57:25 [WS PROFILE] wait_for_moves: 318.0 ms
2026-04-28 14:57:25 [MOVE PROFILE] wait_for_moves took 318.5 ms
2026-04-28 14:57:25 [WS PROFILE] send_gcode_and_wait: 9.4 ms | SET_DUAL_CARRIAGE CARRIAGE=x
2026-04-28 14:57:25 [WS PROFILE] send_gcode_and_wait: 6.9 ms | SET_DUAL_CARRIAGE CARRIAGE=y
2026-04-28 14:57:25 [WS PROFILE] select_carriage: 18.1 ms | 2 -> 1
2026-04-28 14:57:25 [WS PROFILE] is_toolhead_moving:get_velocity: 253.6 ms | carriage=1, v=0.0
2026-04-28 14:57:25 [WS PROFILE] send_gcode_and_wait: 10.1 ms | SET_DUAL_CARRIAGE CARRIAGE=x2
2026-04-28 14:57:25 [WS PROFILE] send_gcode_and_wait: 6.8 ms | SET_DUAL_CARRIAGE CARRIAGE=y2
2026-04-28 14:57:25 [WS PROFILE] select_carriage: 18.7 ms | 1 -> 2
2026-04-28 14:57:25 [WS PROFILE] is_toolhead_moving:get_velocity: 250.6 ms | carriage=2, v=0.0
2026-04-28 14:57:25 [WS PROFILE] is_toolhead_moving: 505.6 ms | moving=False
2026-04-28 14:57:25 [MOVE PROFILE] velocity settle loop took 506.1 ms (0 checks)
2026-04-28 14:57:25 [WS PROFILE] send_gcode_and_wait: 12.3 ms | SET_DUAL_CARRIAGE CARRIAGE=x
2026-04-28 14:57:25 [WS PROFILE] send_gcode_and_wait: 9.6 ms | SET_DUAL_CARRIAGE CARRIAGE=y
2026-04-28 14:57:25 [WS PROFILE] select_carriage: 23.5 ms | 2 -> 1
2026-04-28 14:57:25 [WS PROFILE] send_gcode_and_wait: 10.5 ms | SET_DUAL_CARRIAGE CARRIAGE=x2
2026-04-28 14:57:25 [WS PROFILE] send_gcode_and_wait: 9.2 ms | SET_DUAL_CARRIAGE CARRIAGE=y2
2026-04-28 14:57:25 [WS PROFILE] select_carriage: 23.0 ms | 1 -> 2
2026-04-28 14:57:26 [WS PROFILE] get_z_positions: 248.8 ms | z1=25.0, z2=16.59999999999995
2026-04-28 14:57:26 [WS PROFILE] get_position: 748.0 ms | x1=0.0 y1=0.5 z1=25.0 x2=711.31 y2=-13.4 z2=16.59999999999995
2026-04-28 14:57:26 [MOVE PROFILE] z convergence loop took 748.7 ms (1 checks)
2026-04-28 14:57:26 [WS PROFILE] send_gcode_and_wait: 12.2 ms | SET_DUAL_CARRIAGE CARRIAGE=x
2026-04-28 14:57:26 [WS PROFILE] send_gcode_and_wait: 7.4 ms | SET_DUAL_CARRIAGE CARRIAGE=y
2026-04-28 14:57:26 [WS PROFILE] select_carriage: 20.9 ms | 2 -> 1
2026-04-28 14:57:26 [WS PROFILE] send_gcode_and_wait: 10.8 ms | SET_DUAL_CARRIAGE CARRIAGE=x2
2026-04-28 14:57:26 [WS PROFILE] send_gcode_and_wait: 7.1 ms | SET_DUAL_CARRIAGE CARRIAGE=y2
2026-04-28 14:57:26 [WS PROFILE] select_carriage: 19.6 ms | 1 -> 2
2026-04-28 14:57:27 [WS PROFILE] get_z_positions: 249.8 ms | z1=25.0, z2=16.59999999999995
2026-04-28 14:57:27 [WS PROFILE] get_position: 753.6 ms | x1=0.0 y1=0.5 z1=25.0 x2=711.31 y2=-13.4 z2=16.59999999999995
2026-04-28 14:57:27 [MOVE PROFILE] verify_mov took 755.5 ms
2026-04-28 14:57:27 [MOVE PROFILE] total move() time 2356.8 ms
2026-04-28 14:57:27 [WS PROFILE] send_gcode_and_wait: 13.4 ms | SET_DUAL_CARRIAGE CARRIAGE=x2
2026-04-28 14:57:27 [WS PROFILE] send_gcode_and_wait: 6.5 ms | SET_DUAL_CARRIAGE CARRIAGE=y2
2026-04-28 14:57:27 [WS PROFILE] select_carriage: 21.5 ms | 2 -> 2
2026-04-28 14:57:27 [MOVE PROFILE] queue carriage2 cmd took 22.8 ms
2026-04-28 14:57:27 [WS PROFILE] send_gcode_and_wait: 322.2 ms | M400
2026-04-28 14:57:27 [WS PROFILE] wait_for_moves: 323.7 ms
2026-04-28 14:57:27 [MOVE PROFILE] wait_for_moves took 324.4 ms
2026-04-28 14:57:27 [WS PROFILE] send_gcode_and_wait: 10.5 ms | SET_DUAL_CARRIAGE CARRIAGE=x
2026-04-28 14:57:27 [WS PROFILE] send_gcode_and_wait: 7.6 ms | SET_DUAL_CARRIAGE CARRIAGE=y
2026-04-28 14:57:27 [WS PROFILE] select_carriage: 20.7 ms | 2 -> 1
2026-04-28 14:57:27 [WS PROFILE] is_toolhead_moving:get_velocity: 214.0 ms | carriage=1, v=0.0
2026-04-28 14:57:27 [WS PROFILE] send_gcode_and_wait: 10.7 ms | SET_DUAL_CARRIAGE CARRIAGE=x2
2026-04-28 14:57:27 [WS PROFILE] send_gcode_and_wait: 7.3 ms | SET_DUAL_CARRIAGE CARRIAGE=y2
2026-04-28 14:57:27 [WS PROFILE] select_carriage: 23.9 ms | 1 -> 2
2026-04-28 14:57:28 [WS PROFILE] is_toolhead_moving:get_velocity: 244.4 ms | carriage=2, v=0.0
2026-04-28 14:57:28 [WS PROFILE] is_toolhead_moving: 461.0 ms | moving=False
2026-04-28 14:57:28 [MOVE PROFILE] velocity settle loop took 461.6 ms (0 checks)
2026-04-28 14:57:28 [WS PROFILE] send_gcode_and_wait: 10.7 ms | SET_DUAL_CARRIAGE CARRIAGE=x
2026-04-28 14:57:28 [WS PROFILE] send_gcode_and_wait: 7.4 ms | SET_DUAL_CARRIAGE CARRIAGE=y
2026-04-28 14:57:28 [WS PROFILE] select_carriage: 20.0 ms | 2 -> 1
2026-04-28 14:57:28 [WS PROFILE] send_gcode_and_wait: 14.8 ms | SET_DUAL_CARRIAGE CARRIAGE=x2
2026-04-28 14:57:28 [WS PROFILE] send_gcode_and_wait: 6.6 ms | SET_DUAL_CARRIAGE CARRIAGE=y2
2026-04-28 14:57:28 [WS PROFILE] select_carriage: 23.5 ms | 1 -> 2
2026-04-28 14:57:28 [WS PROFILE] get_z_positions: 248.0 ms | z1=25.0, z2=16.699999999999953
2026-04-28 14:57:28 [WS PROFILE] get_position: 749.5 ms | x1=0.0 y1=0.5 z1=25.0 x2=711.31 y2=-13.4 z2=16.699999999999953
2026-04-28 14:57:28 [MOVE PROFILE] z convergence loop took 751.2 ms (1 checks)
2026-04-28 14:57:28 [WS PROFILE] send_gcode_and_wait: 13.5 ms | SET_DUAL_CARRIAGE CARRIAGE=x
2026-04-28 14:57:28 [WS PROFILE] send_gcode_and_wait: 7.2 ms | SET_DUAL_CARRIAGE CARRIAGE=y
2026-04-28 14:57:28 [WS PROFILE] select_carriage: 24.8 ms | 2 -> 1
2026-04-28 14:57:29 [WS PROFILE] send_gcode_and_wait: 9.5 ms | SET_DUAL_CARRIAGE CARRIAGE=x2
2026-04-28 14:57:29 [WS PROFILE] send_gcode_and_wait: 7.8 ms | SET_DUAL_CARRIAGE CARRIAGE=y2
2026-04-28 14:57:29 [WS PROFILE] select_carriage: 21.5 ms | 1 -> 2
2026-04-28 14:57:29 [WS PROFILE] get_z_positions: 250.2 ms | z1=25.0, z2=16.699999999999953
2026-04-28 14:57:29 [WS PROFILE] get_position: 748.6 ms | x1=0.0 y1=0.5 z1=25.0 x2=711.31 y2=-13.4 z2=16.699999999999953
2026-04-28 14:57:29 [MOVE PROFILE] verify_mov took 749.3 ms
2026-04-28 14:57:29 [MOVE PROFILE] total move() time 2313.8 ms
2026-04-28 14:57:29 [WS PROFILE] send_gcode_and_wait: 13.9 ms | SET_DUAL_CARRIAGE CARRIAGE=x2
2026-04-28 14:57:29 [WS PROFILE] send_gcode_and_wait: 6.5 ms | SET_DUAL_CARRIAGE CARRIAGE=y2
2026-04-28 14:57:29 [WS PROFILE] select_carriage: 22.2 ms | 2 -> 2
2026-04-28 14:57:29 [MOVE PROFILE] queue carriage2 cmd took 23.1 ms
2026-04-28 14:57:30 [WS PROFILE] send_gcode_and_wait: 317.6 ms | M400
2026-04-28 14:57:30 [WS PROFILE] wait_for_moves: 318.4 ms
2026-04-28 14:57:30 [MOVE PROFILE] wait_for_moves took 319.1 ms
2026-04-28 14:57:30 [WS PROFILE] send_gcode_and_wait: 17.8 ms | SET_DUAL_CARRIAGE CARRIAGE=x
2026-04-28 14:57:30 [WS PROFILE] send_gcode_and_wait: 6.8 ms | SET_DUAL_CARRIAGE CARRIAGE=y
2026-04-28 14:57:30 [WS PROFILE] select_carriage: 25.8 ms | 2 -> 1
2026-04-28 14:57:30 [WS PROFILE] is_toolhead_moving:get_velocity: 215.1 ms | carriage=1, v=0.0
2026-04-28 14:57:30 [WS PROFILE] send_gcode_and_wait: 10.4 ms | SET_DUAL_CARRIAGE CARRIAGE=x2
2026-04-28 14:57:30 [WS PROFILE] send_gcode_and_wait: 13.0 ms | SET_DUAL_CARRIAGE CARRIAGE=y2
2026-04-28 14:57:30 [WS PROFILE] select_carriage: 25.6 ms | 1 -> 2
2026-04-28 14:57:30 [WS PROFILE] is_toolhead_moving:get_velocity: 249.9 ms | carriage=2, v=0.0
2026-04-28 14:57:30 [WS PROFILE] is_toolhead_moving: 467.0 ms | moving=False
2026-04-28 14:57:30 [MOVE PROFILE] velocity settle loop took 468.2 ms (0 checks)
2026-04-28 14:57:30 [WS PROFILE] send_gcode_and_wait: 10.5 ms | SET_DUAL_CARRIAGE CARRIAGE=x
2026-04-28 14:57:30 [WS PROFILE] send_gcode_and_wait: 7.5 ms | SET_DUAL_CARRIAGE CARRIAGE=y
2026-04-28 14:57:30 [WS PROFILE] select_carriage: 21.0 ms | 2 -> 1
2026-04-28 14:57:30 [WS PROFILE] send_gcode_and_wait: 11.0 ms | SET_DUAL_CARRIAGE CARRIAGE=x2
2026-04-28 14:57:30 [WS PROFILE] send_gcode_and_wait: 9.1 ms | SET_DUAL_CARRIAGE CARRIAGE=y2
2026-04-28 14:57:30 [WS PROFILE] select_carriage: 23.8 ms | 1 -> 2
2026-04-28 14:57:31 [WS PROFILE] get_z_positions: 251.3 ms | z1=25.0, z2=16.799999999999955
2026-04-28 14:57:31 [WS PROFILE] get_position: 750.5 ms | x1=0.0 y1=0.5 z1=25.0 x2=711.31 y2=-13.4 z2=16.799999999999955
2026-04-28 14:57:31 [MOVE PROFILE] z convergence loop took 751.1 ms (1 checks)
2026-04-28 14:57:31 [WS PROFILE] send_gcode_and_wait: 11.1 ms | SET_DUAL_CARRIAGE CARRIAGE=x
2026-04-28 14:57:31 [WS PROFILE] send_gcode_and_wait: 9.0 ms | SET_DUAL_CARRIAGE CARRIAGE=y
2026-04-28 14:57:31 [WS PROFILE] select_carriage: 21.9 ms | 2 -> 1
2026-04-28 14:57:31 [WS PROFILE] send_gcode_and_wait: 9.9 ms | SET_DUAL_CARRIAGE CARRIAGE=x2
2026-04-28 14:57:31 [WS PROFILE] send_gcode_and_wait: 6.5 ms | SET_DUAL_CARRIAGE CARRIAGE=y2
2026-04-28 14:57:31 [WS PROFILE] select_carriage: 18.3 ms | 1 -> 2
2026-04-28 14:57:32 [WS PROFILE] get_z_positions: 251.0 ms | z1=25.0, z2=16.799999999999955
2026-04-28 14:57:32 [WS PROFILE] get_position: 750.9 ms | x1=0.0 y1=0.5 z1=25.0 x2=711.31 y2=-13.4 z2=16.799999999999955
2026-04-28 14:57:32 [MOVE PROFILE] verify_mov took 752.7 ms
2026-04-28 14:57:32 [MOVE PROFILE] total move() time 2319.0 ms
2026-04-28 14:57:32 [WS PROFILE] send_gcode_and_wait: 12.3 ms | SET_DUAL_CARRIAGE CARRIAGE=x2
2026-04-28 14:57:32 [WS PROFILE] send_gcode_and_wait: 6.2 ms | SET_DUAL_CARRIAGE CARRIAGE=y2
2026-04-28 14:57:32 [WS PROFILE] select_carriage: 20.4 ms | 2 -> 2
2026-04-28 14:57:32 [MOVE PROFILE] queue carriage2 cmd took 21.3 ms
2026-04-28 14:57:32 [WS PROFILE] send_gcode_and_wait: 312.9 ms | M400
2026-04-28 14:57:32 [WS PROFILE] wait_for_moves: 313.8 ms
2026-04-28 14:57:32 [MOVE PROFILE] wait_for_moves took 314.3 ms
2026-04-28 14:57:32 [WS PROFILE] send_gcode_and_wait: 230.7 ms | SET_DUAL_CARRIAGE CARRIAGE=x
2026-04-28 14:57:32 [WS PROFILE] send_gcode_and_wait: 8.0 ms | SET_DUAL_CARRIAGE CARRIAGE=y
2026-04-28 14:57:32 [WS PROFILE] select_carriage: 241.5 ms | 2 -> 1
2026-04-28 14:57:33 [WS PROFILE] is_toolhead_moving:get_velocity: 481.3 ms | carriage=1, v=0.0
2026-04-28 14:57:33 [WS PROFILE] send_gcode_and_wait: 9.9 ms | SET_DUAL_CARRIAGE CARRIAGE=x2
2026-04-28 14:57:33 [WS PROFILE] send_gcode_and_wait: 6.3 ms | SET_DUAL_CARRIAGE CARRIAGE=y2
2026-04-28 14:57:33 [WS PROFILE] select_carriage: 18.0 ms | 1 -> 2
2026-04-28 14:57:33 [WS PROFILE] is_toolhead_moving:get_velocity: 249.5 ms | carriage=2, v=0.0
2026-04-28 14:57:33 [WS PROFILE] is_toolhead_moving: 732.4 ms | moving=False
2026-04-28 14:57:33 [MOVE PROFILE] velocity settle loop took 733.0 ms (0 checks)
2026-04-28 14:57:33 [WS PROFILE] send_gcode_and_wait: 12.7 ms | SET_DUAL_CARRIAGE CARRIAGE=x
2026-04-28 14:57:33 [WS PROFILE] send_gcode_and_wait: 7.6 ms | SET_DUAL_CARRIAGE CARRIAGE=y
2026-04-28 14:57:33 [WS PROFILE] select_carriage: 21.9 ms | 2 -> 1
2026-04-28 14:57:33 [WS PROFILE] send_gcode_and_wait: 10.9 ms | SET_DUAL_CARRIAGE CARRIAGE=x2
2026-04-28 14:57:33 [WS PROFILE] send_gcode_and_wait: 6.5 ms | SET_DUAL_CARRIAGE CARRIAGE=y2
2026-04-28 14:57:33 [WS PROFILE] select_carriage: 19.6 ms | 1 -> 2
2026-04-28 14:57:34 [WS PROFILE] get_z_positions: 250.2 ms | z1=25.0, z2=16.899999999999956
2026-04-28 14:57:34 [WS PROFILE] get_position: 752.8 ms | x1=0.0 y1=0.5 z1=25.0 x2=711.31 y2=-13.4 z2=16.899999999999956
2026-04-28 14:57:34 [MOVE PROFILE] z convergence loop took 754.6 ms (1 checks)
2026-04-28 14:57:34 [WS PROFILE] send_gcode_and_wait: 11.9 ms | SET_DUAL_CARRIAGE CARRIAGE=x
2026-04-28 14:57:34 [WS PROFILE] send_gcode_and_wait: 6.7 ms | SET_DUAL_CARRIAGE CARRIAGE=y
2026-04-28 14:57:34 [WS PROFILE] select_carriage: 21.2 ms | 2 -> 1
2026-04-28 14:57:34 [WS PROFILE] send_gcode_and_wait: 10.2 ms | SET_DUAL_CARRIAGE CARRIAGE=x2
2026-04-28 14:57:34 [WS PROFILE] send_gcode_and_wait: 6.8 ms | SET_DUAL_CARRIAGE CARRIAGE=y2
2026-04-28 14:57:34 [WS PROFILE] select_carriage: 18.9 ms | 1 -> 2
2026-04-28 14:57:34 [WS PROFILE] get_z_positions: 251.0 ms | z1=25.0, z2=16.899999999999956
2026-04-28 14:57:34 [WS PROFILE] get_position: 748.6 ms | x1=0.0 y1=0.5 z1=25.0 x2=711.31 y2=-13.4 z2=16.899999999999956
2026-04-28 14:57:34 [MOVE PROFILE] verify_mov took 750.3 ms
2026-04-28 14:57:34 [MOVE PROFILE] total move() time 2579.0 ms
2026-04-28 14:57:35 [WS PROFILE] send_gcode_and_wait: 11.8 ms | SET_DUAL_CARRIAGE CARRIAGE=x2
2026-04-28 14:57:35 [WS PROFILE] send_gcode_and_wait: 5.7 ms | SET_DUAL_CARRIAGE CARRIAGE=y2
2026-04-28 14:57:35 [WS PROFILE] select_carriage: 19.1 ms | 2 -> 2
2026-04-28 14:57:35 [MOVE PROFILE] queue carriage2 cmd took 20.2 ms
2026-04-28 14:57:35 [WS PROFILE] send_gcode_and_wait: 341.0 ms | M400
2026-04-28 14:57:35 [WS PROFILE] wait_for_moves: 342.8 ms
2026-04-28 14:57:35 [MOVE PROFILE] wait_for_moves took 344.6 ms
2026-04-28 14:57:35 [WS PROFILE] send_gcode_and_wait: 12.6 ms | SET_DUAL_CARRIAGE CARRIAGE=x
2026-04-28 14:57:35 [WS PROFILE] send_gcode_and_wait: 7.2 ms | SET_DUAL_CARRIAGE CARRIAGE=y
2026-04-28 14:57:35 [WS PROFILE] select_carriage: 24.1 ms | 2 -> 1
2026-04-28 14:57:35 [WS PROFILE] is_toolhead_moving:get_velocity: 195.6 ms | carriage=1, v=0.0
2026-04-28 14:57:35 [WS PROFILE] send_gcode_and_wait: 12.8 ms | SET_DUAL_CARRIAGE CARRIAGE=x2
2026-04-28 14:57:35 [WS PROFILE] send_gcode_and_wait: 7.3 ms | SET_DUAL_CARRIAGE CARRIAGE=y2
2026-04-28 14:57:35 [WS PROFILE] select_carriage: 22.3 ms | 1 -> 2
2026-04-28 14:57:35 [WS PROFILE] is_toolhead_moving:get_velocity: 250.6 ms | carriage=2, v=0.0
2026-04-28 14:57:35 [WS PROFILE] is_toolhead_moving: 449.0 ms | moving=False
2026-04-28 14:57:35 [MOVE PROFILE] velocity settle loop took 450.5 ms (0 checks)
2026-04-28 14:57:35 [WS PROFILE] send_gcode_and_wait: 10.8 ms | SET_DUAL_CARRIAGE CARRIAGE=x
2026-04-28 14:57:35 [WS PROFILE] send_gcode_and_wait: 7.4 ms | SET_DUAL_CARRIAGE CARRIAGE=y
2026-04-28 14:57:35 [WS PROFILE] select_carriage: 19.8 ms | 2 -> 1
2026-04-28 14:57:36 [WS PROFILE] send_gcode_and_wait: 9.4 ms | SET_DUAL_CARRIAGE CARRIAGE=x2
2026-04-28 14:57:36 [WS PROFILE] send_gcode_and_wait: 6.0 ms | SET_DUAL_CARRIAGE CARRIAGE=y2
2026-04-28 14:57:36 [WS PROFILE] select_carriage: 17.1 ms | 1 -> 2
2026-04-28 14:57:36 [WS PROFILE] get_z_positions: 251.3 ms | z1=25.0, z2=16.999999999999957
2026-04-28 14:57:36 [WS PROFILE] get_position: 746.4 ms | x1=0.0 y1=0.5 z1=25.0 x2=711.31 y2=-13.4 z2=16.999999999999957
2026-04-28 14:57:36 [MOVE PROFILE] z convergence loop took 746.9 ms (1 checks)
2026-04-28 14:57:36 [WS PROFILE] send_gcode_and_wait: 11.2 ms | SET_DUAL_CARRIAGE CARRIAGE=x
2026-04-28 14:57:36 [WS PROFILE] send_gcode_and_wait: 6.9 ms | SET_DUAL_CARRIAGE CARRIAGE=y
2026-04-28 14:57:36 [WS PROFILE] select_carriage: 21.0 ms | 2 -> 1
2026-04-28 14:57:36 [WS PROFILE] send_gcode_and_wait: 9.4 ms | SET_DUAL_CARRIAGE CARRIAGE=x2
2026-04-28 14:57:36 [WS PROFILE] send_gcode_and_wait: 6.3 ms | SET_DUAL_CARRIAGE CARRIAGE=y2
2026-04-28 14:57:36 [WS PROFILE] select_carriage: 17.7 ms | 1 -> 2
2026-04-28 14:57:37 [WS PROFILE] get_z_positions: 251.9 ms | z1=25.0, z2=16.999999999999957
2026-04-28 14:57:37 [WS PROFILE] get_position: 752.3 ms | x1=0.0 y1=0.5 z1=25.0 x2=711.31 y2=-13.4 z2=16.999999999999957
2026-04-28 14:57:37 [MOVE PROFILE] verify_mov took 753.0 ms
2026-04-28 14:57:37 [MOVE PROFILE] total move() time 2321.7 ms
2026-04-28 14:57:37 [WS PROFILE] send_gcode_and_wait: 13.2 ms | SET_DUAL_CARRIAGE CARRIAGE=x2
2026-04-28 14:57:37 [WS PROFILE] send_gcode_and_wait: 8.0 ms | SET_DUAL_CARRIAGE CARRIAGE=y2
2026-04-28 14:57:37 [WS PROFILE] select_carriage: 23.1 ms | 2 -> 2
2026-04-28 14:57:37 [MOVE PROFILE] queue carriage2 cmd took 24.1 ms
2026-04-28 14:57:37 [WS PROFILE] send_gcode_and_wait: 317.6 ms | M400
2026-04-28 14:57:37 [WS PROFILE] wait_for_moves: 319.4 ms
2026-04-28 14:57:37 [MOVE PROFILE] wait_for_moves took 321.0 ms
2026-04-28 14:57:37 [WS PROFILE] send_gcode_and_wait: 12.6 ms | SET_DUAL_CARRIAGE CARRIAGE=x
2026-04-28 14:57:37 [WS PROFILE] send_gcode_and_wait: 11.9 ms | SET_DUAL_CARRIAGE CARRIAGE=y
2026-04-28 14:57:37 [WS PROFILE] select_carriage: 27.5 ms | 2 -> 1
2026-04-28 14:57:38 [WS PROFILE] is_toolhead_moving:get_velocity: 210.5 ms | carriage=1, v=0.0
2026-04-28 14:57:38 [WS PROFILE] send_gcode_and_wait: 10.4 ms | SET_DUAL_CARRIAGE CARRIAGE=x2
2026-04-28 14:57:38 [WS PROFILE] send_gcode_and_wait: 14.8 ms | SET_DUAL_CARRIAGE CARRIAGE=y2
2026-04-28 14:57:38 [WS PROFILE] select_carriage: 26.9 ms | 1 -> 2
2026-04-28 14:57:38 [WS PROFILE] is_toolhead_moving:get_velocity: 248.5 ms | carriage=2, v=0.0
2026-04-28 14:57:38 [WS PROFILE] is_toolhead_moving: 460.4 ms | moving=False
2026-04-28 14:57:38 [MOVE PROFILE] velocity settle loop took 460.9 ms (0 checks)
2026-04-28 14:57:38 [WS PROFILE] send_gcode_and_wait: 10.8 ms | SET_DUAL_CARRIAGE CARRIAGE=x
2026-04-28 14:57:38 [WS PROFILE] send_gcode_and_wait: 40.0 ms | SET_DUAL_CARRIAGE CARRIAGE=y
2026-04-28 14:57:38 [WS PROFILE] select_carriage: 53.2 ms | 2 -> 1
2026-04-28 14:57:38 [WS PROFILE] send_gcode_and_wait: 10.0 ms | SET_DUAL_CARRIAGE CARRIAGE=x2
2026-04-28 14:57:38 [WS PROFILE] send_gcode_and_wait: 6.4 ms | SET_DUAL_CARRIAGE CARRIAGE=y2
2026-04-28 14:57:38 [WS PROFILE] select_carriage: 18.0 ms | 1 -> 2
2026-04-28 14:57:39 [WS PROFILE] get_z_positions: 253.3 ms | z1=25.0, z2=17.09999999999996
2026-04-28 14:57:39 [WS PROFILE] get_position: 755.5 ms | x1=0.0 y1=0.5 z1=25.0 x2=711.31 y2=-13.4 z2=17.09999999999996
2026-04-28 14:57:39 [MOVE PROFILE] z convergence loop took 757.3 ms (1 checks)
2026-04-28 14:57:39 [WS PROFILE] send_gcode_and_wait: 12.2 ms | SET_DUAL_CARRIAGE CARRIAGE=x
2026-04-28 14:57:39 [WS PROFILE] send_gcode_and_wait: 12.4 ms | SET_DUAL_CARRIAGE CARRIAGE=y
2026-04-28 14:57:39 [WS PROFILE] select_carriage: 26.6 ms | 2 -> 1
2026-04-28 14:57:39 [WS PROFILE] send_gcode_and_wait: 16.2 ms | SET_DUAL_CARRIAGE CARRIAGE=x2
2026-04-28 14:57:39 [WS PROFILE] send_gcode_and_wait: 6.7 ms | SET_DUAL_CARRIAGE CARRIAGE=y2
2026-04-28 14:57:39 [WS PROFILE] select_carriage: 24.3 ms | 1 -> 2
2026-04-28 14:57:39 [WS PROFILE] get_z_positions: 252.7 ms | z1=25.0, z2=17.09999999999996
2026-04-28 14:57:39 [WS PROFILE] get_position: 748.3 ms | x1=0.0 y1=0.5 z1=25.0 x2=711.31 y2=-13.4 z2=17.09999999999996
2026-04-28 14:57:39 [MOVE PROFILE] verify_mov took 750.2 ms
2026-04-28 14:57:39 [MOVE PROFILE] total move() time 2320.5 ms
2026-04-28 14:57:40 [WS PROFILE] send_gcode_and_wait: 14.7 ms | SET_DUAL_CARRIAGE CARRIAGE=x2
2026-04-28 14:57:40 [WS PROFILE] send_gcode_and_wait: 6.1 ms | SET_DUAL_CARRIAGE CARRIAGE=y2
2026-04-28 14:57:40 [WS PROFILE] select_carriage: 22.6 ms | 2 -> 2
2026-04-28 14:57:40 [MOVE PROFILE] queue carriage2 cmd took 23.5 ms
2026-04-28 14:57:40 [WS PROFILE] send_gcode_and_wait: 316.9 ms | M400
2026-04-28 14:57:40 [WS PROFILE] wait_for_moves: 318.7 ms
2026-04-28 14:57:40 [MOVE PROFILE] wait_for_moves took 320.4 ms
2026-04-28 14:57:40 [WS PROFILE] send_gcode_and_wait: 11.0 ms | SET_DUAL_CARRIAGE CARRIAGE=x
2026-04-28 14:57:40 [WS PROFILE] send_gcode_and_wait: 7.3 ms | SET_DUAL_CARRIAGE CARRIAGE=y
2026-04-28 14:57:40 [WS PROFILE] select_carriage: 23.1 ms | 2 -> 1
2026-04-28 14:57:40 [WS PROFILE] is_toolhead_moving:get_velocity: 202.9 ms | carriage=1, v=0.0
2026-04-28 14:57:40 [WS PROFILE] send_gcode_and_wait: 10.3 ms | SET_DUAL_CARRIAGE CARRIAGE=x2
2026-04-28 14:57:40 [WS PROFILE] send_gcode_and_wait: 6.8 ms | SET_DUAL_CARRIAGE CARRIAGE=y2
2026-04-28 14:57:40 [WS PROFILE] select_carriage: 19.5 ms | 1 -> 2
2026-04-28 14:57:40 [WS PROFILE] is_toolhead_moving:get_velocity: 250.6 ms | carriage=2, v=0.0
2026-04-28 14:57:40 [WS PROFILE] is_toolhead_moving: 456.1 ms | moving=False
2026-04-28 14:57:40 [MOVE PROFILE] velocity settle loop took 457.8 ms (0 checks)
2026-04-28 14:57:40 [WS PROFILE] send_gcode_and_wait: 10.1 ms | SET_DUAL_CARRIAGE CARRIAGE=x
2026-04-28 14:57:40 [WS PROFILE] send_gcode_and_wait: 6.4 ms | SET_DUAL_CARRIAGE CARRIAGE=y
2026-04-28 14:57:40 [WS PROFILE] select_carriage: 18.3 ms | 2 -> 1
2026-04-28 14:57:41 [WS PROFILE] send_gcode_and_wait: 10.8 ms | SET_DUAL_CARRIAGE CARRIAGE=x2
2026-04-28 14:57:41 [WS PROFILE] send_gcode_and_wait: 7.2 ms | SET_DUAL_CARRIAGE CARRIAGE=y2
2026-04-28 14:57:41 [WS PROFILE] select_carriage: 20.7 ms | 1 -> 2
2026-04-28 14:57:41 [WS PROFILE] get_z_positions: 249.9 ms | z1=25.0, z2=17.19999999999996
2026-04-28 14:57:41 [WS PROFILE] get_position: 745.9 ms | x1=0.0 y1=0.5 z1=25.0 x2=711.31 y2=-13.4 z2=17.19999999999996
2026-04-28 14:57:41 [MOVE PROFILE] z convergence loop took 746.6 ms (1 checks)
2026-04-28 14:57:41 [WS PROFILE] send_gcode_and_wait: 10.2 ms | SET_DUAL_CARRIAGE CARRIAGE=x
2026-04-28 14:57:41 [WS PROFILE] send_gcode_and_wait: 6.1 ms | SET_DUAL_CARRIAGE CARRIAGE=y
2026-04-28 14:57:41 [WS PROFILE] select_carriage: 18.0 ms | 2 -> 1
2026-04-28 14:57:41 [WS PROFILE] send_gcode_and_wait: 12.9 ms | SET_DUAL_CARRIAGE CARRIAGE=x2
2026-04-28 14:57:41 [WS PROFILE] send_gcode_and_wait: 7.4 ms | SET_DUAL_CARRIAGE CARRIAGE=y2
2026-04-28 14:57:41 [WS PROFILE] select_carriage: 24.3 ms | 1 -> 2
2026-04-28 14:57:42 [WS PROFILE] get_z_positions: 250.9 ms | z1=25.0, z2=17.19999999999996
2026-04-28 14:57:42 [WS PROFILE] get_position: 750.9 ms | x1=0.0 y1=0.5 z1=25.0 x2=711.31 y2=-13.4 z2=17.19999999999996
2026-04-28 14:57:42 [MOVE PROFILE] verify_mov took 752.0 ms
2026-04-28 14:57:42 [MOVE PROFILE] total move() time 2306.0 ms
2026-04-28 14:57:42 [WS PROFILE] send_gcode_and_wait: 12.9 ms | SET_DUAL_CARRIAGE CARRIAGE=x2
2026-04-28 14:57:42 [WS PROFILE] send_gcode_and_wait: 7.0 ms | SET_DUAL_CARRIAGE CARRIAGE=y2
2026-04-28 14:57:42 [WS PROFILE] select_carriage: 22.6 ms | 2 -> 2
2026-04-28 14:57:42 [MOVE PROFILE] queue carriage2 cmd took 25.3 ms
2026-04-28 14:57:42 [WS PROFILE] send_gcode_and_wait: 309.7 ms | M400
2026-04-28 14:57:42 [WS PROFILE] wait_for_moves: 311.4 ms
2026-04-28 14:57:42 [MOVE PROFILE] wait_for_moves took 313.0 ms
2026-04-28 14:57:42 [WS PROFILE] send_gcode_and_wait: 10.8 ms | SET_DUAL_CARRIAGE CARRIAGE=x
2026-04-28 14:57:42 [WS PROFILE] send_gcode_and_wait: 7.4 ms | SET_DUAL_CARRIAGE CARRIAGE=y
2026-04-28 14:57:42 [WS PROFILE] select_carriage: 21.8 ms | 2 -> 1
2026-04-28 14:57:43 [WS PROFILE] is_toolhead_moving:get_velocity: 219.3 ms | carriage=1, v=0.0
2026-04-28 14:57:43 [WS PROFILE] send_gcode_and_wait: 11.2 ms | SET_DUAL_CARRIAGE CARRIAGE=x2
2026-04-28 14:57:43 [WS PROFILE] send_gcode_and_wait: 9.5 ms | SET_DUAL_CARRIAGE CARRIAGE=y2
2026-04-28 14:57:43 [WS PROFILE] select_carriage: 22.5 ms | 1 -> 2
2026-04-28 14:57:43 [WS PROFILE] is_toolhead_moving:get_velocity: 249.3 ms | carriage=2, v=0.0
2026-04-28 14:57:43 [WS PROFILE] is_toolhead_moving: 470.1 ms | moving=False
2026-04-28 14:57:43 [MOVE PROFILE] velocity settle loop took 470.8 ms (0 checks)
2026-04-28 14:57:43 [WS PROFILE] send_gcode_and_wait: 10.5 ms | SET_DUAL_CARRIAGE CARRIAGE=x
2026-04-28 14:57:43 [WS PROFILE] send_gcode_and_wait: 7.1 ms | SET_DUAL_CARRIAGE CARRIAGE=y
2026-04-28 14:57:43 [WS PROFILE] select_carriage: 19.9 ms | 2 -> 1
2026-04-28 14:57:43 [WS PROFILE] send_gcode_and_wait: 10.8 ms | SET_DUAL_CARRIAGE CARRIAGE=x2
2026-04-28 14:57:43 [WS PROFILE] send_gcode_and_wait: 7.3 ms | SET_DUAL_CARRIAGE CARRIAGE=y2
2026-04-28 14:57:43 [WS PROFILE] select_carriage: 19.6 ms | 1 -> 2
2026-04-28 14:57:44 [WS PROFILE] get_z_positions: 249.3 ms | z1=25.0, z2=17.29999999999996
2026-04-28 14:57:44 [WS PROFILE] get_position: 751.3 ms | x1=0.0 y1=0.5 z1=25.0 x2=711.31 y2=-13.4 z2=17.29999999999996
2026-04-28 14:57:44 [MOVE PROFILE] z convergence loop took 753.1 ms (1 checks)
2026-04-28 14:57:44 [WS PROFILE] send_gcode_and_wait: 13.0 ms | SET_DUAL_CARRIAGE CARRIAGE=x
2026-04-28 14:57:44 [WS PROFILE] send_gcode_and_wait: 7.2 ms | SET_DUAL_CARRIAGE CARRIAGE=y
2026-04-28 14:57:44 [WS PROFILE] select_carriage: 21.6 ms | 2 -> 1
2026-04-28 14:57:44 [WS PROFILE] send_gcode_and_wait: 10.4 ms | SET_DUAL_CARRIAGE CARRIAGE=x2
2026-04-28 14:57:44 [WS PROFILE] send_gcode_and_wait: 6.9 ms | SET_DUAL_CARRIAGE CARRIAGE=y2
2026-04-28 14:57:44 [WS PROFILE] select_carriage: 20.9 ms | 1 -> 2
2026-04-28 14:57:44 [WS PROFILE] get_z_positions: 247.8 ms | z1=25.0, z2=17.29999999999996
2026-04-28 14:57:44 [WS PROFILE] get_position: 747.0 ms | x1=0.0 y1=0.5 z1=25.0 x2=711.31 y2=-13.4 z2=17.29999999999996
2026-04-28 14:57:44 [MOVE PROFILE] verify_mov took 748.6 ms
2026-04-28 14:57:44 [MOVE PROFILE] total move() time 2319.2 ms
2026-04-28 14:57:45 [WS PROFILE] send_gcode_and_wait: 13.5 ms | SET_DUAL_CARRIAGE CARRIAGE=x2
2026-04-28 14:57:45 [WS PROFILE] send_gcode_and_wait: 5.8 ms | SET_DUAL_CARRIAGE CARRIAGE=y2
2026-04-28 14:57:45 [WS PROFILE] select_carriage: 21.1 ms | 2 -> 2
2026-04-28 14:57:45 [MOVE PROFILE] queue carriage2 cmd took 22.1 ms
2026-04-28 14:57:45 [WS PROFILE] send_gcode_and_wait: 313.7 ms | M400
2026-04-28 14:57:45 [WS PROFILE] wait_for_moves: 315.0 ms
2026-04-28 14:57:45 [MOVE PROFILE] wait_for_moves took 316.1 ms
2026-04-28 14:57:45 [WS PROFILE] send_gcode_and_wait: 10.1 ms | SET_DUAL_CARRIAGE CARRIAGE=x
2026-04-28 14:57:45 [WS PROFILE] send_gcode_and_wait: 7.8 ms | SET_DUAL_CARRIAGE CARRIAGE=y
2026-04-28 14:57:45 [WS PROFILE] select_carriage: 21.5 ms | 2 -> 1
2026-04-28 14:57:45 [WS PROFILE] is_toolhead_moving:get_velocity: 222.0 ms | carriage=1, v=0.0
2026-04-28 14:57:45 [WS PROFILE] send_gcode_and_wait: 10.9 ms | SET_DUAL_CARRIAGE CARRIAGE=x2
2026-04-28 14:57:45 [WS PROFILE] send_gcode_and_wait: 8.7 ms | SET_DUAL_CARRIAGE CARRIAGE=y2
2026-04-28 14:57:45 [WS PROFILE] select_carriage: 22.4 ms | 1 -> 2
2026-04-28 14:57:45 [WS PROFILE] is_toolhead_moving:get_velocity: 246.2 ms | carriage=2, v=0.0
2026-04-28 14:57:45 [WS PROFILE] is_toolhead_moving: 471.6 ms | moving=False
2026-04-28 14:57:45 [MOVE PROFILE] velocity settle loop took 473.1 ms (0 checks)
2026-04-28 14:57:45 [WS PROFILE] send_gcode_and_wait: 10.7 ms | SET_DUAL_CARRIAGE CARRIAGE=x
2026-04-28 14:57:45 [WS PROFILE] send_gcode_and_wait: 7.0 ms | SET_DUAL_CARRIAGE CARRIAGE=y
2026-04-28 14:57:45 [WS PROFILE] select_carriage: 20.8 ms | 2 -> 1
2026-04-28 14:57:46 [WS PROFILE] send_gcode_and_wait: 11.6 ms | SET_DUAL_CARRIAGE CARRIAGE=x2
2026-04-28 14:57:46 [WS PROFILE] send_gcode_and_wait: 6.8 ms | SET_DUAL_CARRIAGE CARRIAGE=y2
2026-04-28 14:57:46 [WS PROFILE] select_carriage: 20.0 ms | 1 -> 2
2026-04-28 14:57:46 [WS PROFILE] get_z_positions: 251.1 ms | z1=25.0, z2=17.399999999999963
2026-04-28 14:57:46 [WS PROFILE] get_position: 750.2 ms | x1=0.0 y1=0.5 z1=25.0 x2=711.31 y2=-13.4 z2=17.399999999999963
2026-04-28 14:57:46 [MOVE PROFILE] z convergence loop took 751.8 ms (1 checks)
2026-04-28 14:57:46 [WS PROFILE] send_gcode_and_wait: 15.6 ms | SET_DUAL_CARRIAGE CARRIAGE=x
2026-04-28 14:57:46 [WS PROFILE] send_gcode_and_wait: 7.2 ms | SET_DUAL_CARRIAGE CARRIAGE=y
2026-04-28 14:57:46 [WS PROFILE] select_carriage: 26.2 ms | 2 -> 1
2026-04-28 14:57:46 [WS PROFILE] send_gcode_and_wait: 9.7 ms | SET_DUAL_CARRIAGE CARRIAGE=x2
2026-04-28 14:57:46 [WS PROFILE] send_gcode_and_wait: 6.2 ms | SET_DUAL_CARRIAGE CARRIAGE=y2
2026-04-28 14:57:46 [WS PROFILE] select_carriage: 17.3 ms | 1 -> 2
2026-04-28 14:57:47 [WS PROFILE] get_z_positions: 250.1 ms | z1=25.0, z2=17.399999999999963
2026-04-28 14:57:47 [WS PROFILE] get_position: 747.6 ms | x1=0.0 y1=0.5 z1=25.0 x2=711.31 y2=-13.4 z2=17.399999999999963
2026-04-28 14:57:47 [MOVE PROFILE] verify_mov took 748.2 ms
2026-04-28 14:57:47 [MOVE PROFILE] total move() time 2317.3 ms
2026-04-28 14:57:47 [WS PROFILE] send_gcode_and_wait: 13.0 ms | SET_DUAL_CARRIAGE CARRIAGE=x2
2026-04-28 14:57:47 [WS PROFILE] send_gcode_and_wait: 7.0 ms | SET_DUAL_CARRIAGE CARRIAGE=y2
2026-04-28 14:57:47 [WS PROFILE] select_carriage: 21.5 ms | 2 -> 2
2026-04-28 14:57:47 [MOVE PROFILE] queue carriage2 cmd took 22.7 ms
2026-04-28 14:57:47 [WS PROFILE] send_gcode_and_wait: 315.2 ms | M400
2026-04-28 14:57:47 [WS PROFILE] wait_for_moves: 316.8 ms
2026-04-28 14:57:47 [MOVE PROFILE] wait_for_moves took 318.4 ms
2026-04-28 14:57:47 [WS PROFILE] send_gcode_and_wait: 11.9 ms | SET_DUAL_CARRIAGE CARRIAGE=x
2026-04-28 14:57:47 [WS PROFILE] send_gcode_and_wait: 15.5 ms | SET_DUAL_CARRIAGE CARRIAGE=y
2026-04-28 14:57:47 [WS PROFILE] select_carriage: 30.8 ms | 2 -> 1
2026-04-28 14:57:48 [WS PROFILE] is_toolhead_moving:get_velocity: 230.8 ms | carriage=1, v=0.0
2026-04-28 14:57:48 [WS PROFILE] send_gcode_and_wait: 15.6 ms | SET_DUAL_CARRIAGE CARRIAGE=x2
2026-04-28 14:57:48 [WS PROFILE] send_gcode_and_wait: 10.3 ms | SET_DUAL_CARRIAGE CARRIAGE=y2
2026-04-28 14:57:48 [WS PROFILE] select_carriage: 27.8 ms | 1 -> 2
2026-04-28 14:57:48 [WS PROFILE] is_toolhead_moving:get_velocity: 248.3 ms | carriage=2, v=0.0
2026-04-28 14:57:48 [WS PROFILE] is_toolhead_moving: 481.9 ms | moving=False
2026-04-28 14:57:48 [MOVE PROFILE] velocity settle loop took 483.5 ms (0 checks)
2026-04-28 14:57:48 [WS PROFILE] send_gcode_and_wait: 10.6 ms | SET_DUAL_CARRIAGE CARRIAGE=x
2026-04-28 14:57:48 [WS PROFILE] send_gcode_and_wait: 6.8 ms | SET_DUAL_CARRIAGE CARRIAGE=y
2026-04-28 14:57:48 [WS PROFILE] select_carriage: 19.1 ms | 2 -> 1
2026-04-28 14:57:48 [WS PROFILE] send_gcode_and_wait: 10.7 ms | SET_DUAL_CARRIAGE CARRIAGE=x2
2026-04-28 14:57:48 [WS PROFILE] send_gcode_and_wait: 7.8 ms | SET_DUAL_CARRIAGE CARRIAGE=y2
2026-04-28 14:57:48 [WS PROFILE] select_carriage: 21.1 ms | 1 -> 2
2026-04-28 14:57:49 [WS PROFILE] get_z_positions: 249.6 ms | z1=25.0, z2=17.499999999999964
2026-04-28 14:57:49 [WS PROFILE] get_position: 747.9 ms | x1=0.0 y1=0.5 z1=25.0 x2=711.31 y2=-13.4 z2=17.499999999999964
2026-04-28 14:57:49 [MOVE PROFILE] z convergence loop took 749.8 ms (1 checks)
2026-04-28 14:57:49 [WS PROFILE] send_gcode_and_wait: 10.8 ms | SET_DUAL_CARRIAGE CARRIAGE=x
2026-04-28 14:57:49 [WS PROFILE] send_gcode_and_wait: 8.2 ms | SET_DUAL_CARRIAGE CARRIAGE=y
2026-04-28 14:57:49 [WS PROFILE] select_carriage: 21.0 ms | 2 -> 1
2026-04-28 14:57:49 [WS PROFILE] send_gcode_and_wait: 10.3 ms | SET_DUAL_CARRIAGE CARRIAGE=x2
2026-04-28 14:57:49 [WS PROFILE] send_gcode_and_wait: 6.7 ms | SET_DUAL_CARRIAGE CARRIAGE=y2
2026-04-28 14:57:49 [WS PROFILE] select_carriage: 18.5 ms | 1 -> 2
2026-04-28 14:57:49 [WS PROFILE] get_z_positions: 251.1 ms | z1=25.0, z2=17.499999999999964
2026-04-28 14:57:49 [WS PROFILE] get_position: 748.8 ms | x1=0.0 y1=0.5 z1=25.0 x2=711.31 y2=-13.4 z2=17.499999999999964
2026-04-28 14:57:49 [MOVE PROFILE] verify_mov took 750.5 ms
2026-04-28 14:57:49 [MOVE PROFILE] total move() time 2332.4 ms
2026-04-28 14:57:50 [WS PROFILE] send_gcode_and_wait: 13.1 ms | SET_DUAL_CARRIAGE CARRIAGE=x2
2026-04-28 14:57:50 [WS PROFILE] send_gcode_and_wait: 6.4 ms | SET_DUAL_CARRIAGE CARRIAGE=y2
2026-04-28 14:57:50 [WS PROFILE] select_carriage: 21.2 ms | 2 -> 2
2026-04-28 14:57:50 [MOVE PROFILE] queue carriage2 cmd took 22.4 ms
2026-04-28 14:57:50 [WS PROFILE] send_gcode_and_wait: 314.9 ms | M400
2026-04-28 14:57:50 [WS PROFILE] wait_for_moves: 316.5 ms
2026-04-28 14:57:50 [MOVE PROFILE] wait_for_moves took 318.0 ms
2026-04-28 14:57:50 [WS PROFILE] send_gcode_and_wait: 10.2 ms | SET_DUAL_CARRIAGE CARRIAGE=x
2026-04-28 14:57:50 [WS PROFILE] send_gcode_and_wait: 7.6 ms | SET_DUAL_CARRIAGE CARRIAGE=y
2026-04-28 14:57:50 [WS PROFILE] select_carriage: 21.2 ms | 2 -> 1
2026-04-28 14:57:50 [WS PROFILE] is_toolhead_moving:get_velocity: 227.7 ms | carriage=1, v=0.0
2026-04-28 14:57:50 [WS PROFILE] send_gcode_and_wait: 10.8 ms | SET_DUAL_CARRIAGE CARRIAGE=x2
2026-04-28 14:57:50 [WS PROFILE] send_gcode_and_wait: 7.9 ms | SET_DUAL_CARRIAGE CARRIAGE=y2
2026-04-28 14:57:50 [WS PROFILE] select_carriage: 20.4 ms | 1 -> 2
2026-04-28 14:57:50 [WS PROFILE] is_toolhead_moving:get_velocity: 251.3 ms | carriage=2, v=0.0
2026-04-28 14:57:50 [WS PROFILE] is_toolhead_moving: 481.4 ms | moving=False
2026-04-28 14:57:50 [MOVE PROFILE] velocity settle loop took 482.9 ms (0 checks)
2026-04-28 14:57:50 [WS PROFILE] send_gcode_and_wait: 10.5 ms | SET_DUAL_CARRIAGE CARRIAGE=x
2026-04-28 14:57:50 [WS PROFILE] send_gcode_and_wait: 7.1 ms | SET_DUAL_CARRIAGE CARRIAGE=y
2026-04-28 14:57:50 [WS PROFILE] select_carriage: 19.0 ms | 2 -> 1
2026-04-28 14:57:51 [WS PROFILE] send_gcode_and_wait: 10.5 ms | SET_DUAL_CARRIAGE CARRIAGE=x2
2026-04-28 14:57:51 [WS PROFILE] send_gcode_and_wait: 6.7 ms | SET_DUAL_CARRIAGE CARRIAGE=y2
2026-04-28 14:57:51 [WS PROFILE] select_carriage: 19.9 ms | 1 -> 2
2026-04-28 14:57:51 [WS PROFILE] get_z_positions: 252.3 ms | z1=25.0, z2=17.599999999999966
2026-04-28 14:57:51 [WS PROFILE] get_position: 749.9 ms | x1=0.0 y1=0.5 z1=25.0 x2=711.31 y2=-13.4 z2=17.599999999999966
2026-04-28 14:57:51 [MOVE PROFILE] z convergence loop took 751.5 ms (1 checks)
2026-04-28 14:57:51 [WS PROFILE] send_gcode_and_wait: 10.7 ms | SET_DUAL_CARRIAGE CARRIAGE=x
2026-04-28 14:57:51 [WS PROFILE] send_gcode_and_wait: 7.0 ms | SET_DUAL_CARRIAGE CARRIAGE=y
2026-04-28 14:57:51 [WS PROFILE] select_carriage: 21.3 ms | 2 -> 1
2026-04-28 14:57:51 [WS PROFILE] send_gcode_and_wait: 12.3 ms | SET_DUAL_CARRIAGE CARRIAGE=x2
2026-04-28 14:57:51 [WS PROFILE] send_gcode_and_wait: 7.8 ms | SET_DUAL_CARRIAGE CARRIAGE=y2
2026-04-28 14:57:51 [WS PROFILE] select_carriage: 21.6 ms | 1 -> 2
2026-04-28 14:57:52 [WS PROFILE] get_z_positions: 249.8 ms | z1=25.0, z2=17.599999999999966
2026-04-28 14:57:52 [WS PROFILE] get_position: 747.9 ms | x1=0.0 y1=0.5 z1=25.0 x2=711.31 y2=-13.4 z2=17.599999999999966
2026-04-28 14:57:52 [MOVE PROFILE] verify_mov took 749.5 ms
2026-04-28 14:57:52 [MOVE PROFILE] total move() time 2332.6 ms
2026-04-28 14:57:52 [WS PROFILE] send_gcode_and_wait: 13.6 ms | SET_DUAL_CARRIAGE CARRIAGE=x2
2026-04-28 14:57:52 [WS PROFILE] send_gcode_and_wait: 7.3 ms | SET_DUAL_CARRIAGE CARRIAGE=y2
2026-04-28 14:57:52 [WS PROFILE] select_carriage: 22.5 ms | 2 -> 2
2026-04-28 14:57:52 [MOVE PROFILE] queue carriage2 cmd took 23.6 ms
2026-04-28 14:57:52 [WS PROFILE] send_gcode_and_wait: 314.7 ms | M400
2026-04-28 14:57:52 [WS PROFILE] wait_for_moves: 316.4 ms
2026-04-28 14:57:52 [MOVE PROFILE] wait_for_moves took 318.0 ms
2026-04-28 14:57:52 [WS PROFILE] send_gcode_and_wait: 12.2 ms | SET_DUAL_CARRIAGE CARRIAGE=x
2026-04-28 14:57:52 [WS PROFILE] send_gcode_and_wait: 7.4 ms | SET_DUAL_CARRIAGE CARRIAGE=y
2026-04-28 14:57:52 [WS PROFILE] select_carriage: 24.5 ms | 2 -> 1
2026-04-28 14:57:53 [WS PROFILE] is_toolhead_moving:get_velocity: 227.5 ms | carriage=1, v=0.0
2026-04-28 14:57:53 [WS PROFILE] send_gcode_and_wait: 10.3 ms | SET_DUAL_CARRIAGE CARRIAGE=x2
2026-04-28 14:57:53 [WS PROFILE] send_gcode_and_wait: 8.5 ms | SET_DUAL_CARRIAGE CARRIAGE=y2
2026-04-28 14:57:53 [WS PROFILE] select_carriage: 20.6 ms | 1 -> 2
2026-04-28 14:57:53 [WS PROFILE] is_toolhead_moving:get_velocity: 250.0 ms | carriage=2, v=0.0
2026-04-28 14:57:53 [WS PROFILE] is_toolhead_moving: 480.2 ms | moving=False
2026-04-28 14:57:53 [MOVE PROFILE] velocity settle loop took 481.8 ms (0 checks)
2026-04-28 14:57:53 [WS PROFILE] send_gcode_and_wait: 11.0 ms | SET_DUAL_CARRIAGE CARRIAGE=x
2026-04-28 14:57:53 [WS PROFILE] send_gcode_and_wait: 6.4 ms | SET_DUAL_CARRIAGE CARRIAGE=y
2026-04-28 14:57:53 [WS PROFILE] select_carriage: 19.0 ms | 2 -> 1
2026-04-28 14:57:53 [WS PROFILE] send_gcode_and_wait: 10.6 ms | SET_DUAL_CARRIAGE CARRIAGE=x2
2026-04-28 14:57:53 [WS PROFILE] send_gcode_and_wait: 17.4 ms | SET_DUAL_CARRIAGE CARRIAGE=y2
2026-04-28 14:57:53 [WS PROFILE] select_carriage: 29.6 ms | 1 -> 2
2026-04-28 14:57:54 [WS PROFILE] get_z_positions: 250.9 ms | z1=25.0, z2=17.699999999999967
2026-04-28 14:57:54 [WS PROFILE] get_position: 749.6 ms | x1=0.0 y1=0.5 z1=25.0 x2=711.31 y2=-13.4 z2=17.699999999999967
2026-04-28 14:57:54 [MOVE PROFILE] z convergence loop took 751.3 ms (1 checks)
2026-04-28 14:57:54 [WS PROFILE] send_gcode_and_wait: 10.6 ms | SET_DUAL_CARRIAGE CARRIAGE=x
2026-04-28 14:57:54 [WS PROFILE] send_gcode_and_wait: 8.0 ms | SET_DUAL_CARRIAGE CARRIAGE=y
2026-04-28 14:57:54 [WS PROFILE] select_carriage: 20.1 ms | 2 -> 1
2026-04-28 14:57:54 [WS PROFILE] send_gcode_and_wait: 10.6 ms | SET_DUAL_CARRIAGE CARRIAGE=x2
2026-04-28 14:57:54 [WS PROFILE] send_gcode_and_wait: 6.6 ms | SET_DUAL_CARRIAGE CARRIAGE=y2
2026-04-28 14:57:54 [WS PROFILE] select_carriage: 18.6 ms | 1 -> 2
2026-04-28 14:57:54 [WS PROFILE] get_z_positions: 254.5 ms | z1=25.0, z2=17.699999999999967
2026-04-28 14:57:54 [WS PROFILE] get_position: 751.0 ms | x1=0.0 y1=0.5 z1=25.0 x2=711.31 y2=-13.4 z2=17.699999999999967
2026-04-28 14:57:54 [MOVE PROFILE] verify_mov took 752.7 ms
2026-04-28 14:57:54 [MOVE PROFILE] total move() time 2334.8 ms
2026-04-28 14:57:55 [WS PROFILE] send_gcode_and_wait: 12.7 ms | SET_DUAL_CARRIAGE CARRIAGE=x2
2026-04-28 14:57:55 [WS PROFILE] send_gcode_and_wait: 5.7 ms | SET_DUAL_CARRIAGE CARRIAGE=y2
2026-04-28 14:57:55 [WS PROFILE] select_carriage: 20.0 ms | 2 -> 2
2026-04-28 14:57:55 [MOVE PROFILE] queue carriage2 cmd took 21.1 ms
2026-04-28 14:57:55 [WS PROFILE] send_gcode_and_wait: 313.6 ms | M400
2026-04-28 14:57:55 [WS PROFILE] wait_for_moves: 316.4 ms
2026-04-28 14:57:55 [MOVE PROFILE] wait_for_moves took 317.9 ms
2026-04-28 14:57:55 [WS PROFILE] send_gcode_and_wait: 11.1 ms | SET_DUAL_CARRIAGE CARRIAGE=x
2026-04-28 14:57:55 [WS PROFILE] send_gcode_and_wait: 7.5 ms | SET_DUAL_CARRIAGE CARRIAGE=y
2026-04-28 14:57:55 [WS PROFILE] select_carriage: 22.7 ms | 2 -> 1
2026-04-28 14:57:55 [WS PROFILE] is_toolhead_moving:get_velocity: 207.4 ms | carriage=1, v=0.0
2026-04-28 14:57:55 [WS PROFILE] send_gcode_and_wait: 11.2 ms | SET_DUAL_CARRIAGE CARRIAGE=x2
2026-04-28 14:57:55 [WS PROFILE] send_gcode_and_wait: 8.1 ms | SET_DUAL_CARRIAGE CARRIAGE=y2
2026-04-28 14:57:55 [WS PROFILE] select_carriage: 22.7 ms | 1 -> 2
2026-04-28 14:57:55 [WS PROFILE] is_toolhead_moving:get_velocity: 248.9 ms | carriage=2, v=0.0
2026-04-28 14:57:55 [WS PROFILE] is_toolhead_moving: 460.1 ms | moving=False
2026-04-28 14:57:55 [MOVE PROFILE] velocity settle loop took 461.6 ms (0 checks)
2026-04-28 14:57:55 [WS PROFILE] send_gcode_and_wait: 10.4 ms | SET_DUAL_CARRIAGE CARRIAGE=x
2026-04-28 14:57:55 [WS PROFILE] send_gcode_and_wait: 8.6 ms | SET_DUAL_CARRIAGE CARRIAGE=y
2026-04-28 14:57:55 [WS PROFILE] select_carriage: 21.8 ms | 2 -> 1
2026-04-28 14:57:56 [WS PROFILE] send_gcode_and_wait: 10.3 ms | SET_DUAL_CARRIAGE CARRIAGE=x2
2026-04-28 14:57:56 [WS PROFILE] send_gcode_and_wait: 6.6 ms | SET_DUAL_CARRIAGE CARRIAGE=y2
2026-04-28 14:57:56 [WS PROFILE] select_carriage: 18.5 ms | 1 -> 2
2026-04-28 14:57:56 [WS PROFILE] get_z_positions: 249.9 ms | z1=25.0, z2=17.79999999999997
2026-04-28 14:57:56 [WS PROFILE] get_position: 746.7 ms | x1=0.0 y1=0.5 z1=25.0 x2=711.31 y2=-13.4 z2=17.79999999999997
2026-04-28 14:57:56 [MOVE PROFILE] z convergence loop took 748.3 ms (1 checks)
2026-04-28 14:57:56 [WS PROFILE] send_gcode_and_wait: 10.7 ms | SET_DUAL_CARRIAGE CARRIAGE=x
2026-04-28 14:57:56 [WS PROFILE] send_gcode_and_wait: 6.9 ms | SET_DUAL_CARRIAGE CARRIAGE=y
2026-04-28 14:57:56 [WS PROFILE] select_carriage: 22.3 ms | 2 -> 1
2026-04-28 14:57:56 [WS PROFILE] send_gcode_and_wait: 10.1 ms | SET_DUAL_CARRIAGE CARRIAGE=x2
2026-04-28 14:57:56 [WS PROFILE] send_gcode_and_wait: 6.6 ms | SET_DUAL_CARRIAGE CARRIAGE=y2
2026-04-28 14:57:56 [WS PROFILE] select_carriage: 18.0 ms | 1 -> 2
2026-04-28 14:57:57 [WS PROFILE] get_z_positions: 250.8 ms | z1=25.0, z2=17.79999999999997
2026-04-28 14:57:57 [WS PROFILE] get_position: 748.8 ms | x1=0.0 y1=0.5 z1=25.0 x2=711.31 y2=-13.4 z2=17.79999999999997
2026-04-28 14:57:57 [MOVE PROFILE] verify_mov took 750.5 ms
2026-04-28 14:57:57 [MOVE PROFILE] total move() time 2306.8 ms
2026-04-28 14:57:57 [WS PROFILE] send_gcode_and_wait: 12.4 ms | SET_DUAL_CARRIAGE CARRIAGE=x2
2026-04-28 14:57:57 [WS PROFILE] send_gcode_and_wait: 5.9 ms | SET_DUAL_CARRIAGE CARRIAGE=y2
2026-04-28 14:57:57 [WS PROFILE] select_carriage: 20.0 ms | 2 -> 2
2026-04-28 14:57:57 [MOVE PROFILE] queue carriage2 cmd took 21.1 ms
2026-04-28 14:57:57 [WS PROFILE] send_gcode_and_wait: 312.7 ms | M400
2026-04-28 14:57:57 [WS PROFILE] wait_for_moves: 315.4 ms
2026-04-28 14:57:57 [MOVE PROFILE] wait_for_moves took 317.0 ms
2026-04-28 14:57:57 [WS PROFILE] send_gcode_and_wait: 10.8 ms | SET_DUAL_CARRIAGE CARRIAGE=x
2026-04-28 14:57:58 [WS PROFILE] send_gcode_and_wait: 8.8 ms | SET_DUAL_CARRIAGE CARRIAGE=y
2026-04-28 14:57:58 [WS PROFILE] select_carriage: 23.5 ms | 2 -> 1
2026-04-28 14:57:58 [WS PROFILE] is_toolhead_moving:get_velocity: 199.3 ms | carriage=1, v=0.0
2026-04-28 14:57:58 [WS PROFILE] send_gcode_and_wait: 11.4 ms | SET_DUAL_CARRIAGE CARRIAGE=x2
2026-04-28 14:57:58 [WS PROFILE] send_gcode_and_wait: 8.2 ms | SET_DUAL_CARRIAGE CARRIAGE=y2
2026-04-28 14:57:58 [WS PROFILE] select_carriage: 21.9 ms | 1 -> 2
2026-04-28 14:57:58 [WS PROFILE] is_toolhead_moving:get_velocity: 250.6 ms | carriage=2, v=0.0
2026-04-28 14:57:58 [WS PROFILE] is_toolhead_moving: 452.4 ms | moving=False
2026-04-28 14:57:58 [MOVE PROFILE] velocity settle loop took 453.9 ms (0 checks)
2026-04-28 14:57:58 [WS PROFILE] send_gcode_and_wait: 11.6 ms | SET_DUAL_CARRIAGE CARRIAGE=x
2026-04-28 14:57:58 [WS PROFILE] send_gcode_and_wait: 7.1 ms | SET_DUAL_CARRIAGE CARRIAGE=y
2026-04-28 14:57:58 [WS PROFILE] select_carriage: 21.8 ms | 2 -> 1
2026-04-28 14:57:58 [WS PROFILE] send_gcode_and_wait: 10.9 ms | SET_DUAL_CARRIAGE CARRIAGE=x2
2026-04-28 14:57:58 [WS PROFILE] send_gcode_and_wait: 6.9 ms | SET_DUAL_CARRIAGE CARRIAGE=y2
2026-04-28 14:57:58 [WS PROFILE] select_carriage: 19.1 ms | 1 -> 2
2026-04-28 14:57:59 [WS PROFILE] get_z_positions: 250.2 ms | z1=25.0, z2=17.89999999999997
2026-04-28 14:57:59 [WS PROFILE] get_position: 748.2 ms | x1=0.0 y1=0.5 z1=25.0 x2=711.31 y2=-13.4 z2=17.89999999999997
2026-04-28 14:57:59 [MOVE PROFILE] z convergence loop took 749.3 ms (1 checks)
2026-04-28 14:57:59 [WS PROFILE] send_gcode_and_wait: 11.0 ms | SET_DUAL_CARRIAGE CARRIAGE=x
2026-04-28 14:57:59 [WS PROFILE] send_gcode_and_wait: 6.8 ms | SET_DUAL_CARRIAGE CARRIAGE=y
2026-04-28 14:57:59 [WS PROFILE] select_carriage: 20.0 ms | 2 -> 1
2026-04-28 14:57:59 [WS PROFILE] send_gcode_and_wait: 10.8 ms | SET_DUAL_CARRIAGE CARRIAGE=x2
2026-04-28 14:57:59 [WS PROFILE] send_gcode_and_wait: 6.8 ms | SET_DUAL_CARRIAGE CARRIAGE=y2
2026-04-28 14:57:59 [WS PROFILE] select_carriage: 20.1 ms | 1 -> 2
2026-04-28 14:57:59 [WS PROFILE] get_z_positions: 249.4 ms | z1=25.0, z2=17.89999999999997
2026-04-28 14:57:59 [WS PROFILE] get_position: 750.6 ms | x1=0.0 y1=0.5 z1=25.0 x2=711.31 y2=-13.4 z2=17.89999999999997
2026-04-28 14:57:59 [MOVE PROFILE] verify_mov took 752.3 ms
2026-04-28 14:57:59 [MOVE PROFILE] total move() time 2300.6 ms
2026-04-28 14:58:00 [WS PROFILE] send_gcode_and_wait: 14.1 ms | SET_DUAL_CARRIAGE CARRIAGE=x2
2026-04-28 14:58:00 [WS PROFILE] send_gcode_and_wait: 6.5 ms | SET_DUAL_CARRIAGE CARRIAGE=y2
2026-04-28 14:58:00 [WS PROFILE] select_carriage: 23.5 ms | 2 -> 2
2026-04-28 14:58:00 [MOVE PROFILE] queue carriage2 cmd took 24.6 ms
2026-04-28 14:58:00 [WS PROFILE] send_gcode_and_wait: 316.7 ms | M400
2026-04-28 14:58:00 [WS PROFILE] wait_for_moves: 318.6 ms
2026-04-28 14:58:00 [MOVE PROFILE] wait_for_moves took 321.4 ms
2026-04-28 14:58:00 [WS PROFILE] send_gcode_and_wait: 11.8 ms | SET_DUAL_CARRIAGE CARRIAGE=x
2026-04-28 14:58:00 [WS PROFILE] send_gcode_and_wait: 7.4 ms | SET_DUAL_CARRIAGE CARRIAGE=y
2026-04-28 14:58:00 [WS PROFILE] select_carriage: 23.2 ms | 2 -> 1
2026-04-28 14:58:00 [WS PROFILE] is_toolhead_moving:get_velocity: 212.2 ms | carriage=1, v=0.0
2026-04-28 14:58:00 [WS PROFILE] send_gcode_and_wait: 12.4 ms | SET_DUAL_CARRIAGE CARRIAGE=x2
2026-04-28 14:58:00 [WS PROFILE] send_gcode_and_wait: 6.7 ms | SET_DUAL_CARRIAGE CARRIAGE=y2
2026-04-28 14:58:00 [WS PROFILE] select_carriage: 23.6 ms | 1 -> 2
2026-04-28 14:58:00 [WS PROFILE] is_toolhead_moving:get_velocity: 248.7 ms | carriage=2, v=0.0
2026-04-28 14:58:00 [WS PROFILE] is_toolhead_moving: 464.4 ms | moving=False
2026-04-28 14:58:00 [MOVE PROFILE] velocity settle loop took 466.4 ms (0 checks)
2026-04-28 14:58:00 [WS PROFILE] send_gcode_and_wait: 10.4 ms | SET_DUAL_CARRIAGE CARRIAGE=x
2026-04-28 14:58:00 [WS PROFILE] send_gcode_and_wait: 8.1 ms | SET_DUAL_CARRIAGE CARRIAGE=y
2026-04-28 14:58:00 [WS PROFILE] select_carriage: 20.5 ms | 2 -> 1
2026-04-28 14:58:01 [WS PROFILE] send_gcode_and_wait: 11.2 ms | SET_DUAL_CARRIAGE CARRIAGE=x2
2026-04-28 14:58:01 [WS PROFILE] send_gcode_and_wait: 7.3 ms | SET_DUAL_CARRIAGE CARRIAGE=y2
2026-04-28 14:58:01 [WS PROFILE] select_carriage: 22.5 ms | 1 -> 2
2026-04-28 14:58:01 [WS PROFILE] get_z_positions: 250.2 ms | z1=25.0, z2=17.99999999999997
2026-04-28 14:58:01 [WS PROFILE] get_position: 746.9 ms | x1=0.0 y1=0.5 z1=25.0 x2=711.31 y2=-13.4 z2=17.99999999999997
2026-04-28 14:58:01 [MOVE PROFILE] z convergence loop took 748.8 ms (1 checks)
2026-04-28 14:58:01 [WS PROFILE] send_gcode_and_wait: 11.0 ms | SET_DUAL_CARRIAGE CARRIAGE=x
2026-04-28 14:58:01 [WS PROFILE] send_gcode_and_wait: 7.3 ms | SET_DUAL_CARRIAGE CARRIAGE=y
2026-04-28 14:58:01 [WS PROFILE] select_carriage: 23.4 ms | 2 -> 1
2026-04-28 14:58:01 [WS PROFILE] send_gcode_and_wait: 10.4 ms | SET_DUAL_CARRIAGE CARRIAGE=x2
2026-04-28 14:58:01 [WS PROFILE] send_gcode_and_wait: 6.2 ms | SET_DUAL_CARRIAGE CARRIAGE=y2
2026-04-28 14:58:01 [WS PROFILE] select_carriage: 18.7 ms | 1 -> 2
2026-04-28 14:58:02 [WS PROFILE] get_z_positions: 250.7 ms | z1=25.0, z2=17.99999999999997
2026-04-28 14:58:02 [WS PROFILE] get_position: 748.4 ms | x1=0.0 y1=0.5 z1=25.0 x2=711.31 y2=-13.4 z2=17.99999999999997
2026-04-28 14:58:02 [MOVE PROFILE] verify_mov took 750.2 ms
2026-04-28 14:58:02 [MOVE PROFILE] total move() time 2321.2 ms
2026-04-28 14:58:02 [WS PROFILE] send_gcode_and_wait: 14.2 ms | SET_DUAL_CARRIAGE CARRIAGE=x2
2026-04-28 14:58:02 [WS PROFILE] send_gcode_and_wait: 6.1 ms | SET_DUAL_CARRIAGE CARRIAGE=y2
2026-04-28 14:58:02 [WS PROFILE] select_carriage: 22.2 ms | 2 -> 2
2026-04-28 14:58:02 [MOVE PROFILE] queue carriage2 cmd took 23.3 ms
2026-04-28 14:58:02 [WS PROFILE] send_gcode_and_wait: 315.3 ms | M400
2026-04-28 14:58:02 [WS PROFILE] wait_for_moves: 317.8 ms
2026-04-28 14:58:02 [MOVE PROFILE] wait_for_moves took 319.4 ms
2026-04-28 14:58:02 [WS PROFILE] send_gcode_and_wait: 9.7 ms | SET_DUAL_CARRIAGE CARRIAGE=x
2026-04-28 14:58:03 [WS PROFILE] send_gcode_and_wait: 6.6 ms | SET_DUAL_CARRIAGE CARRIAGE=y
2026-04-28 14:58:03 [WS PROFILE] select_carriage: 20.2 ms | 2 -> 1
2026-04-28 14:58:03 [WS PROFILE] is_toolhead_moving:get_velocity: 202.4 ms | carriage=1, v=0.0
2026-04-28 14:58:03 [WS PROFILE] send_gcode_and_wait: 18.4 ms | SET_DUAL_CARRIAGE CARRIAGE=x2
2026-04-28 14:58:03 [WS PROFILE] send_gcode_and_wait: 7.5 ms | SET_DUAL_CARRIAGE CARRIAGE=y2
2026-04-28 14:58:03 [WS PROFILE] select_carriage: 29.2 ms | 1 -> 2
2026-04-28 14:58:03 [WS PROFILE] is_toolhead_moving:get_velocity: 256.2 ms | carriage=2, v=0.0
2026-04-28 14:58:03 [WS PROFILE] is_toolhead_moving: 461.5 ms | moving=False
2026-04-28 14:58:03 [MOVE PROFILE] velocity settle loop took 463.2 ms (0 checks)
2026-04-28 14:58:03 [WS PROFILE] send_gcode_and_wait: 17.3 ms | SET_DUAL_CARRIAGE CARRIAGE=x
2026-04-28 14:58:03 [WS PROFILE] send_gcode_and_wait: 7.3 ms | SET_DUAL_CARRIAGE CARRIAGE=y
2026-04-28 14:58:03 [WS PROFILE] select_carriage: 27.3 ms | 2 -> 1
2026-04-28 14:58:03 [WS PROFILE] send_gcode_and_wait: 10.1 ms | SET_DUAL_CARRIAGE CARRIAGE=x2
2026-04-28 14:58:03 [WS PROFILE] send_gcode_and_wait: 6.5 ms | SET_DUAL_CARRIAGE CARRIAGE=y2
2026-04-28 14:58:03 [WS PROFILE] select_carriage: 19.3 ms | 1 -> 2
2026-04-28 14:58:04 [WS PROFILE] get_z_positions: 250.3 ms | z1=25.0, z2=18.099999999999973
2026-04-28 14:58:04 [WS PROFILE] get_position: 742.2 ms | x1=0.0 y1=0.5 z1=25.0 x2=711.31 y2=-13.4 z2=18.099999999999973
2026-04-28 14:58:04 [MOVE PROFILE] z convergence loop took 743.9 ms (1 checks)
2026-04-28 14:58:04 [WS PROFILE] send_gcode_and_wait: 10.5 ms | SET_DUAL_CARRIAGE CARRIAGE=x
2026-04-28 14:58:04 [WS PROFILE] send_gcode_and_wait: 6.8 ms | SET_DUAL_CARRIAGE CARRIAGE=y
2026-04-28 14:58:04 [WS PROFILE] select_carriage: 20.0 ms | 2 -> 1
2026-04-28 14:58:04 [WS PROFILE] send_gcode_and_wait: 10.6 ms | SET_DUAL_CARRIAGE CARRIAGE=x2
2026-04-28 14:58:04 [WS PROFILE] send_gcode_and_wait: 7.1 ms | SET_DUAL_CARRIAGE CARRIAGE=y2
2026-04-28 14:58:04 [WS PROFILE] select_carriage: 20.1 ms | 1 -> 2
2026-04-28 14:58:04 [WS PROFILE] get_z_positions: 250.0 ms | z1=25.0, z2=18.099999999999973
2026-04-28 14:58:04 [WS PROFILE] get_position: 747.3 ms | x1=0.0 y1=0.5 z1=25.0 x2=711.31 y2=-13.4 z2=18.099999999999973
2026-04-28 14:58:04 [MOVE PROFILE] verify_mov took 749.2 ms
2026-04-28 14:58:04 [MOVE PROFILE] total move() time 2307.0 ms
2026-04-28 14:58:05 [WS PROFILE] send_gcode_and_wait: 12.2 ms | SET_DUAL_CARRIAGE CARRIAGE=x2
2026-04-28 14:58:05 [WS PROFILE] send_gcode_and_wait: 7.1 ms | SET_DUAL_CARRIAGE CARRIAGE=y2
2026-04-28 14:58:05 [WS PROFILE] select_carriage: 21.9 ms | 2 -> 2
2026-04-28 14:58:05 [MOVE PROFILE] queue carriage2 cmd took 23.7 ms
2026-04-28 14:58:05 [WS PROFILE] send_gcode_and_wait: 313.9 ms | M400
2026-04-28 14:58:05 [WS PROFILE] wait_for_moves: 317.1 ms
2026-04-28 14:58:05 [MOVE PROFILE] wait_for_moves took 318.7 ms
2026-04-28 14:58:05 [WS PROFILE] send_gcode_and_wait: 12.1 ms | SET_DUAL_CARRIAGE CARRIAGE=x
2026-04-28 14:58:05 [WS PROFILE] send_gcode_and_wait: 7.8 ms | SET_DUAL_CARRIAGE CARRIAGE=y
2026-04-28 14:58:05 [WS PROFILE] select_carriage: 25.2 ms | 2 -> 1
2026-04-28 14:58:05 [WS PROFILE] is_toolhead_moving:get_velocity: 213.6 ms | carriage=1, v=0.0
2026-04-28 14:58:05 [WS PROFILE] send_gcode_and_wait: 10.0 ms | SET_DUAL_CARRIAGE CARRIAGE=x2
2026-04-28 14:58:05 [WS PROFILE] send_gcode_and_wait: 6.4 ms | SET_DUAL_CARRIAGE CARRIAGE=y2
2026-04-28 14:58:05 [WS PROFILE] select_carriage: 20.7 ms | 1 -> 2
2026-04-28 14:58:05 [WS PROFILE] is_toolhead_moving:get_velocity: 249.4 ms | carriage=2, v=0.0
2026-04-28 14:58:05 [WS PROFILE] is_toolhead_moving: 466.7 ms | moving=False
2026-04-28 14:58:05 [MOVE PROFILE] velocity settle loop took 468.4 ms (0 checks)
2026-04-28 14:58:05 [WS PROFILE] send_gcode_and_wait: 13.3 ms | SET_DUAL_CARRIAGE CARRIAGE=x
2026-04-28 14:58:05 [WS PROFILE] send_gcode_and_wait: 6.7 ms | SET_DUAL_CARRIAGE CARRIAGE=y
2026-04-28 14:58:05 [WS PROFILE] select_carriage: 21.7 ms | 2 -> 1
2026-04-28 14:58:06 [WS PROFILE] send_gcode_and_wait: 10.1 ms | SET_DUAL_CARRIAGE CARRIAGE=x2
2026-04-28 14:58:06 [WS PROFILE] send_gcode_and_wait: 6.9 ms | SET_DUAL_CARRIAGE CARRIAGE=y2
2026-04-28 14:58:06 [WS PROFILE] select_carriage: 18.6 ms | 1 -> 2
2026-04-28 14:58:06 [WS PROFILE] get_z_positions: 249.2 ms | z1=25.0, z2=18.199999999999974
2026-04-28 14:58:06 [WS PROFILE] get_position: 747.8 ms | x1=0.0 y1=0.5 z1=25.0 x2=711.31 y2=-13.4 z2=18.199999999999974
2026-04-28 14:58:06 [MOVE PROFILE] z convergence loop took 749.5 ms (1 checks)
2026-04-28 14:58:06 [WS PROFILE] send_gcode_and_wait: 11.0 ms | SET_DUAL_CARRIAGE CARRIAGE=x
2026-04-28 14:58:06 [WS PROFILE] send_gcode_and_wait: 7.3 ms | SET_DUAL_CARRIAGE CARRIAGE=y
2026-04-28 14:58:06 [WS PROFILE] select_carriage: 22.3 ms | 2 -> 1
2026-04-28 14:58:06 [WS PROFILE] send_gcode_and_wait: 11.1 ms | SET_DUAL_CARRIAGE CARRIAGE=x2
2026-04-28 14:58:06 [WS PROFILE] send_gcode_and_wait: 10.5 ms | SET_DUAL_CARRIAGE CARRIAGE=y2
2026-04-28 14:58:06 [WS PROFILE] select_carriage: 23.2 ms | 1 -> 2
2026-04-28 14:58:07 [WS PROFILE] get_z_positions: 251.4 ms | z1=25.0, z2=18.199999999999974
2026-04-28 14:58:07 [WS PROFILE] get_position: 750.0 ms | x1=0.0 y1=0.5 z1=25.0 x2=711.31 y2=-13.4 z2=18.199999999999974
2026-04-28 14:58:07 [MOVE PROFILE] verify_mov took 751.7 ms
2026-04-28 14:58:07 [MOVE PROFILE] total move() time 2321.6 ms
2026-04-28 14:58:07 [WS PROFILE] send_gcode_and_wait: 13.5 ms | SET_DUAL_CARRIAGE CARRIAGE=x2
2026-04-28 14:58:07 [WS PROFILE] send_gcode_and_wait: 7.7 ms | SET_DUAL_CARRIAGE CARRIAGE=y2
2026-04-28 14:58:07 [WS PROFILE] select_carriage: 24.7 ms | 2 -> 2
2026-04-28 14:58:07 [MOVE PROFILE] queue carriage2 cmd took 26.8 ms
2026-04-28 14:58:07 [WS PROFILE] send_gcode_and_wait: 316.1 ms | M400
2026-04-28 14:58:07 [WS PROFILE] wait_for_moves: 318.0 ms
2026-04-28 14:58:07 [MOVE PROFILE] wait_for_moves took 319.7 ms
2026-04-28 14:58:08 [WS PROFILE] send_gcode_and_wait: 9.8 ms | SET_DUAL_CARRIAGE CARRIAGE=x
2026-04-28 14:58:08 [WS PROFILE] send_gcode_and_wait: 9.1 ms | SET_DUAL_CARRIAGE CARRIAGE=y
2026-04-28 14:58:08 [WS PROFILE] select_carriage: 22.8 ms | 2 -> 1
2026-04-28 14:58:08 [WS PROFILE] is_toolhead_moving:get_velocity: 218.9 ms | carriage=1, v=0.0
2026-04-28 14:58:08 [WS PROFILE] send_gcode_and_wait: 54.0 ms | SET_DUAL_CARRIAGE CARRIAGE=x2
2026-04-28 14:58:08 [WS PROFILE] send_gcode_and_wait: 10.8 ms | SET_DUAL_CARRIAGE CARRIAGE=y2
2026-04-28 14:58:08 [WS PROFILE] select_carriage: 66.6 ms | 1 -> 2
2026-04-28 14:58:08 [WS PROFILE] is_toolhead_moving:get_velocity: 242.7 ms | carriage=2, v=0.0
2026-04-28 14:58:08 [WS PROFILE] is_toolhead_moving: 466.6 ms | moving=False
2026-04-28 14:58:08 [MOVE PROFILE] velocity settle loop took 468.3 ms (0 checks)
2026-04-28 14:58:08 [WS PROFILE] send_gcode_and_wait: 11.1 ms | SET_DUAL_CARRIAGE CARRIAGE=x
2026-04-28 14:58:08 [WS PROFILE] send_gcode_and_wait: 6.7 ms | SET_DUAL_CARRIAGE CARRIAGE=y
2026-04-28 14:58:08 [WS PROFILE] select_carriage: 19.3 ms | 2 -> 1
2026-04-28 14:58:08 [WS PROFILE] send_gcode_and_wait: 10.6 ms | SET_DUAL_CARRIAGE CARRIAGE=x2
2026-04-28 14:58:08 [WS PROFILE] send_gcode_and_wait: 6.8 ms | SET_DUAL_CARRIAGE CARRIAGE=y2
2026-04-28 14:58:08 [WS PROFILE] select_carriage: 19.1 ms | 1 -> 2
2026-04-28 14:58:09 [WS PROFILE] get_z_positions: 253.0 ms | z1=25.0, z2=18.299999999999976
2026-04-28 14:58:09 [WS PROFILE] get_position: 751.3 ms | x1=0.0 y1=0.5 z1=25.0 x2=711.31 y2=-13.4 z2=18.299999999999976
2026-04-28 14:58:09 [MOVE PROFILE] z convergence loop took 752.7 ms (1 checks)
2026-04-28 14:58:09 [WS PROFILE] send_gcode_and_wait: 9.9 ms | SET_DUAL_CARRIAGE CARRIAGE=x
2026-04-28 14:58:09 [WS PROFILE] send_gcode_and_wait: 8.0 ms | SET_DUAL_CARRIAGE CARRIAGE=y
2026-04-28 14:58:09 [WS PROFILE] select_carriage: 20.2 ms | 2 -> 1
2026-04-28 14:58:09 [WS PROFILE] send_gcode_and_wait: 11.0 ms | SET_DUAL_CARRIAGE CARRIAGE=x2
2026-04-28 14:58:09 [WS PROFILE] send_gcode_and_wait: 7.5 ms | SET_DUAL_CARRIAGE CARRIAGE=y2
2026-04-28 14:58:09 [WS PROFILE] select_carriage: 21.8 ms | 1 -> 2
2026-04-28 14:58:09 [WS PROFILE] get_z_positions: 245.7 ms | z1=25.0, z2=18.299999999999976
2026-04-28 14:58:09 [WS PROFILE] get_position: 746.9 ms | x1=0.0 y1=0.5 z1=25.0 x2=711.31 y2=-13.4 z2=18.299999999999976
2026-04-28 14:58:09 [MOVE PROFILE] verify_mov took 749.0 ms
2026-04-28 14:58:09 [MOVE PROFILE] total move() time 2324.7 ms
2026-04-28 14:58:10 [WS PROFILE] send_gcode_and_wait: 12.7 ms | SET_DUAL_CARRIAGE CARRIAGE=x2
2026-04-28 14:58:10 [WS PROFILE] send_gcode_and_wait: 12.4 ms | SET_DUAL_CARRIAGE CARRIAGE=y2
2026-04-28 14:58:10 [WS PROFILE] select_carriage: 27.1 ms | 2 -> 2
2026-04-28 14:58:10 [MOVE PROFILE] queue carriage2 cmd took 28.2 ms
2026-04-28 14:58:10 [WS PROFILE] send_gcode_and_wait: 319.4 ms | M400
2026-04-28 14:58:10 [WS PROFILE] wait_for_moves: 322.3 ms
2026-04-28 14:58:10 [MOVE PROFILE] wait_for_moves took 324.2 ms
2026-04-28 14:58:10 [WS PROFILE] send_gcode_and_wait: 10.9 ms | SET_DUAL_CARRIAGE CARRIAGE=x
2026-04-28 14:58:10 [WS PROFILE] send_gcode_and_wait: 7.0 ms | SET_DUAL_CARRIAGE CARRIAGE=y
2026-04-28 14:58:10 [WS PROFILE] select_carriage: 20.4 ms | 2 -> 1
2026-04-28 14:58:10 [WS PROFILE] is_toolhead_moving:get_velocity: 197.6 ms | carriage=1, v=0.0
2026-04-28 14:58:10 [WS PROFILE] send_gcode_and_wait: 17.1 ms | SET_DUAL_CARRIAGE CARRIAGE=x2
2026-04-28 14:58:10 [WS PROFILE] send_gcode_and_wait: 6.5 ms | SET_DUAL_CARRIAGE CARRIAGE=y2
2026-04-28 14:58:10 [WS PROFILE] select_carriage: 25.8 ms | 1 -> 2
2026-04-28 14:58:10 [WS PROFILE] is_toolhead_moving:get_velocity: 254.0 ms | carriage=2, v=0.0
2026-04-28 14:58:10 [WS PROFILE] is_toolhead_moving: 455.2 ms | moving=False
2026-04-28 14:58:10 [MOVE PROFILE] velocity settle loop took 456.7 ms (0 checks)
2026-04-28 14:58:10 [WS PROFILE] send_gcode_and_wait: 12.3 ms | SET_DUAL_CARRIAGE CARRIAGE=x
2026-04-28 14:58:10 [WS PROFILE] send_gcode_and_wait: 9.5 ms | SET_DUAL_CARRIAGE CARRIAGE=y
2026-04-28 14:58:10 [WS PROFILE] select_carriage: 24.0 ms | 2 -> 1
2026-04-28 14:58:11 [WS PROFILE] send_gcode_and_wait: 13.4 ms | SET_DUAL_CARRIAGE CARRIAGE=x2
2026-04-28 14:58:11 [WS PROFILE] send_gcode_and_wait: 6.6 ms | SET_DUAL_CARRIAGE CARRIAGE=y2
2026-04-28 14:58:11 [WS PROFILE] select_carriage: 21.7 ms | 1 -> 2
2026-04-28 14:58:11 [WS PROFILE] get_z_positions: 250.7 ms | z1=25.0, z2=18.399999999999977
2026-04-28 14:58:11 [WS PROFILE] get_position: 745.3 ms | x1=0.0 y1=0.5 z1=25.0 x2=711.31 y2=-13.4 z2=18.399999999999977
2026-04-28 14:58:11 [MOVE PROFILE] z convergence loop took 747.0 ms (1 checks)
2026-04-28 14:58:11 [WS PROFILE] send_gcode_and_wait: 17.6 ms | SET_DUAL_CARRIAGE CARRIAGE=x
2026-04-28 14:58:11 [WS PROFILE] send_gcode_and_wait: 7.2 ms | SET_DUAL_CARRIAGE CARRIAGE=y
2026-04-28 14:58:11 [WS PROFILE] select_carriage: 29.8 ms | 2 -> 1
2026-04-28 14:58:11 [WS PROFILE] send_gcode_and_wait: 11.3 ms | SET_DUAL_CARRIAGE CARRIAGE=x2
2026-04-28 14:58:11 [WS PROFILE] send_gcode_and_wait: 7.0 ms | SET_DUAL_CARRIAGE CARRIAGE=y2
2026-04-28 14:58:11 [WS PROFILE] select_carriage: 21.3 ms | 1 -> 2
2026-04-28 14:58:12 [WS PROFILE] get_z_positions: 255.0 ms | z1=25.0, z2=18.399999999999977
2026-04-28 14:58:12 [WS PROFILE] get_position: 749.0 ms | x1=0.0 y1=0.5 z1=25.0 x2=711.31 y2=-13.4 z2=18.399999999999977
2026-04-28 14:58:12 [MOVE PROFILE] verify_mov took 750.6 ms
2026-04-28 14:58:12 [MOVE PROFILE] total move() time 2314.6 ms
2026-04-28 14:58:12 [WS PROFILE] send_gcode_and_wait: 13.0 ms | SET_DUAL_CARRIAGE CARRIAGE=x2
2026-04-28 14:58:12 [WS PROFILE] send_gcode_and_wait: 7.2 ms | SET_DUAL_CARRIAGE CARRIAGE=y2
2026-04-28 14:58:12 [WS PROFILE] select_carriage: 22.0 ms | 2 -> 2
2026-04-28 14:58:12 [MOVE PROFILE] queue carriage2 cmd took 22.9 ms
2026-04-28 14:58:13 [WS PROFILE] send_gcode_and_wait: 314.5 ms | M400
2026-04-28 14:58:13 [WS PROFILE] wait_for_moves: 316.3 ms
2026-04-28 14:58:13 [MOVE PROFILE] wait_for_moves took 318.0 ms
2026-04-28 14:58:13 [WS PROFILE] send_gcode_and_wait: 9.8 ms | SET_DUAL_CARRIAGE CARRIAGE=x
2026-04-28 14:58:13 [WS PROFILE] send_gcode_and_wait: 6.8 ms | SET_DUAL_CARRIAGE CARRIAGE=y
2026-04-28 14:58:13 [WS PROFILE] select_carriage: 19.3 ms | 2 -> 1
2026-04-28 14:58:13 [WS PROFILE] is_toolhead_moving:get_velocity: 205.8 ms | carriage=1, v=0.0
2026-04-28 14:58:13 [WS PROFILE] send_gcode_and_wait: 10.6 ms | SET_DUAL_CARRIAGE CARRIAGE=x2
2026-04-28 14:58:13 [WS PROFILE] send_gcode_and_wait: 7.1 ms | SET_DUAL_CARRIAGE CARRIAGE=y2
2026-04-28 14:58:13 [WS PROFILE] select_carriage: 20.4 ms | 1 -> 2
2026-04-28 14:58:13 [WS PROFILE] is_toolhead_moving:get_velocity: 248.4 ms | carriage=2, v=0.0
2026-04-28 14:58:13 [WS PROFILE] is_toolhead_moving: 457.8 ms | moving=False
2026-04-28 14:58:13 [MOVE PROFILE] velocity settle loop took 459.4 ms (0 checks)
2026-04-28 14:58:13 [WS PROFILE] send_gcode_and_wait: 10.6 ms | SET_DUAL_CARRIAGE CARRIAGE=x
2026-04-28 14:58:13 [WS PROFILE] send_gcode_and_wait: 6.9 ms | SET_DUAL_CARRIAGE CARRIAGE=y
2026-04-28 14:58:13 [WS PROFILE] select_carriage: 19.7 ms | 2 -> 1
2026-04-28 14:58:13 [WS PROFILE] send_gcode_and_wait: 10.4 ms | SET_DUAL_CARRIAGE CARRIAGE=x2
2026-04-28 14:58:13 [WS PROFILE] send_gcode_and_wait: 6.8 ms | SET_DUAL_CARRIAGE CARRIAGE=y2
2026-04-28 14:58:13 [WS PROFILE] select_carriage: 18.9 ms | 1 -> 2
2026-04-28 14:58:14 [WS PROFILE] get_z_positions: 249.8 ms | z1=25.0, z2=18.49999999999998
2026-04-28 14:58:14 [WS PROFILE] get_position: 749.4 ms | x1=0.0 y1=0.5 z1=25.0 x2=711.31 y2=-13.4 z2=18.49999999999998
2026-04-28 14:58:14 [MOVE PROFILE] z convergence loop took 751.4 ms (1 checks)
2026-04-28 14:58:14 [WS PROFILE] send_gcode_and_wait: 10.5 ms | SET_DUAL_CARRIAGE CARRIAGE=x
2026-04-28 14:58:14 [WS PROFILE] send_gcode_and_wait: 6.9 ms | SET_DUAL_CARRIAGE CARRIAGE=y
2026-04-28 14:58:14 [WS PROFILE] select_carriage: 19.0 ms | 2 -> 1
2026-04-28 14:58:14 [WS PROFILE] send_gcode_and_wait: 10.6 ms | SET_DUAL_CARRIAGE CARRIAGE=x2
2026-04-28 14:58:14 [WS PROFILE] send_gcode_and_wait: 6.8 ms | SET_DUAL_CARRIAGE CARRIAGE=y2
2026-04-28 14:58:14 [WS PROFILE] select_carriage: 20.8 ms | 1 -> 2
2026-04-28 14:58:14 [WS PROFILE] get_z_positions: 249.9 ms | z1=25.0, z2=18.49999999999998
2026-04-28 14:58:14 [WS PROFILE] get_position: 747.2 ms | x1=0.0 y1=0.5 z1=25.0 x2=711.31 y2=-13.4 z2=18.49999999999998
2026-04-28 14:58:14 [MOVE PROFILE] verify_mov took 748.8 ms
2026-04-28 14:58:14 [MOVE PROFILE] total move() time 2308.1 ms
2026-04-28 14:58:15 [WS PROFILE] send_gcode_and_wait: 13.4 ms | SET_DUAL_CARRIAGE CARRIAGE=x2
2026-04-28 14:58:15 [WS PROFILE] send_gcode_and_wait: 6.4 ms | SET_DUAL_CARRIAGE CARRIAGE=y2
2026-04-28 14:58:15 [WS PROFILE] select_carriage: 22.6 ms | 2 -> 2
2026-04-28 14:58:15 [MOVE PROFILE] queue carriage2 cmd took 24.7 ms
2026-04-28 14:58:15 [WS PROFILE] send_gcode_and_wait: 310.7 ms | M400
2026-04-28 14:58:15 [WS PROFILE] wait_for_moves: 311.9 ms
2026-04-28 14:58:15 [MOVE PROFILE] wait_for_moves took 313.0 ms
2026-04-28 14:58:15 [WS PROFILE] send_gcode_and_wait: 10.6 ms | SET_DUAL_CARRIAGE CARRIAGE=x
2026-04-28 14:58:15 [WS PROFILE] send_gcode_and_wait: 7.4 ms | SET_DUAL_CARRIAGE CARRIAGE=y
2026-04-28 14:58:15 [WS PROFILE] select_carriage: 21.3 ms | 2 -> 1
2026-04-28 14:58:15 [WS PROFILE] is_toolhead_moving:get_velocity: 231.3 ms | carriage=1, v=0.0
2026-04-28 14:58:15 [WS PROFILE] send_gcode_and_wait: 10.6 ms | SET_DUAL_CARRIAGE CARRIAGE=x2
2026-04-28 14:58:15 [WS PROFILE] send_gcode_and_wait: 6.9 ms | SET_DUAL_CARRIAGE CARRIAGE=y2
2026-04-28 14:58:15 [WS PROFILE] select_carriage: 19.3 ms | 1 -> 2
2026-04-28 14:58:15 [WS PROFILE] is_toolhead_moving:get_velocity: 249.9 ms | carriage=2, v=0.0
2026-04-28 14:58:15 [WS PROFILE] is_toolhead_moving: 485.5 ms | moving=False
2026-04-28 14:58:15 [MOVE PROFILE] velocity settle loop took 487.1 ms (0 checks)
2026-04-28 14:58:15 [WS PROFILE] send_gcode_and_wait: 10.6 ms | SET_DUAL_CARRIAGE CARRIAGE=x
2026-04-28 14:58:15 [WS PROFILE] send_gcode_and_wait: 7.5 ms | SET_DUAL_CARRIAGE CARRIAGE=y
2026-04-28 14:58:15 [WS PROFILE] select_carriage: 21.5 ms | 2 -> 1
2026-04-28 14:58:16 [WS PROFILE] send_gcode_and_wait: 10.3 ms | SET_DUAL_CARRIAGE CARRIAGE=x2
2026-04-28 14:58:16 [WS PROFILE] send_gcode_and_wait: 6.6 ms | SET_DUAL_CARRIAGE CARRIAGE=y2
2026-04-28 14:58:16 [WS PROFILE] select_carriage: 19.1 ms | 1 -> 2
2026-04-28 14:58:16 [WS PROFILE] get_z_positions: 250.0 ms | z1=25.0, z2=18.59999999999998
2026-04-28 14:58:16 [WS PROFILE] get_position: 746.4 ms | x1=0.0 y1=0.5 z1=25.0 x2=711.31 y2=-13.4 z2=18.59999999999998
2026-04-28 14:58:16 [MOVE PROFILE] z convergence loop took 747.7 ms (1 checks)
2026-04-28 14:58:16 [WS PROFILE] send_gcode_and_wait: 12.0 ms | SET_DUAL_CARRIAGE CARRIAGE=x
2026-04-28 14:58:16 [WS PROFILE] send_gcode_and_wait: 7.0 ms | SET_DUAL_CARRIAGE CARRIAGE=y
2026-04-28 14:58:16 [WS PROFILE] select_carriage: 22.4 ms | 2 -> 1
2026-04-28 14:58:16 [WS PROFILE] send_gcode_and_wait: 15.3 ms | SET_DUAL_CARRIAGE CARRIAGE=x2
2026-04-28 14:58:17 [WS PROFILE] send_gcode_and_wait: 9.5 ms | SET_DUAL_CARRIAGE CARRIAGE=y2
2026-04-28 14:58:17 [WS PROFILE] select_carriage: 27.1 ms | 1 -> 2
2026-04-28 14:58:17 [WS PROFILE] get_z_positions: 254.5 ms | z1=25.0, z2=18.59999999999998
2026-04-28 14:58:17 [WS PROFILE] get_position: 750.9 ms | x1=0.0 y1=0.5 z1=25.0 x2=711.31 y2=-13.4 z2=18.59999999999998
2026-04-28 14:58:17 [MOVE PROFILE] verify_mov took 752.3 ms
2026-04-28 14:58:17 [MOVE PROFILE] total move() time 2332.6 ms
2026-04-28 14:58:17 [WS PROFILE] send_gcode_and_wait: 15.8 ms | SET_DUAL_CARRIAGE CARRIAGE=x2
2026-04-28 14:58:17 [WS PROFILE] send_gcode_and_wait: 21.2 ms | SET_DUAL_CARRIAGE CARRIAGE=y2
2026-04-28 14:58:17 [WS PROFILE] select_carriage: 38.5 ms | 2 -> 2
2026-04-28 14:58:17 [MOVE PROFILE] queue carriage2 cmd took 39.1 ms
2026-04-28 14:58:18 [WS PROFILE] send_gcode_and_wait: 320.6 ms | M400
2026-04-28 14:58:18 [WS PROFILE] wait_for_moves: 322.0 ms
2026-04-28 14:58:18 [MOVE PROFILE] wait_for_moves took 323.3 ms
2026-04-28 14:58:18 [WS PROFILE] send_gcode_and_wait: 10.2 ms | SET_DUAL_CARRIAGE CARRIAGE=x
2026-04-28 14:58:18 [WS PROFILE] send_gcode_and_wait: 11.6 ms | SET_DUAL_CARRIAGE CARRIAGE=y
2026-04-28 14:58:18 [WS PROFILE] select_carriage: 24.9 ms | 2 -> 1
2026-04-28 14:58:18 [WS PROFILE] is_toolhead_moving:get_velocity: 195.7 ms | carriage=1, v=0.0
2026-04-28 14:58:18 [WS PROFILE] send_gcode_and_wait: 9.8 ms | SET_DUAL_CARRIAGE CARRIAGE=x2
2026-04-28 14:58:18 [WS PROFILE] send_gcode_and_wait: 7.4 ms | SET_DUAL_CARRIAGE CARRIAGE=y2
2026-04-28 14:58:18 [WS PROFILE] select_carriage: 20.0 ms | 1 -> 2
2026-04-28 14:58:18 [WS PROFILE] is_toolhead_moving:get_velocity: 251.9 ms | carriage=2, v=0.0
2026-04-28 14:58:18 [WS PROFILE] is_toolhead_moving: 450.7 ms | moving=False
2026-04-28 14:58:18 [MOVE PROFILE] velocity settle loop took 452.5 ms (0 checks)
2026-04-28 14:58:18 [WS PROFILE] send_gcode_and_wait: 10.6 ms | SET_DUAL_CARRIAGE CARRIAGE=x
2026-04-28 14:58:18 [WS PROFILE] send_gcode_and_wait: 7.3 ms | SET_DUAL_CARRIAGE CARRIAGE=y
2026-04-28 14:58:18 [WS PROFILE] select_carriage: 20.4 ms | 2 -> 1
2026-04-28 14:58:18 [WS PROFILE] send_gcode_and_wait: 10.3 ms | SET_DUAL_CARRIAGE CARRIAGE=x2
2026-04-28 14:58:18 [WS PROFILE] send_gcode_and_wait: 7.4 ms | SET_DUAL_CARRIAGE CARRIAGE=y2
2026-04-28 14:58:18 [WS PROFILE] select_carriage: 19.4 ms | 1 -> 2
2026-04-28 14:58:19 [WS PROFILE] get_z_positions: 253.3 ms | z1=25.0, z2=18.69999999999998
2026-04-28 14:58:19 [WS PROFILE] get_position: 745.9 ms | x1=0.0 y1=0.5 z1=25.0 x2=711.31 y2=-13.4 z2=18.69999999999998
2026-04-28 14:58:19 [MOVE PROFILE] z convergence loop took 747.0 ms (1 checks)
2026-04-28 14:58:19 [WS PROFILE] send_gcode_and_wait: 10.7 ms | SET_DUAL_CARRIAGE CARRIAGE=x
2026-04-28 14:58:19 [WS PROFILE] send_gcode_and_wait: 6.9 ms | SET_DUAL_CARRIAGE CARRIAGE=y
2026-04-28 14:58:19 [WS PROFILE] select_carriage: 19.9 ms | 2 -> 1
2026-04-28 14:58:19 [WS PROFILE] send_gcode_and_wait: 11.0 ms | SET_DUAL_CARRIAGE CARRIAGE=x2
2026-04-28 14:58:19 [WS PROFILE] send_gcode_and_wait: 7.1 ms | SET_DUAL_CARRIAGE CARRIAGE=y2
2026-04-28 14:58:19 [WS PROFILE] select_carriage: 20.5 ms | 1 -> 2
2026-04-28 14:58:20 [WS PROFILE] get_z_positions: 271.7 ms | z1=25.0, z2=18.69999999999998
2026-04-28 14:58:20 [WS PROFILE] get_position: 771.2 ms | x1=0.0 y1=0.5 z1=25.0 x2=711.31 y2=-13.4 z2=18.69999999999998
2026-04-28 14:58:20 [MOVE PROFILE] verify_mov took 772.5 ms
2026-04-28 14:58:20 [MOVE PROFILE] total move() time 2339.8 ms
2026-04-28 14:58:20 [WS PROFILE] send_gcode_and_wait: 14.2 ms | SET_DUAL_CARRIAGE CARRIAGE=x2
2026-04-28 14:58:20 [WS PROFILE] send_gcode_and_wait: 7.8 ms | SET_DUAL_CARRIAGE CARRIAGE=y2
2026-04-28 14:58:20 [WS PROFILE] select_carriage: 23.8 ms | 2 -> 2
2026-04-28 14:58:20 [MOVE PROFILE] queue carriage2 cmd took 24.8 ms
2026-04-28 14:58:20 [WS PROFILE] send_gcode_and_wait: 313.2 ms | M400
2026-04-28 14:58:20 [WS PROFILE] wait_for_moves: 314.2 ms
2026-04-28 14:58:20 [MOVE PROFILE] wait_for_moves took 315.0 ms
2026-04-28 14:58:20 [WS PROFILE] send_gcode_and_wait: 10.0 ms | SET_DUAL_CARRIAGE CARRIAGE=x
2026-04-28 14:58:20 [WS PROFILE] send_gcode_and_wait: 7.2 ms | SET_DUAL_CARRIAGE CARRIAGE=y
2026-04-28 14:58:20 [WS PROFILE] select_carriage: 18.8 ms | 2 -> 1
2026-04-28 14:58:20 [WS PROFILE] is_toolhead_moving:get_velocity: 187.8 ms | carriage=1, v=0.0
2026-04-28 14:58:20 [WS PROFILE] send_gcode_and_wait: 10.2 ms | SET_DUAL_CARRIAGE CARRIAGE=x2
2026-04-28 14:58:20 [WS PROFILE] send_gcode_and_wait: 7.0 ms | SET_DUAL_CARRIAGE CARRIAGE=y2
2026-04-28 14:58:20 [WS PROFILE] select_carriage: 20.8 ms | 1 -> 2
2026-04-28 14:58:20 [WS PROFILE] is_toolhead_moving:get_velocity: 239.2 ms | carriage=2, v=0.0
2026-04-28 14:58:20 [WS PROFILE] is_toolhead_moving: 429.9 ms | moving=False
2026-04-28 14:58:20 [MOVE PROFILE] velocity settle loop took 430.8 ms (0 checks)
2026-04-28 14:58:20 [WS PROFILE] send_gcode_and_wait: 10.6 ms | SET_DUAL_CARRIAGE CARRIAGE=x
2026-04-28 14:58:21 [WS PROFILE] send_gcode_and_wait: 6.6 ms | SET_DUAL_CARRIAGE CARRIAGE=y
2026-04-28 14:58:21 [WS PROFILE] select_carriage: 19.1 ms | 2 -> 1
2026-04-28 14:58:21 [WS PROFILE] send_gcode_and_wait: 10.0 ms | SET_DUAL_CARRIAGE CARRIAGE=x2
2026-04-28 14:58:21 [WS PROFILE] send_gcode_and_wait: 8.3 ms | SET_DUAL_CARRIAGE CARRIAGE=y2
2026-04-28 14:58:21 [WS PROFILE] select_carriage: 21.2 ms | 1 -> 2
2026-04-28 14:58:21 [WS PROFILE] get_z_positions: 252.8 ms | z1=25.0, z2=18.799999999999983
2026-04-28 14:58:21 [WS PROFILE] get_position: 755.9 ms | x1=0.0 y1=0.5 z1=25.0 x2=711.31 y2=-13.4 z2=18.799999999999983
2026-04-28 14:58:21 [MOVE PROFILE] z convergence loop took 757.7 ms (1 checks)
2026-04-28 14:58:21 [WS PROFILE] send_gcode_and_wait: 11.1 ms | SET_DUAL_CARRIAGE CARRIAGE=x
2026-04-28 14:58:21 [WS PROFILE] send_gcode_and_wait: 7.1 ms | SET_DUAL_CARRIAGE CARRIAGE=y
2026-04-28 14:58:21 [WS PROFILE] select_carriage: 22.0 ms | 2 -> 1
2026-04-28 14:58:21 [WS PROFILE] send_gcode_and_wait: 10.4 ms | SET_DUAL_CARRIAGE CARRIAGE=x2
2026-04-28 14:58:22 [WS PROFILE] send_gcode_and_wait: 6.9 ms | SET_DUAL_CARRIAGE CARRIAGE=y2
2026-04-28 14:58:22 [WS PROFILE] select_carriage: 18.9 ms | 1 -> 2
2026-04-28 14:58:22 [WS PROFILE] get_z_positions: 252.3 ms | z1=25.0, z2=18.799999999999983
2026-04-28 14:58:22 [WS PROFILE] get_position: 749.5 ms | x1=0.0 y1=0.5 z1=25.0 x2=711.31 y2=-13.4 z2=18.799999999999983
2026-04-28 14:58:22 [MOVE PROFILE] verify_mov took 751.0 ms
2026-04-28 14:58:22 [MOVE PROFILE] total move() time 2286.1 ms
2026-04-28 14:58:22 [WS PROFILE] send_gcode_and_wait: 13.0 ms | SET_DUAL_CARRIAGE CARRIAGE=x2
2026-04-28 14:58:22 [WS PROFILE] send_gcode_and_wait: 6.7 ms | SET_DUAL_CARRIAGE CARRIAGE=y2
2026-04-28 14:58:22 [WS PROFILE] select_carriage: 21.6 ms | 2 -> 2
2026-04-28 14:58:22 [MOVE PROFILE] queue carriage2 cmd took 22.6 ms
2026-04-28 14:58:23 [WS PROFILE] send_gcode_and_wait: 314.8 ms | M400
2026-04-28 14:58:23 [WS PROFILE] wait_for_moves: 315.8 ms
2026-04-28 14:58:23 [MOVE PROFILE] wait_for_moves took 316.8 ms
2026-04-28 14:58:23 [WS PROFILE] send_gcode_and_wait: 9.8 ms | SET_DUAL_CARRIAGE CARRIAGE=x
2026-04-28 14:58:23 [WS PROFILE] send_gcode_and_wait: 6.9 ms | SET_DUAL_CARRIAGE CARRIAGE=y
2026-04-28 14:58:23 [WS PROFILE] select_carriage: 19.1 ms | 2 -> 1
2026-04-28 14:58:23 [WS PROFILE] is_toolhead_moving:get_velocity: 216.5 ms | carriage=1, v=0.0
2026-04-28 14:58:23 [WS PROFILE] send_gcode_and_wait: 10.8 ms | SET_DUAL_CARRIAGE CARRIAGE=x2
2026-04-28 14:58:23 [WS PROFILE] send_gcode_and_wait: 7.8 ms | SET_DUAL_CARRIAGE CARRIAGE=y2
2026-04-28 14:58:23 [WS PROFILE] select_carriage: 20.7 ms | 1 -> 2
2026-04-28 14:58:23 [WS PROFILE] is_toolhead_moving:get_velocity: 253.0 ms | carriage=2, v=0.0
2026-04-28 14:58:23 [WS PROFILE] is_toolhead_moving: 472.7 ms | moving=False
2026-04-28 14:58:23 [MOVE PROFILE] velocity settle loop took 473.5 ms (0 checks)
2026-04-28 14:58:23 [WS PROFILE] send_gcode_and_wait: 11.8 ms | SET_DUAL_CARRIAGE CARRIAGE=x
2026-04-28 14:58:23 [WS PROFILE] send_gcode_and_wait: 7.2 ms | SET_DUAL_CARRIAGE CARRIAGE=y
2026-04-28 14:58:23 [WS PROFILE] select_carriage: 20.9 ms | 2 -> 1
2026-04-28 14:58:23 [WS PROFILE] send_gcode_and_wait: 10.7 ms | SET_DUAL_CARRIAGE CARRIAGE=x2
2026-04-28 14:58:23 [WS PROFILE] send_gcode_and_wait: 6.2 ms | SET_DUAL_CARRIAGE CARRIAGE=y2
2026-04-28 14:58:23 [WS PROFILE] select_carriage: 18.3 ms | 1 -> 2
2026-04-28 14:58:24 [WS PROFILE] get_z_positions: 253.4 ms | z1=25.0, z2=18.899999999999984
2026-04-28 14:58:24 [WS PROFILE] get_position: 749.6 ms | x1=0.0 y1=0.5 z1=25.0 x2=711.31 y2=-13.4 z2=18.899999999999984
2026-04-28 14:58:24 [MOVE PROFILE] z convergence loop took 751.2 ms (1 checks)
2026-04-28 14:58:24 [WS PROFILE] send_gcode_and_wait: 19.3 ms | SET_DUAL_CARRIAGE CARRIAGE=x
2026-04-28 14:58:24 [WS PROFILE] send_gcode_and_wait: 7.0 ms | SET_DUAL_CARRIAGE CARRIAGE=y
2026-04-28 14:58:24 [WS PROFILE] select_carriage: 29.2 ms | 2 -> 1
2026-04-28 14:58:24 [WS PROFILE] send_gcode_and_wait: 10.0 ms | SET_DUAL_CARRIAGE CARRIAGE=x2
2026-04-28 14:58:24 [WS PROFILE] send_gcode_and_wait: 6.4 ms | SET_DUAL_CARRIAGE CARRIAGE=y2
2026-04-28 14:58:24 [WS PROFILE] select_carriage: 17.7 ms | 1 -> 2
2026-04-28 14:58:24 [WS PROFILE] get_z_positions: 246.5 ms | z1=25.0, z2=18.899999999999984
2026-04-28 14:58:24 [WS PROFILE] get_position: 743.7 ms | x1=0.0 y1=0.5 z1=25.0 x2=711.31 y2=-13.4 z2=18.899999999999984
2026-04-28 14:58:24 [MOVE PROFILE] verify_mov took 744.4 ms
2026-04-28 14:58:24 [MOVE PROFILE] total move() time 2313.5 ms
2026-04-28 14:58:25 [WS PROFILE] send_gcode_and_wait: 13.8 ms | SET_DUAL_CARRIAGE CARRIAGE=x2
2026-04-28 14:58:25 [WS PROFILE] send_gcode_and_wait: 6.6 ms | SET_DUAL_CARRIAGE CARRIAGE=y2
2026-04-28 14:58:25 [WS PROFILE] select_carriage: 21.9 ms | 2 -> 2
2026-04-28 14:58:25 [MOVE PROFILE] queue carriage2 cmd took 23.1 ms
2026-04-28 14:58:25 [WS PROFILE] send_gcode_and_wait: 314.9 ms | M400
2026-04-28 14:58:25 [WS PROFILE] wait_for_moves: 315.6 ms
2026-04-28 14:58:25 [MOVE PROFILE] wait_for_moves took 316.1 ms
2026-04-28 14:58:25 [WS PROFILE] send_gcode_and_wait: 11.8 ms | SET_DUAL_CARRIAGE CARRIAGE=x
2026-04-28 14:58:25 [WS PROFILE] send_gcode_and_wait: 7.5 ms | SET_DUAL_CARRIAGE CARRIAGE=y
2026-04-28 14:58:25 [WS PROFILE] select_carriage: 21.2 ms | 2 -> 1
2026-04-28 14:58:25 [WS PROFILE] is_toolhead_moving:get_velocity: 214.9 ms | carriage=1, v=0.0
2026-04-28 14:58:25 [WS PROFILE] send_gcode_and_wait: 12.7 ms | SET_DUAL_CARRIAGE CARRIAGE=x2
2026-04-28 14:58:25 [WS PROFILE] send_gcode_and_wait: 7.7 ms | SET_DUAL_CARRIAGE CARRIAGE=y2
2026-04-28 14:58:25 [WS PROFILE] select_carriage: 22.6 ms | 1 -> 2
2026-04-28 14:58:25 [WS PROFILE] is_toolhead_moving:get_velocity: 246.7 ms | carriage=2, v=0.0
2026-04-28 14:58:25 [WS PROFILE] is_toolhead_moving: 463.0 ms | moving=False
2026-04-28 14:58:25 [MOVE PROFILE] velocity settle loop took 463.5 ms (0 checks)
2026-04-28 14:58:26 [WS PROFILE] send_gcode_and_wait: 10.3 ms | SET_DUAL_CARRIAGE CARRIAGE=x
2026-04-28 14:58:26 [WS PROFILE] send_gcode_and_wait: 9.8 ms | SET_DUAL_CARRIAGE CARRIAGE=y
2026-04-28 14:58:26 [WS PROFILE] select_carriage: 21.6 ms | 2 -> 1
2026-04-28 14:58:26 [WS PROFILE] send_gcode_and_wait: 11.0 ms | SET_DUAL_CARRIAGE CARRIAGE=x2
2026-04-28 14:58:26 [WS PROFILE] send_gcode_and_wait: 7.8 ms | SET_DUAL_CARRIAGE CARRIAGE=y2
2026-04-28 14:58:26 [WS PROFILE] select_carriage: 20.6 ms | 1 -> 2
2026-04-28 14:58:26 [WS PROFILE] get_z_positions: 250.2 ms | z1=25.0, z2=18.999999999999986
2026-04-28 14:58:26 [WS PROFILE] get_position: 754.2 ms | x1=0.0 y1=0.5 z1=25.0 x2=711.31 y2=-13.4 z2=18.999999999999986
2026-04-28 14:58:26 [MOVE PROFILE] z convergence loop took 754.7 ms (1 checks)
2026-04-28 14:58:26 [WS PROFILE] send_gcode_and_wait: 12.7 ms | SET_DUAL_CARRIAGE CARRIAGE=x
2026-04-28 14:58:26 [WS PROFILE] send_gcode_and_wait: 7.6 ms | SET_DUAL_CARRIAGE CARRIAGE=y
2026-04-28 14:58:26 [WS PROFILE] select_carriage: 21.9 ms | 2 -> 1
2026-04-28 14:58:27 [WS PROFILE] send_gcode_and_wait: 11.0 ms | SET_DUAL_CARRIAGE CARRIAGE=x2
2026-04-28 14:58:27 [WS PROFILE] send_gcode_and_wait: 6.7 ms | SET_DUAL_CARRIAGE CARRIAGE=y2
2026-04-28 14:58:27 [WS PROFILE] select_carriage: 19.3 ms | 1 -> 2
2026-04-28 14:58:27 [WS PROFILE] get_z_positions: 250.1 ms | z1=25.0, z2=18.999999999999986
2026-04-28 14:58:27 [WS PROFILE] get_position: 751.5 ms | x1=0.0 y1=0.5 z1=25.0 x2=711.31 y2=-13.4 z2=18.999999999999986
2026-04-28 14:58:27 [MOVE PROFILE] verify_mov took 752.1 ms
2026-04-28 14:58:27 [MOVE PROFILE] total move() time 2313.2 ms
2026-04-28 14:58:27 [WS PROFILE] send_gcode_and_wait: 13.7 ms | SET_DUAL_CARRIAGE CARRIAGE=x2
2026-04-28 14:58:27 [WS PROFILE] send_gcode_and_wait: 6.5 ms | SET_DUAL_CARRIAGE CARRIAGE=y2
2026-04-28 14:58:27 [WS PROFILE] select_carriage: 21.9 ms | 2 -> 2
2026-04-28 14:58:27 [MOVE PROFILE] queue carriage2 cmd took 23.1 ms
2026-04-28 14:58:28 [WS PROFILE] send_gcode_and_wait: 310.9 ms | M400
2026-04-28 14:58:28 [WS PROFILE] wait_for_moves: 311.8 ms
2026-04-28 14:58:28 [MOVE PROFILE] wait_for_moves took 312.3 ms
2026-04-28 14:58:28 [WS PROFILE] send_gcode_and_wait: 9.2 ms | SET_DUAL_CARRIAGE CARRIAGE=x
2026-04-28 14:58:28 [WS PROFILE] send_gcode_and_wait: 8.8 ms | SET_DUAL_CARRIAGE CARRIAGE=y
2026-04-28 14:58:28 [WS PROFILE] select_carriage: 19.9 ms | 2 -> 1
2026-04-28 14:58:28 [WS PROFILE] is_toolhead_moving:get_velocity: 234.2 ms | carriage=1, v=0.0
2026-04-28 14:58:28 [WS PROFILE] send_gcode_and_wait: 10.3 ms | SET_DUAL_CARRIAGE CARRIAGE=x2
2026-04-28 14:58:28 [WS PROFILE] send_gcode_and_wait: 6.6 ms | SET_DUAL_CARRIAGE CARRIAGE=y2
2026-04-28 14:58:28 [WS PROFILE] select_carriage: 19.4 ms | 1 -> 2
2026-04-28 14:58:28 [WS PROFILE] is_toolhead_moving:get_velocity: 251.0 ms | carriage=2, v=0.0
2026-04-28 14:58:28 [WS PROFILE] is_toolhead_moving: 486.8 ms | moving=False
2026-04-28 14:58:28 [MOVE PROFILE] velocity settle loop took 487.5 ms (0 checks)
2026-04-28 14:58:28 [WS PROFILE] send_gcode_and_wait: 11.2 ms | SET_DUAL_CARRIAGE CARRIAGE=x
2026-04-28 14:58:28 [WS PROFILE] send_gcode_and_wait: 6.7 ms | SET_DUAL_CARRIAGE CARRIAGE=y
2026-04-28 14:58:28 [WS PROFILE] select_carriage: 19.4 ms | 2 -> 1
2026-04-28 14:58:28 [WS PROFILE] send_gcode_and_wait: 10.1 ms | SET_DUAL_CARRIAGE CARRIAGE=x2
2026-04-28 14:58:28 [WS PROFILE] send_gcode_and_wait: 6.6 ms | SET_DUAL_CARRIAGE CARRIAGE=y2
2026-04-28 14:58:28 [WS PROFILE] select_carriage: 18.2 ms | 1 -> 2
2026-04-28 14:58:29 [WS PROFILE] get_z_positions: 254.6 ms | z1=25.0, z2=19.099999999999987
2026-04-28 14:58:29 [WS PROFILE] get_position: 749.4 ms | x1=0.0 y1=0.5 z1=25.0 x2=711.31 y2=-13.4 z2=19.099999999999987
2026-04-28 14:58:29 [MOVE PROFILE] z convergence loop took 750.0 ms (1 checks)
2026-04-28 14:58:29 [WS PROFILE] send_gcode_and_wait: 13.8 ms | SET_DUAL_CARRIAGE CARRIAGE=x
2026-04-28 14:58:29 [WS PROFILE] send_gcode_and_wait: 8.6 ms | SET_DUAL_CARRIAGE CARRIAGE=y
2026-04-28 14:58:29 [WS PROFILE] select_carriage: 24.5 ms | 2 -> 1
2026-04-28 14:58:29 [WS PROFILE] send_gcode_and_wait: 10.5 ms | SET_DUAL_CARRIAGE CARRIAGE=x2
2026-04-28 14:58:29 [WS PROFILE] send_gcode_and_wait: 6.8 ms | SET_DUAL_CARRIAGE CARRIAGE=y2
2026-04-28 14:58:29 [WS PROFILE] select_carriage: 18.8 ms | 1 -> 2
2026-04-28 14:58:30 [WS PROFILE] get_z_positions: 249.7 ms | z1=25.0, z2=19.099999999999987
2026-04-28 14:58:30 [WS PROFILE] get_position: 749.5 ms | x1=0.0 y1=0.5 z1=25.0 x2=711.31 y2=-13.4 z2=19.099999999999987
2026-04-28 14:58:30 [MOVE PROFILE] verify_mov took 750.1 ms
2026-04-28 14:58:30 [MOVE PROFILE] total move() time 2328.7 ms
2026-04-28 14:58:30 [WS PROFILE] send_gcode_and_wait: 16.4 ms | SET_DUAL_CARRIAGE CARRIAGE=x2
2026-04-28 14:58:30 [WS PROFILE] send_gcode_and_wait: 6.4 ms | SET_DUAL_CARRIAGE CARRIAGE=y2
2026-04-28 14:58:30 [WS PROFILE] select_carriage: 24.3 ms | 2 -> 2
2026-04-28 14:58:30 [MOVE PROFILE] queue carriage2 cmd took 25.6 ms
2026-04-28 14:58:30 [WS PROFILE] send_gcode_and_wait: 313.5 ms | M400
2026-04-28 14:58:30 [WS PROFILE] wait_for_moves: 314.2 ms
2026-04-28 14:58:30 [MOVE PROFILE] wait_for_moves took 314.8 ms
2026-04-28 14:58:30 [WS PROFILE] send_gcode_and_wait: 10.3 ms | SET_DUAL_CARRIAGE CARRIAGE=x
2026-04-28 14:58:30 [WS PROFILE] send_gcode_and_wait: 7.0 ms | SET_DUAL_CARRIAGE CARRIAGE=y
2026-04-28 14:58:30 [WS PROFILE] select_carriage: 18.7 ms | 2 -> 1
2026-04-28 14:58:30 [WS PROFILE] is_toolhead_moving:get_velocity: 232.6 ms | carriage=1, v=0.0
2026-04-28 14:58:30 [WS PROFILE] send_gcode_and_wait: 9.6 ms | SET_DUAL_CARRIAGE CARRIAGE=x2
2026-04-28 14:58:30 [WS PROFILE] send_gcode_and_wait: 6.2 ms | SET_DUAL_CARRIAGE CARRIAGE=y2
2026-04-28 14:58:30 [WS PROFILE] select_carriage: 17.6 ms | 1 -> 2
2026-04-28 14:58:31 [WS PROFILE] is_toolhead_moving:get_velocity: 247.5 ms | carriage=2, v=0.0
2026-04-28 14:58:31 [WS PROFILE] is_toolhead_moving: 481.6 ms | moving=False
2026-04-28 14:58:31 [MOVE PROFILE] velocity settle loop took 482.2 ms (0 checks)
2026-04-28 14:58:31 [WS PROFILE] send_gcode_and_wait: 9.5 ms | SET_DUAL_CARRIAGE CARRIAGE=x
2026-04-28 14:58:31 [WS PROFILE] send_gcode_and_wait: 6.8 ms | SET_DUAL_CARRIAGE CARRIAGE=y
2026-04-28 14:58:31 [WS PROFILE] select_carriage: 18.0 ms | 2 -> 1
2026-04-28 14:58:31 [WS PROFILE] send_gcode_and_wait: 13.2 ms | SET_DUAL_CARRIAGE CARRIAGE=x2
2026-04-28 14:58:31 [WS PROFILE] send_gcode_and_wait: 8.3 ms | SET_DUAL_CARRIAGE CARRIAGE=y2
2026-04-28 14:58:31 [WS PROFILE] select_carriage: 23.1 ms | 1 -> 2
2026-04-28 14:58:31 [WS PROFILE] get_z_positions: 250.0 ms | z1=25.0, z2=19.19999999999999
2026-04-28 14:58:31 [WS PROFILE] get_position: 754.6 ms | x1=0.0 y1=0.5 z1=25.0 x2=711.31 y2=-13.4 z2=19.19999999999999
2026-04-28 14:58:31 [MOVE PROFILE] z convergence loop took 755.2 ms (1 checks)
2026-04-28 14:58:31 [WS PROFILE] send_gcode_and_wait: 10.9 ms | SET_DUAL_CARRIAGE CARRIAGE=x
2026-04-28 14:58:31 [WS PROFILE] send_gcode_and_wait: 6.7 ms | SET_DUAL_CARRIAGE CARRIAGE=y
2026-04-28 14:58:31 [WS PROFILE] select_carriage: 19.6 ms | 2 -> 1
2026-04-28 14:58:32 [WS PROFILE] send_gcode_and_wait: 10.2 ms | SET_DUAL_CARRIAGE CARRIAGE=x2
2026-04-28 14:58:32 [WS PROFILE] send_gcode_and_wait: 6.4 ms | SET_DUAL_CARRIAGE CARRIAGE=y2
2026-04-28 14:58:32 [WS PROFILE] select_carriage: 18.1 ms | 1 -> 2
2026-04-28 14:58:32 [WS PROFILE] get_z_positions: 253.9 ms | z1=25.0, z2=19.19999999999999
2026-04-28 14:58:32 [WS PROFILE] get_position: 751.3 ms | x1=0.0 y1=0.5 z1=25.0 x2=711.31 y2=-13.4 z2=19.19999999999999
2026-04-28 14:58:32 [MOVE PROFILE] verify_mov took 751.9 ms
2026-04-28 14:58:32 [MOVE PROFILE] total move() time 2333.1 ms
2026-04-28 14:58:32 [WS PROFILE] send_gcode_and_wait: 13.3 ms | SET_DUAL_CARRIAGE CARRIAGE=x2
2026-04-28 14:58:32 [WS PROFILE] send_gcode_and_wait: 7.8 ms | SET_DUAL_CARRIAGE CARRIAGE=y2
2026-04-28 14:58:32 [WS PROFILE] select_carriage: 22.6 ms | 2 -> 2
2026-04-28 14:58:32 [MOVE PROFILE] queue carriage2 cmd took 23.3 ms
2026-04-28 14:58:33 [WS PROFILE] send_gcode_and_wait: 328.9 ms | M400
2026-04-28 14:58:33 [WS PROFILE] wait_for_moves: 329.6 ms
2026-04-28 14:58:33 [MOVE PROFILE] wait_for_moves took 330.1 ms
2026-04-28 14:58:33 [WS PROFILE] send_gcode_and_wait: 9.4 ms | SET_DUAL_CARRIAGE CARRIAGE=x
2026-04-28 14:58:33 [WS PROFILE] send_gcode_and_wait: 6.1 ms | SET_DUAL_CARRIAGE CARRIAGE=y
2026-04-28 14:58:33 [WS PROFILE] select_carriage: 17.0 ms | 2 -> 1
2026-04-28 14:58:33 [WS PROFILE] is_toolhead_moving:get_velocity: 185.9 ms | carriage=1, v=0.0
2026-04-28 14:58:33 [WS PROFILE] send_gcode_and_wait: 11.5 ms | SET_DUAL_CARRIAGE CARRIAGE=x2
2026-04-28 14:58:33 [WS PROFILE] send_gcode_and_wait: 7.1 ms | SET_DUAL_CARRIAGE CARRIAGE=y2
2026-04-28 14:58:33 [WS PROFILE] select_carriage: 20.1 ms | 1 -> 2
2026-04-28 14:58:33 [WS PROFILE] is_toolhead_moving:get_velocity: 249.7 ms | carriage=2, v=0.0
2026-04-28 14:58:33 [WS PROFILE] is_toolhead_moving: 437.2 ms | moving=False
2026-04-28 14:58:33 [MOVE PROFILE] velocity settle loop took 437.8 ms (0 checks)
2026-04-28 14:58:33 [WS PROFILE] send_gcode_and_wait: 10.5 ms | SET_DUAL_CARRIAGE CARRIAGE=x
2026-04-28 14:58:33 [WS PROFILE] send_gcode_and_wait: 7.6 ms | SET_DUAL_CARRIAGE CARRIAGE=y
2026-04-28 14:58:33 [WS PROFILE] select_carriage: 19.6 ms | 2 -> 1
2026-04-28 14:58:33 [WS PROFILE] send_gcode_and_wait: 9.8 ms | SET_DUAL_CARRIAGE CARRIAGE=x2
2026-04-28 14:58:33 [WS PROFILE] send_gcode_and_wait: 6.4 ms | SET_DUAL_CARRIAGE CARRIAGE=y2
2026-04-28 14:58:33 [WS PROFILE] select_carriage: 17.7 ms | 1 -> 2
2026-04-28 14:58:34 [WS PROFILE] get_z_positions: 251.2 ms | z1=25.0, z2=19.29999999999999
2026-04-28 14:58:34 [WS PROFILE] get_position: 751.5 ms | x1=0.0 y1=0.5 z1=25.0 x2=711.31 y2=-13.4 z2=19.29999999999999
2026-04-28 14:58:34 [MOVE PROFILE] z convergence loop took 752.1 ms (1 checks)
2026-04-28 14:58:34 [WS PROFILE] send_gcode_and_wait: 10.6 ms | SET_DUAL_CARRIAGE CARRIAGE=x
2026-04-28 14:58:34 [WS PROFILE] send_gcode_and_wait: 7.8 ms | SET_DUAL_CARRIAGE CARRIAGE=y
2026-04-28 14:58:34 [WS PROFILE] select_carriage: 19.9 ms | 2 -> 1
2026-04-28 14:58:34 [WS PROFILE] send_gcode_and_wait: 9.4 ms | SET_DUAL_CARRIAGE CARRIAGE=x2
2026-04-28 14:58:34 [WS PROFILE] send_gcode_and_wait: 7.2 ms | SET_DUAL_CARRIAGE CARRIAGE=y2
2026-04-28 14:58:34 [WS PROFILE] select_carriage: 18.2 ms | 1 -> 2
2026-04-28 14:58:35 [WS PROFILE] get_z_positions: 249.5 ms | z1=25.0, z2=19.29999999999999
2026-04-28 14:58:35 [WS PROFILE] get_position: 750.3 ms | x1=0.0 y1=0.5 z1=25.0 x2=711.31 y2=-13.4 z2=19.29999999999999
2026-04-28 14:58:35 [MOVE PROFILE] verify_mov took 750.9 ms
2026-04-28 14:58:35 [MOVE PROFILE] total move() time 2297.1 ms
2026-04-28 14:58:35 [WS PROFILE] send_gcode_and_wait: 10.5 ms | SET_DUAL_CARRIAGE CARRIAGE=x2
2026-04-28 14:58:35 [WS PROFILE] send_gcode_and_wait: 7.0 ms | SET_DUAL_CARRIAGE CARRIAGE=y2
2026-04-28 14:58:35 [WS PROFILE] select_carriage: 19.0 ms | 2 -> 2
2026-04-28 14:58:35 [MOVE PROFILE] queue carriage2 cmd took 19.9 ms
2026-04-28 14:58:35 [WS PROFILE] send_gcode_and_wait: 316.7 ms | M400
2026-04-28 14:58:35 [WS PROFILE] wait_for_moves: 317.4 ms
2026-04-28 14:58:35 [MOVE PROFILE] wait_for_moves took 317.9 ms
2026-04-28 14:58:35 [WS PROFILE] send_gcode_and_wait: 11.6 ms | SET_DUAL_CARRIAGE CARRIAGE=x
2026-04-28 14:58:35 [WS PROFILE] send_gcode_and_wait: 6.9 ms | SET_DUAL_CARRIAGE CARRIAGE=y
2026-04-28 14:58:35 [WS PROFILE] select_carriage: 20.0 ms | 2 -> 1
2026-04-28 14:58:35 [WS PROFILE] is_toolhead_moving:get_velocity: 205.6 ms | carriage=1, v=0.0
2026-04-28 14:58:35 [WS PROFILE] send_gcode_and_wait: 11.2 ms | SET_DUAL_CARRIAGE CARRIAGE=x2
2026-04-28 14:58:35 [WS PROFILE] send_gcode_and_wait: 6.1 ms | SET_DUAL_CARRIAGE CARRIAGE=y2
2026-04-28 14:58:35 [WS PROFILE] select_carriage: 18.9 ms | 1 -> 2
2026-04-28 14:58:36 [WS PROFILE] is_toolhead_moving:get_velocity: 249.8 ms | carriage=2, v=0.0
2026-04-28 14:58:36 [WS PROFILE] is_toolhead_moving: 456.9 ms | moving=False
2026-04-28 14:58:36 [MOVE PROFILE] velocity settle loop took 457.4 ms (0 checks)
2026-04-28 14:58:36 [WS PROFILE] send_gcode_and_wait: 10.9 ms | SET_DUAL_CARRIAGE CARRIAGE=x
2026-04-28 14:58:36 [WS PROFILE] send_gcode_and_wait: 8.6 ms | SET_DUAL_CARRIAGE CARRIAGE=y
2026-04-28 14:58:36 [WS PROFILE] select_carriage: 21.0 ms | 2 -> 1
2026-04-28 14:58:36 [WS PROFILE] send_gcode_and_wait: 10.1 ms | SET_DUAL_CARRIAGE CARRIAGE=x2
2026-04-28 14:58:36 [WS PROFILE] send_gcode_and_wait: 6.7 ms | SET_DUAL_CARRIAGE CARRIAGE=y2
2026-04-28 14:58:36 [WS PROFILE] select_carriage: 18.2 ms | 1 -> 2
2026-04-28 14:58:36 [WS PROFILE] get_z_positions: 260.6 ms | z1=25.0, z2=19.39999999999999
2026-04-28 14:58:36 [WS PROFILE] get_position: 760.4 ms | x1=0.0 y1=0.5 z1=25.0 x2=711.31 y2=-13.4 z2=19.39999999999999
2026-04-28 14:58:36 [MOVE PROFILE] z convergence loop took 760.9 ms (1 checks)
2026-04-28 14:58:36 [WS PROFILE] send_gcode_and_wait: 10.6 ms | SET_DUAL_CARRIAGE CARRIAGE=x
2026-04-28 14:58:36 [WS PROFILE] send_gcode_and_wait: 7.1 ms | SET_DUAL_CARRIAGE CARRIAGE=y
2026-04-28 14:58:36 [WS PROFILE] select_carriage: 19.3 ms | 2 -> 1
2026-04-28 14:58:37 [WS PROFILE] send_gcode_and_wait: 9.4 ms | SET_DUAL_CARRIAGE CARRIAGE=x2
2026-04-28 14:58:37 [WS PROFILE] send_gcode_and_wait: 5.9 ms | SET_DUAL_CARRIAGE CARRIAGE=y2
2026-04-28 14:58:37 [WS PROFILE] select_carriage: 16.8 ms | 1 -> 2
2026-04-28 14:58:37 [WS PROFILE] get_z_positions: 251.0 ms | z1=25.0, z2=19.39999999999999
2026-04-28 14:58:37 [WS PROFILE] get_position: 742.0 ms | x1=0.0 y1=0.5 z1=25.0 x2=711.31 y2=-13.4 z2=19.39999999999999
2026-04-28 14:58:37 [MOVE PROFILE] verify_mov took 742.6 ms
2026-04-28 14:58:37 [MOVE PROFILE] total move() time 2302.6 ms
2026-04-28 14:58:37 [WS PROFILE] send_gcode_and_wait: 41.9 ms | SET_DUAL_CARRIAGE CARRIAGE=x2
2026-04-28 14:58:37 [WS PROFILE] send_gcode_and_wait: 7.3 ms | SET_DUAL_CARRIAGE CARRIAGE=y2
2026-04-28 14:58:37 [WS PROFILE] select_carriage: 50.8 ms | 2 -> 2
2026-04-28 14:58:37 [MOVE PROFILE] queue carriage2 cmd took 52.6 ms
2026-04-28 14:58:38 [WS PROFILE] send_gcode_and_wait: 320.1 ms | M400
2026-04-28 14:58:38 [WS PROFILE] wait_for_moves: 320.7 ms
2026-04-28 14:58:38 [MOVE PROFILE] wait_for_moves took 321.3 ms
2026-04-28 14:58:38 [WS PROFILE] send_gcode_and_wait: 9.6 ms | SET_DUAL_CARRIAGE CARRIAGE=x
2026-04-28 14:58:38 [WS PROFILE] send_gcode_and_wait: 7.3 ms | SET_DUAL_CARRIAGE CARRIAGE=y
2026-04-28 14:58:38 [WS PROFILE] select_carriage: 18.2 ms | 2 -> 1
2026-04-28 14:58:38 [WS PROFILE] is_toolhead_moving:get_velocity: 190.3 ms | carriage=1, v=0.0
2026-04-28 14:58:38 [WS PROFILE] send_gcode_and_wait: 10.9 ms | SET_DUAL_CARRIAGE CARRIAGE=x2
2026-04-28 14:58:38 [WS PROFILE] send_gcode_and_wait: 7.3 ms | SET_DUAL_CARRIAGE CARRIAGE=y2
2026-04-28 14:58:38 [WS PROFILE] select_carriage: 19.8 ms | 1 -> 2
2026-04-28 14:58:38 [WS PROFILE] is_toolhead_moving:get_velocity: 252.4 ms | carriage=2, v=0.0
2026-04-28 14:58:38 [WS PROFILE] is_toolhead_moving: 443.9 ms | moving=False
2026-04-28 14:58:38 [MOVE PROFILE] velocity settle loop took 444.5 ms (0 checks)
2026-04-28 14:58:38 [WS PROFILE] send_gcode_and_wait: 15.0 ms | SET_DUAL_CARRIAGE CARRIAGE=x
2026-04-28 14:58:38 [WS PROFILE] send_gcode_and_wait: 9.3 ms | SET_DUAL_CARRIAGE CARRIAGE=y
2026-04-28 14:58:38 [WS PROFILE] select_carriage: 26.0 ms | 2 -> 1
2026-04-28 14:58:38 [WS PROFILE] send_gcode_and_wait: 10.0 ms | SET_DUAL_CARRIAGE CARRIAGE=x2
2026-04-28 14:58:38 [WS PROFILE] send_gcode_and_wait: 6.5 ms | SET_DUAL_CARRIAGE CARRIAGE=y2
2026-04-28 14:58:38 [WS PROFILE] select_carriage: 18.0 ms | 1 -> 2
2026-04-28 14:58:39 [WS PROFILE] get_z_positions: 251.8 ms | z1=25.0, z2=19.499999999999993
2026-04-28 14:58:39 [WS PROFILE] get_position: 749.1 ms | x1=0.0 y1=0.5 z1=25.0 x2=711.31 y2=-13.4 z2=19.499999999999993
2026-04-28 14:58:39 [MOVE PROFILE] z convergence loop took 749.7 ms (1 checks)
2026-04-28 14:58:39 [WS PROFILE] send_gcode_and_wait: 10.4 ms | SET_DUAL_CARRIAGE CARRIAGE=x
2026-04-28 14:58:39 [WS PROFILE] send_gcode_and_wait: 9.6 ms | SET_DUAL_CARRIAGE CARRIAGE=y
2026-04-28 14:58:39 [WS PROFILE] select_carriage: 21.7 ms | 2 -> 1
2026-04-28 14:58:39 [WS PROFILE] send_gcode_and_wait: 10.2 ms | SET_DUAL_CARRIAGE CARRIAGE=x2
2026-04-28 14:58:39 [WS PROFILE] send_gcode_and_wait: 6.7 ms | SET_DUAL_CARRIAGE CARRIAGE=y2
2026-04-28 14:58:39 [WS PROFILE] select_carriage: 18.5 ms | 1 -> 2
2026-04-28 14:58:40 [WS PROFILE] get_z_positions: 249.9 ms | z1=25.0, z2=19.499999999999993
2026-04-28 14:58:40 [WS PROFILE] get_position: 749.9 ms | x1=0.0 y1=0.5 z1=25.0 x2=711.31 y2=-13.4 z2=19.499999999999993
2026-04-28 14:58:40 [MOVE PROFILE] verify_mov took 750.5 ms
2026-04-28 14:58:40 [MOVE PROFILE] total move() time 2321.8 ms
2026-04-28 14:58:40 [WS PROFILE] send_gcode_and_wait: 13.3 ms | SET_DUAL_CARRIAGE CARRIAGE=x2
2026-04-28 14:58:40 [WS PROFILE] send_gcode_and_wait: 5.7 ms | SET_DUAL_CARRIAGE CARRIAGE=y2
2026-04-28 14:58:40 [WS PROFILE] select_carriage: 20.2 ms | 2 -> 2
2026-04-28 14:58:40 [MOVE PROFILE] queue carriage2 cmd took 21.3 ms
2026-04-28 14:58:40 [WS PROFILE] send_gcode_and_wait: 315.6 ms | M400
2026-04-28 14:58:40 [WS PROFILE] wait_for_moves: 316.4 ms
2026-04-28 14:58:40 [MOVE PROFILE] wait_for_moves took 316.9 ms
2026-04-28 14:58:40 [WS PROFILE] send_gcode_and_wait: 10.7 ms | SET_DUAL_CARRIAGE CARRIAGE=x
2026-04-28 14:58:40 [WS PROFILE] send_gcode_and_wait: 8.6 ms | SET_DUAL_CARRIAGE CARRIAGE=y
2026-04-28 14:58:40 [WS PROFILE] select_carriage: 21.0 ms | 2 -> 1
2026-04-28 14:58:40 [WS PROFILE] is_toolhead_moving:get_velocity: 212.8 ms | carriage=1, v=0.0
2026-04-28 14:58:40 [WS PROFILE] send_gcode_and_wait: 10.3 ms | SET_DUAL_CARRIAGE CARRIAGE=x2
2026-04-28 14:58:40 [WS PROFILE] send_gcode_and_wait: 9.2 ms | SET_DUAL_CARRIAGE CARRIAGE=y2
2026-04-28 14:58:40 [WS PROFILE] select_carriage: 21.1 ms | 1 -> 2
2026-04-28 14:58:41 [WS PROFILE] is_toolhead_moving:get_velocity: 248.4 ms | carriage=2, v=0.0
2026-04-28 14:58:41 [WS PROFILE] is_toolhead_moving: 462.9 ms | moving=False
2026-04-28 14:58:41 [MOVE PROFILE] velocity settle loop took 463.5 ms (0 checks)
2026-04-28 14:58:41 [WS PROFILE] send_gcode_and_wait: 9.7 ms | SET_DUAL_CARRIAGE CARRIAGE=x
2026-04-28 14:58:41 [WS PROFILE] send_gcode_and_wait: 6.7 ms | SET_DUAL_CARRIAGE CARRIAGE=y
2026-04-28 14:58:41 [WS PROFILE] select_carriage: 17.7 ms | 2 -> 1
2026-04-28 14:58:41 [WS PROFILE] send_gcode_and_wait: 10.3 ms | SET_DUAL_CARRIAGE CARRIAGE=x2
2026-04-28 14:58:41 [WS PROFILE] send_gcode_and_wait: 7.7 ms | SET_DUAL_CARRIAGE CARRIAGE=y2
2026-04-28 14:58:41 [WS PROFILE] select_carriage: 19.9 ms | 1 -> 2
2026-04-28 14:58:41 [WS PROFILE] get_z_positions: 249.5 ms | z1=25.0, z2=19.599999999999994
2026-04-28 14:58:41 [WS PROFILE] get_position: 752.5 ms | x1=0.0 y1=0.5 z1=25.0 x2=711.31 y2=-13.4 z2=19.599999999999994
2026-04-28 14:58:41 [MOVE PROFILE] z convergence loop took 753.0 ms (1 checks)
2026-04-28 14:58:41 [WS PROFILE] send_gcode_and_wait: 10.0 ms | SET_DUAL_CARRIAGE CARRIAGE=x
2026-04-28 14:58:41 [WS PROFILE] send_gcode_and_wait: 7.0 ms | SET_DUAL_CARRIAGE CARRIAGE=y
2026-04-28 14:58:41 [WS PROFILE] select_carriage: 18.5 ms | 2 -> 1
2026-04-28 14:58:42 [WS PROFILE] send_gcode_and_wait: 11.0 ms | SET_DUAL_CARRIAGE CARRIAGE=x2
2026-04-28 14:58:42 [WS PROFILE] send_gcode_and_wait: 6.8 ms | SET_DUAL_CARRIAGE CARRIAGE=y2
2026-04-28 14:58:42 [WS PROFILE] select_carriage: 19.2 ms | 1 -> 2
2026-04-28 14:58:42 [WS PROFILE] get_z_positions: 251.0 ms | z1=25.0, z2=19.599999999999994
2026-04-28 14:58:42 [WS PROFILE] get_position: 752.2 ms | x1=0.0 y1=0.5 z1=25.0 x2=711.31 y2=-13.4 z2=19.599999999999994
2026-04-28 14:58:42 [MOVE PROFILE] verify_mov took 752.8 ms
2026-04-28 14:58:42 [MOVE PROFILE] total move() time 2310.9 ms
2026-04-28 14:58:42 [WS PROFILE] send_gcode_and_wait: 12.9 ms | SET_DUAL_CARRIAGE CARRIAGE=x2
2026-04-28 14:58:42 [WS PROFILE] send_gcode_and_wait: 6.1 ms | SET_DUAL_CARRIAGE CARRIAGE=y2
2026-04-28 14:58:42 [WS PROFILE] select_carriage: 20.5 ms | 2 -> 2
2026-04-28 14:58:42 [MOVE PROFILE] queue carriage2 cmd took 21.5 ms
2026-04-28 14:58:43 [WS PROFILE] send_gcode_and_wait: 312.2 ms | M400
2026-04-28 14:58:43 [WS PROFILE] wait_for_moves: 312.9 ms
2026-04-28 14:58:43 [MOVE PROFILE] wait_for_moves took 313.4 ms
2026-04-28 14:58:43 [WS PROFILE] send_gcode_and_wait: 9.5 ms | SET_DUAL_CARRIAGE CARRIAGE=x
2026-04-28 14:58:43 [WS PROFILE] send_gcode_and_wait: 7.2 ms | SET_DUAL_CARRIAGE CARRIAGE=y
2026-04-28 14:58:43 [WS PROFILE] select_carriage: 18.3 ms | 2 -> 1
2026-04-28 14:58:43 [WS PROFILE] is_toolhead_moving:get_velocity: 206.6 ms | carriage=1, v=0.0
2026-04-28 14:58:43 [WS PROFILE] send_gcode_and_wait: 10.3 ms | SET_DUAL_CARRIAGE CARRIAGE=x2
2026-04-28 14:58:43 [WS PROFILE] send_gcode_and_wait: 8.4 ms | SET_DUAL_CARRIAGE CARRIAGE=y2
2026-04-28 14:58:43 [WS PROFILE] select_carriage: 20.1 ms | 1 -> 2
2026-04-28 14:58:43 [WS PROFILE] is_toolhead_moving:get_velocity: 250.2 ms | carriage=2, v=0.0
2026-04-28 14:58:43 [WS PROFILE] is_toolhead_moving: 458.3 ms | moving=False
2026-04-28 14:58:43 [MOVE PROFILE] velocity settle loop took 459.1 ms (0 checks)
2026-04-28 14:58:43 [WS PROFILE] send_gcode_and_wait: 10.7 ms | SET_DUAL_CARRIAGE CARRIAGE=x
2026-04-28 14:58:43 [WS PROFILE] send_gcode_and_wait: 8.8 ms | SET_DUAL_CARRIAGE CARRIAGE=y
2026-04-28 14:58:43 [WS PROFILE] select_carriage: 22.3 ms | 2 -> 1
2026-04-28 14:58:43 [WS PROFILE] send_gcode_and_wait: 9.4 ms | SET_DUAL_CARRIAGE CARRIAGE=x2
2026-04-28 14:58:43 [WS PROFILE] send_gcode_and_wait: 6.3 ms | SET_DUAL_CARRIAGE CARRIAGE=y2
2026-04-28 14:58:43 [WS PROFILE] select_carriage: 17.1 ms | 1 -> 2
2026-04-28 14:58:44 [WS PROFILE] get_z_positions: 251.6 ms | z1=25.0, z2=19.699999999999996
2026-04-28 14:58:44 [WS PROFILE] get_position: 750.0 ms | x1=0.0 y1=0.5 z1=25.0 x2=711.31 y2=-13.4 z2=19.699999999999996
2026-04-28 14:58:44 [MOVE PROFILE] z convergence loop took 750.5 ms (1 checks)
2026-04-28 14:58:44 [WS PROFILE] send_gcode_and_wait: 11.5 ms | SET_DUAL_CARRIAGE CARRIAGE=x
2026-04-28 14:58:44 [WS PROFILE] send_gcode_and_wait: 7.3 ms | SET_DUAL_CARRIAGE CARRIAGE=y
2026-04-28 14:58:44 [WS PROFILE] select_carriage: 20.2 ms | 2 -> 1
2026-04-28 14:58:44 [WS PROFILE] send_gcode_and_wait: 10.9 ms | SET_DUAL_CARRIAGE CARRIAGE=x2
2026-04-28 14:58:44 [WS PROFILE] send_gcode_and_wait: 7.5 ms | SET_DUAL_CARRIAGE CARRIAGE=y2
2026-04-28 14:58:44 [WS PROFILE] select_carriage: 19.7 ms | 1 -> 2
2026-04-28 14:58:45 [WS PROFILE] get_z_positions: 256.4 ms | z1=25.0, z2=19.699999999999996
2026-04-28 14:58:45 [WS PROFILE] get_position: 755.4 ms | x1=0.0 y1=0.5 z1=25.0 x2=711.31 y2=-13.4 z2=19.699999999999996
2026-04-28 14:58:45 [MOVE PROFILE] verify_mov took 756.1 ms
2026-04-28 14:58:45 [MOVE PROFILE] total move() time 2304.9 ms
2026-04-28 14:58:45 [WS PROFILE] send_gcode_and_wait: 13.8 ms | SET_DUAL_CARRIAGE CARRIAGE=x2
2026-04-28 14:58:45 [WS PROFILE] send_gcode_and_wait: 11.1 ms | SET_DUAL_CARRIAGE CARRIAGE=y2
2026-04-28 14:58:45 [WS PROFILE] select_carriage: 26.5 ms | 2 -> 2
2026-04-28 14:58:45 [MOVE PROFILE] queue carriage2 cmd took 27.3 ms
2026-04-28 14:58:45 [WS PROFILE] send_gcode_and_wait: 317.6 ms | M400
2026-04-28 14:58:45 [WS PROFILE] wait_for_moves: 318.4 ms
2026-04-28 14:58:45 [MOVE PROFILE] wait_for_moves took 319.0 ms
2026-04-28 14:58:45 [WS PROFILE] send_gcode_and_wait: 12.1 ms | SET_DUAL_CARRIAGE CARRIAGE=x
2026-04-28 14:58:45 [WS PROFILE] send_gcode_and_wait: 7.4 ms | SET_DUAL_CARRIAGE CARRIAGE=y
2026-04-28 14:58:45 [WS PROFILE] select_carriage: 21.2 ms | 2 -> 1
2026-04-28 14:58:45 [WS PROFILE] is_toolhead_moving:get_velocity: 212.4 ms | carriage=1, v=0.0
2026-04-28 14:58:45 [WS PROFILE] send_gcode_and_wait: 12.1 ms | SET_DUAL_CARRIAGE CARRIAGE=x2
2026-04-28 14:58:45 [WS PROFILE] send_gcode_and_wait: 6.7 ms | SET_DUAL_CARRIAGE CARRIAGE=y2
2026-04-28 14:58:45 [WS PROFILE] select_carriage: 20.4 ms | 1 -> 2
2026-04-28 14:58:46 [WS PROFILE] is_toolhead_moving:get_velocity: 247.4 ms | carriage=2, v=0.0
2026-04-28 14:58:46 [WS PROFILE] is_toolhead_moving: 461.4 ms | moving=False
2026-04-28 14:58:46 [MOVE PROFILE] velocity settle loop took 461.9 ms (0 checks)
2026-04-28 14:58:46 [WS PROFILE] send_gcode_and_wait: 15.4 ms | SET_DUAL_CARRIAGE CARRIAGE=x
2026-04-28 14:58:46 [WS PROFILE] send_gcode_and_wait: 6.4 ms | SET_DUAL_CARRIAGE CARRIAGE=y
2026-04-28 14:58:46 [WS PROFILE] select_carriage: 23.4 ms | 2 -> 1
2026-04-28 14:58:46 [WS PROFILE] send_gcode_and_wait: 11.1 ms | SET_DUAL_CARRIAGE CARRIAGE=x2
2026-04-28 14:58:46 [WS PROFILE] send_gcode_and_wait: 12.8 ms | SET_DUAL_CARRIAGE CARRIAGE=y2
2026-04-28 14:58:46 [WS PROFILE] select_carriage: 25.3 ms | 1 -> 2
2026-04-28 14:58:46 [WS PROFILE] get_z_positions: 249.2 ms | z1=25.0, z2=19.799999999999997
2026-04-28 14:58:46 [WS PROFILE] get_position: 753.2 ms | x1=0.0 y1=0.5 z1=25.0 x2=711.31 y2=-13.4 z2=19.799999999999997
2026-04-28 14:58:46 [MOVE PROFILE] z convergence loop took 753.8 ms (1 checks)
2026-04-28 14:58:46 [WS PROFILE] send_gcode_and_wait: 19.6 ms | SET_DUAL_CARRIAGE CARRIAGE=x
2026-04-28 14:58:46 [WS PROFILE] send_gcode_and_wait: 6.9 ms | SET_DUAL_CARRIAGE CARRIAGE=y
2026-04-28 14:58:46 [WS PROFILE] select_carriage: 28.0 ms | 2 -> 1
2026-04-28 14:58:47 [WS PROFILE] send_gcode_and_wait: 15.8 ms | SET_DUAL_CARRIAGE CARRIAGE=x2
2026-04-28 14:58:47 [WS PROFILE] send_gcode_and_wait: 6.4 ms | SET_DUAL_CARRIAGE CARRIAGE=y2
2026-04-28 14:58:47 [WS PROFILE] select_carriage: 23.6 ms | 1 -> 2
2026-04-28 14:58:47 [WS PROFILE] get_z_positions: 251.2 ms | z1=25.0, z2=19.799999999999997
2026-04-28 14:58:47 [WS PROFILE] get_position: 751.4 ms | x1=0.0 y1=0.5 z1=25.0 x2=711.31 y2=-13.4 z2=19.799999999999997
2026-04-28 14:58:47 [MOVE PROFILE] verify_mov took 752.1 ms
2026-04-28 14:58:47 [MOVE PROFILE] total move() time 2316.9 ms
2026-04-28 14:58:47 [WS PROFILE] send_gcode_and_wait: 13.2 ms | SET_DUAL_CARRIAGE CARRIAGE=x2
2026-04-28 14:58:47 [WS PROFILE] send_gcode_and_wait: 6.1 ms | SET_DUAL_CARRIAGE CARRIAGE=y2
2026-04-28 14:58:47 [WS PROFILE] select_carriage: 21.1 ms | 2 -> 2
2026-04-28 14:58:47 [MOVE PROFILE] queue carriage2 cmd took 22.3 ms
2026-04-28 14:58:48 [WS PROFILE] send_gcode_and_wait: 316.6 ms | M400
2026-04-28 14:58:48 [WS PROFILE] wait_for_moves: 317.3 ms
2026-04-28 14:58:48 [MOVE PROFILE] wait_for_moves took 317.9 ms
2026-04-28 14:58:48 [WS PROFILE] send_gcode_and_wait: 15.2 ms | SET_DUAL_CARRIAGE CARRIAGE=x
2026-04-28 14:58:48 [WS PROFILE] send_gcode_and_wait: 7.0 ms | SET_DUAL_CARRIAGE CARRIAGE=y
2026-04-28 14:58:48 [WS PROFILE] select_carriage: 24.9 ms | 2 -> 1
2026-04-28 14:58:48 [WS PROFILE] is_toolhead_moving:get_velocity: 209.4 ms | carriage=1, v=0.0
2026-04-28 14:58:48 [WS PROFILE] send_gcode_and_wait: 12.2 ms | SET_DUAL_CARRIAGE CARRIAGE=x2
2026-04-28 14:58:48 [WS PROFILE] send_gcode_and_wait: 8.0 ms | SET_DUAL_CARRIAGE CARRIAGE=y2
2026-04-28 14:58:48 [WS PROFILE] select_carriage: 23.3 ms | 1 -> 2
2026-04-28 14:58:48 [WS PROFILE] is_toolhead_moving:get_velocity: 250.4 ms | carriage=2, v=0.0
2026-04-28 14:58:48 [WS PROFILE] is_toolhead_moving: 461.6 ms | moving=False
2026-04-28 14:58:48 [MOVE PROFILE] velocity settle loop took 462.1 ms (0 checks)
2026-04-28 14:58:48 [WS PROFILE] send_gcode_and_wait: 10.9 ms | SET_DUAL_CARRIAGE CARRIAGE=x
2026-04-28 14:58:48 [WS PROFILE] send_gcode_and_wait: 9.3 ms | SET_DUAL_CARRIAGE CARRIAGE=y
2026-04-28 14:58:48 [WS PROFILE] select_carriage: 22.3 ms | 2 -> 1
2026-04-28 14:58:48 [WS PROFILE] send_gcode_and_wait: 11.2 ms | SET_DUAL_CARRIAGE CARRIAGE=x2
2026-04-28 14:58:48 [WS PROFILE] send_gcode_and_wait: 7.5 ms | SET_DUAL_CARRIAGE CARRIAGE=y2
2026-04-28 14:58:48 [WS PROFILE] select_carriage: 20.3 ms | 1 -> 2
2026-04-28 14:58:49 [WS PROFILE] get_z_positions: 257.7 ms | z1=25.0, z2=19.9
2026-04-28 14:58:49 [WS PROFILE] get_position: 755.7 ms | x1=0.0 y1=0.5 z1=25.0 x2=711.31 y2=-13.4 z2=19.9
2026-04-28 14:58:49 [MOVE PROFILE] z convergence loop took 756.4 ms (1 checks)
2026-04-28 14:58:49 [WS PROFILE] send_gcode_and_wait: 10.5 ms | SET_DUAL_CARRIAGE CARRIAGE=x
2026-04-28 14:58:49 [WS PROFILE] send_gcode_and_wait: 7.9 ms | SET_DUAL_CARRIAGE CARRIAGE=y
2026-04-28 14:58:49 [WS PROFILE] select_carriage: 20.0 ms | 2 -> 1
2026-04-28 14:58:49 [WS PROFILE] send_gcode_and_wait: 12.1 ms | SET_DUAL_CARRIAGE CARRIAGE=x2
2026-04-28 14:58:49 [WS PROFILE] send_gcode_and_wait: 7.1 ms | SET_DUAL_CARRIAGE CARRIAGE=y2
2026-04-28 14:58:49 [WS PROFILE] select_carriage: 20.7 ms | 1 -> 2
2026-04-28 14:58:50 [WS PROFILE] get_z_positions: 255.3 ms | z1=25.0, z2=19.9
2026-04-28 14:58:50 [WS PROFILE] get_position: 751.4 ms | x1=0.0 y1=0.5 z1=25.0 x2=711.31 y2=-13.4 z2=19.9
2026-04-28 14:58:50 [MOVE PROFILE] verify_mov took 753.4 ms
2026-04-28 14:58:50 [MOVE PROFILE] total move() time 2316.7 ms
2026-04-28 14:58:50 [WS PROFILE] send_gcode_and_wait: 14.5 ms | SET_DUAL_CARRIAGE CARRIAGE=x2
2026-04-28 14:58:50 [WS PROFILE] send_gcode_and_wait: 6.6 ms | SET_DUAL_CARRIAGE CARRIAGE=y2
2026-04-28 14:58:50 [WS PROFILE] select_carriage: 23.8 ms | 2 -> 2
2026-04-28 14:58:50 [MOVE PROFILE] queue carriage2 cmd took 26.0 ms
2026-04-28 14:58:50 [WS PROFILE] send_gcode_and_wait: 316.7 ms | M400
2026-04-28 14:58:50 [WS PROFILE] wait_for_moves: 317.4 ms
2026-04-28 14:58:50 [MOVE PROFILE] wait_for_moves took 318.0 ms
2026-04-28 14:58:50 [WS PROFILE] send_gcode_and_wait: 10.2 ms | SET_DUAL_CARRIAGE CARRIAGE=x
2026-04-28 14:58:50 [WS PROFILE] send_gcode_and_wait: 7.1 ms | SET_DUAL_CARRIAGE CARRIAGE=y
2026-04-28 14:58:50 [WS PROFILE] select_carriage: 18.7 ms | 2 -> 1
2026-04-28 14:58:50 [WS PROFILE] is_toolhead_moving:get_velocity: 197.4 ms | carriage=1, v=0.0
2026-04-28 14:58:50 [WS PROFILE] send_gcode_and_wait: 11.9 ms | SET_DUAL_CARRIAGE CARRIAGE=x2
2026-04-28 14:58:50 [WS PROFILE] send_gcode_and_wait: 8.2 ms | SET_DUAL_CARRIAGE CARRIAGE=y2
2026-04-28 14:58:50 [WS PROFILE] select_carriage: 22.8 ms | 1 -> 2
2026-04-28 14:58:51 [WS PROFILE] is_toolhead_moving:get_velocity: 245.5 ms | carriage=2, v=0.0
2026-04-28 14:58:51 [WS PROFILE] is_toolhead_moving: 445.7 ms | moving=False
2026-04-28 14:58:51 [MOVE PROFILE] velocity settle loop took 446.3 ms (0 checks)
2026-04-28 14:58:51 [WS PROFILE] send_gcode_and_wait: 8.9 ms | SET_DUAL_CARRIAGE CARRIAGE=x
2026-04-28 14:58:51 [WS PROFILE] send_gcode_and_wait: 6.4 ms | SET_DUAL_CARRIAGE CARRIAGE=y
2026-04-28 14:58:51 [WS PROFILE] select_carriage: 17.1 ms | 2 -> 1
2026-04-28 14:58:51 [WS PROFILE] send_gcode_and_wait: 9.9 ms | SET_DUAL_CARRIAGE CARRIAGE=x2
2026-04-28 14:58:51 [WS PROFILE] send_gcode_and_wait: 6.8 ms | SET_DUAL_CARRIAGE CARRIAGE=y2
2026-04-28 14:58:51 [WS PROFILE] select_carriage: 18.3 ms | 1 -> 2
2026-04-28 14:58:51 [WS PROFILE] get_z_positions: 231.0 ms | z1=25.0, z2=20.0
2026-04-28 14:58:51 [WS PROFILE] get_position: 755.3 ms | x1=0.0 y1=0.5 z1=25.0 x2=711.31 y2=-13.4 z2=20.0
2026-04-28 14:58:51 [MOVE PROFILE] z convergence loop took 757.0 ms (1 checks)
2026-04-28 14:58:51 [WS PROFILE] send_gcode_and_wait: 11.0 ms | SET_DUAL_CARRIAGE CARRIAGE=x
2026-04-28 14:58:51 [WS PROFILE] send_gcode_and_wait: 7.7 ms | SET_DUAL_CARRIAGE CARRIAGE=y
2026-04-28 14:58:51 [WS PROFILE] select_carriage: 22.3 ms | 2 -> 1
2026-04-28 14:58:52 [WS PROFILE] send_gcode_and_wait: 9.9 ms | SET_DUAL_CARRIAGE CARRIAGE=x2
2026-04-28 14:58:52 [WS PROFILE] send_gcode_and_wait: 7.8 ms | SET_DUAL_CARRIAGE CARRIAGE=y2
2026-04-28 14:58:52 [WS PROFILE] select_carriage: 20.4 ms | 1 -> 2
2026-04-28 14:58:52 [WS PROFILE] get_z_positions: 250.4 ms | z1=25.0, z2=20.0
2026-04-28 14:58:52 [WS PROFILE] get_position: 747.6 ms | x1=0.0 y1=0.5 z1=25.0 x2=711.31 y2=-13.4 z2=20.0
2026-04-28 14:58:52 [MOVE PROFILE] verify_mov took 748.2 ms
2026-04-28 14:58:52 [MOVE PROFILE] total move() time 2300.8 ms
2026-04-28 14:58:52 [WS PROFILE] send_gcode_and_wait: 14.2 ms | SET_DUAL_CARRIAGE CARRIAGE=x2
2026-04-28 14:58:52 [WS PROFILE] send_gcode_and_wait: 8.4 ms | SET_DUAL_CARRIAGE CARRIAGE=y2
2026-04-28 14:58:52 [WS PROFILE] select_carriage: 24.7 ms | 2 -> 2
2026-04-28 14:58:52 [MOVE PROFILE] queue carriage2 cmd took 25.6 ms
2026-04-28 14:58:54 [WS PROFILE] send_gcode_and_wait: 1251.8 ms | M400
2026-04-28 14:58:54 [WS PROFILE] wait_for_moves: 1253.6 ms
2026-04-28 14:58:54 [MOVE PROFILE] wait_for_moves took 1255.2 ms
2026-04-28 14:58:54 [WS PROFILE] send_gcode_and_wait: 9.8 ms | SET_DUAL_CARRIAGE CARRIAGE=x
2026-04-28 14:58:54 [WS PROFILE] send_gcode_and_wait: 7.5 ms | SET_DUAL_CARRIAGE CARRIAGE=y
2026-04-28 14:58:54 [WS PROFILE] select_carriage: 20.6 ms | 2 -> 1
2026-04-28 14:58:54 [WS PROFILE] is_toolhead_moving:get_velocity: 283.4 ms | carriage=1, v=0.0
2026-04-28 14:58:54 [WS PROFILE] send_gcode_and_wait: 10.4 ms | SET_DUAL_CARRIAGE CARRIAGE=x2
2026-04-28 14:58:54 [WS PROFILE] send_gcode_and_wait: 6.5 ms | SET_DUAL_CARRIAGE CARRIAGE=y2
2026-04-28 14:58:54 [WS PROFILE] select_carriage: 18.6 ms | 1 -> 2
2026-04-28 14:58:54 [WS PROFILE] is_toolhead_moving:get_velocity: 250.4 ms | carriage=2, v=0.0
2026-04-28 14:58:54 [WS PROFILE] is_toolhead_moving: 535.2 ms | moving=False
2026-04-28 14:58:54 [MOVE PROFILE] velocity settle loop took 535.8 ms (0 checks)
2026-04-28 14:58:54 [WS PROFILE] send_gcode_and_wait: 10.4 ms | SET_DUAL_CARRIAGE CARRIAGE=x
2026-04-28 14:58:54 [WS PROFILE] send_gcode_and_wait: 7.7 ms | SET_DUAL_CARRIAGE CARRIAGE=y
2026-04-28 14:58:54 [WS PROFILE] select_carriage: 20.0 ms | 2 -> 1
2026-04-28 14:58:54 [WS PROFILE] send_gcode_and_wait: 10.0 ms | SET_DUAL_CARRIAGE CARRIAGE=x2
2026-04-28 14:58:54 [WS PROFILE] send_gcode_and_wait: 6.6 ms | SET_DUAL_CARRIAGE CARRIAGE=y2
2026-04-28 14:58:54 [WS PROFILE] select_carriage: 18.5 ms | 1 -> 2
2026-04-28 14:58:55 [WS PROFILE] get_z_positions: 251.6 ms | z1=25.0, z2=15.499999999999936
2026-04-28 14:58:55 [WS PROFILE] get_position: 750.5 ms | x1=0.0 y1=0.5 z1=25.0 x2=711.31 y2=-13.4 z2=15.499999999999936
2026-04-28 14:58:55 [MOVE PROFILE] z convergence loop took 751.1 ms (1 checks)
2026-04-28 14:58:55 [WS PROFILE] send_gcode_and_wait: 14.1 ms | SET_DUAL_CARRIAGE CARRIAGE=x
2026-04-28 14:58:55 [WS PROFILE] send_gcode_and_wait: 6.6 ms | SET_DUAL_CARRIAGE CARRIAGE=y
2026-04-28 14:58:55 [WS PROFILE] select_carriage: 22.5 ms | 2 -> 1
2026-04-28 14:58:55 [WS PROFILE] send_gcode_and_wait: 11.0 ms | SET_DUAL_CARRIAGE CARRIAGE=x2
2026-04-28 14:58:55 [WS PROFILE] send_gcode_and_wait: 6.1 ms | SET_DUAL_CARRIAGE CARRIAGE=y2
2026-04-28 14:58:55 [WS PROFILE] select_carriage: 18.7 ms | 1 -> 2
2026-04-28 14:58:56 [WS PROFILE] get_z_positions: 247.3 ms | z1=25.0, z2=15.499999999999936
2026-04-28 14:58:56 [WS PROFILE] get_position: 749.4 ms | x1=0.0 y1=0.5 z1=25.0 x2=711.31 y2=-13.4 z2=15.499999999999936
2026-04-28 14:58:56 [MOVE PROFILE] verify_mov took 751.3 ms
2026-04-28 14:58:56 [MOVE PROFILE] total move() time 3324.3 ms
2026-04-28 14:58:56 [WS PROFILE] send_gcode_and_wait: 9.2 ms | SET_DUAL_CARRIAGE CARRIAGE=x2
2026-04-28 14:58:56 [WS PROFILE] send_gcode_and_wait: 7.1 ms | SET_DUAL_CARRIAGE CARRIAGE=y2
2026-04-28 14:58:56 [WS PROFILE] select_carriage: 20.2 ms | 2 -> 2
2026-04-28 14:58:56 [MOVE PROFILE] queue carriage2 cmd took 23.4 ms
2026-04-28 14:58:56 [WS PROFILE] send_gcode_and_wait: 417.1 ms | M400
2026-04-28 14:58:56 [WS PROFILE] wait_for_moves: 418.7 ms
2026-04-28 14:58:56 [MOVE PROFILE] wait_for_moves took 420.5 ms
2026-04-28 14:58:56 [WS PROFILE] send_gcode_and_wait: 247.7 ms | SET_DUAL_CARRIAGE CARRIAGE=x
2026-04-28 14:58:56 [WS PROFILE] send_gcode_and_wait: 8.1 ms | SET_DUAL_CARRIAGE CARRIAGE=y
2026-04-28 14:58:56 [WS PROFILE] select_carriage: 260.0 ms | 2 -> 1
2026-04-28 14:58:56 [WS PROFILE] is_toolhead_moving:get_velocity: 296.5 ms | carriage=1, v=0.0
2026-04-28 14:58:56 [WS PROFILE] send_gcode_and_wait: 11.3 ms | SET_DUAL_CARRIAGE CARRIAGE=x2
2026-04-28 14:58:56 [WS PROFILE] send_gcode_and_wait: 7.3 ms | SET_DUAL_CARRIAGE CARRIAGE=y2
2026-04-28 14:58:56 [WS PROFILE] select_carriage: 20.3 ms | 1 -> 2
2026-04-28 14:58:57 [WS PROFILE] is_toolhead_moving:get_velocity: 247.0 ms | carriage=2, v=0.0
2026-04-28 14:58:57 [WS PROFILE] is_toolhead_moving: 548.8 ms | moving=False
2026-04-28 14:58:57 [MOVE PROFILE] velocity settle loop took 550.4 ms (0 checks)
2026-04-28 14:58:57 [WS PROFILE] send_gcode_and_wait: 9.8 ms | SET_DUAL_CARRIAGE CARRIAGE=x
2026-04-28 14:58:57 [WS PROFILE] send_gcode_and_wait: 6.6 ms | SET_DUAL_CARRIAGE CARRIAGE=y
2026-04-28 14:58:57 [WS PROFILE] select_carriage: 17.9 ms | 2 -> 1
2026-04-28 14:58:57 [WS PROFILE] send_gcode_and_wait: 10.4 ms | SET_DUAL_CARRIAGE CARRIAGE=x2
2026-04-28 14:58:57 [WS PROFILE] send_gcode_and_wait: 6.9 ms | SET_DUAL_CARRIAGE CARRIAGE=y2
2026-04-28 14:58:57 [WS PROFILE] select_carriage: 18.9 ms | 1 -> 2
2026-04-28 14:58:57 [WS PROFILE] get_z_positions: 249.8 ms | z1=25.0, z2=15.39999999999994
2026-04-28 14:58:57 [WS PROFILE] get_position: 752.3 ms | x1=0.0 y1=0.5 z1=25.0 x2=711.31 y2=-13.4 z2=15.39999999999994
2026-04-28 14:58:57 [MOVE PROFILE] z convergence loop took 755.5 ms (1 checks)
2026-04-28 14:58:57 [WS PROFILE] send_gcode_and_wait: 10.9 ms | SET_DUAL_CARRIAGE CARRIAGE=x
2026-04-28 14:58:57 [WS PROFILE] send_gcode_and_wait: 16.4 ms | SET_DUAL_CARRIAGE CARRIAGE=y
2026-04-28 14:58:57 [WS PROFILE] select_carriage: 29.6 ms | 2 -> 1
2026-04-28 14:58:58 [WS PROFILE] send_gcode_and_wait: 11.7 ms | SET_DUAL_CARRIAGE CARRIAGE=x2
2026-04-28 14:58:58 [WS PROFILE] send_gcode_and_wait: 6.6 ms | SET_DUAL_CARRIAGE CARRIAGE=y2
2026-04-28 14:58:58 [WS PROFILE] select_carriage: 20.2 ms | 1 -> 2
2026-04-28 14:58:58 [WS PROFILE] get_z_positions: 249.6 ms | z1=25.0, z2=15.39999999999994
2026-04-28 14:58:58 [WS PROFILE] get_position: 746.0 ms | x1=0.0 y1=0.5 z1=25.0 x2=711.31 y2=-13.4 z2=15.39999999999994
2026-04-28 14:58:58 [MOVE PROFILE] verify_mov took 746.6 ms
2026-04-28 14:58:58 [MOVE PROFILE] total move() time 2503.7 ms
2026-04-28 14:58:58 [WS PROFILE] send_gcode_and_wait: 13.8 ms | SET_DUAL_CARRIAGE CARRIAGE=x2
2026-04-28 14:58:58 [WS PROFILE] send_gcode_and_wait: 6.9 ms | SET_DUAL_CARRIAGE CARRIAGE=y2
2026-04-28 14:58:58 [WS PROFILE] select_carriage: 22.7 ms | 2 -> 2
2026-04-28 14:58:58 [MOVE PROFILE] queue carriage2 cmd took 23.8 ms
2026-04-28 14:58:59 [WS PROFILE] send_gcode_and_wait: 314.3 ms | M400
2026-04-28 14:58:59 [WS PROFILE] wait_for_moves: 315.1 ms
2026-04-28 14:58:59 [MOVE PROFILE] wait_for_moves took 315.7 ms
2026-04-28 14:58:59 [WS PROFILE] send_gcode_and_wait: 9.0 ms | SET_DUAL_CARRIAGE CARRIAGE=x
2026-04-28 14:58:59 [WS PROFILE] send_gcode_and_wait: 6.7 ms | SET_DUAL_CARRIAGE CARRIAGE=y
2026-04-28 14:58:59 [WS PROFILE] select_carriage: 17.6 ms | 2 -> 1
2026-04-28 14:58:59 [WS PROFILE] is_toolhead_moving:get_velocity: 245.7 ms | carriage=1, v=0.0
2026-04-28 14:58:59 [WS PROFILE] send_gcode_and_wait: 10.6 ms | SET_DUAL_CARRIAGE CARRIAGE=x2
2026-04-28 14:58:59 [WS PROFILE] send_gcode_and_wait: 7.9 ms | SET_DUAL_CARRIAGE CARRIAGE=y2
2026-04-28 14:58:59 [WS PROFILE] select_carriage: 20.2 ms | 1 -> 2
2026-04-28 14:58:59 [WS PROFILE] is_toolhead_moving:get_velocity: 249.4 ms | carriage=2, v=0.0
2026-04-28 14:58:59 [WS PROFILE] is_toolhead_moving: 496.7 ms | moving=False
2026-04-28 14:58:59 [MOVE PROFILE] velocity settle loop took 497.3 ms (0 checks)
2026-04-28 14:58:59 [WS PROFILE] send_gcode_and_wait: 10.6 ms | SET_DUAL_CARRIAGE CARRIAGE=x
2026-04-28 14:58:59 [WS PROFILE] send_gcode_and_wait: 7.1 ms | SET_DUAL_CARRIAGE CARRIAGE=y
2026-04-28 14:58:59 [WS PROFILE] select_carriage: 19.4 ms | 2 -> 1
2026-04-28 14:58:59 [WS PROFILE] send_gcode_and_wait: 10.4 ms | SET_DUAL_CARRIAGE CARRIAGE=x2
2026-04-28 14:58:59 [WS PROFILE] send_gcode_and_wait: 6.3 ms | SET_DUAL_CARRIAGE CARRIAGE=y2
2026-04-28 14:58:59 [WS PROFILE] select_carriage: 18.6 ms | 1 -> 2
2026-04-28 14:59:00 [WS PROFILE] get_z_positions: 251.5 ms | z1=25.0, z2=15.40999999999994
2026-04-28 14:59:00 [WS PROFILE] get_position: 749.5 ms | x1=0.0 y1=0.5 z1=25.0 x2=711.31 y2=-13.4 z2=15.40999999999994
2026-04-28 14:59:00 [MOVE PROFILE] z convergence loop took 750.1 ms (1 checks)
2026-04-28 14:59:00 [WS PROFILE] send_gcode_and_wait: 11.2 ms | SET_DUAL_CARRIAGE CARRIAGE=x
2026-04-28 14:59:00 [WS PROFILE] send_gcode_and_wait: 7.5 ms | SET_DUAL_CARRIAGE CARRIAGE=y
2026-04-28 14:59:00 [WS PROFILE] select_carriage: 20.4 ms | 2 -> 1
2026-04-28 14:59:00 [WS PROFILE] send_gcode_and_wait: 15.9 ms | SET_DUAL_CARRIAGE CARRIAGE=x2
2026-04-28 14:59:00 [WS PROFILE] send_gcode_and_wait: 6.9 ms | SET_DUAL_CARRIAGE CARRIAGE=y2
2026-04-28 14:59:00 [WS PROFILE] select_carriage: 24.5 ms | 1 -> 2
2026-04-28 14:59:01 [WS PROFILE] get_z_positions: 246.8 ms | z1=25.0, z2=15.40999999999994
2026-04-28 14:59:01 [WS PROFILE] get_position: 746.2 ms | x1=0.0 y1=0.5 z1=25.0 x2=711.31 y2=-13.4 z2=15.40999999999994
2026-04-28 14:59:01 [MOVE PROFILE] verify_mov took 747.3 ms
2026-04-28 14:59:01 [MOVE PROFILE] total move() time 2338.3 ms
2026-04-28 14:59:01 [WS PROFILE] send_gcode_and_wait: 9.6 ms | SET_DUAL_CARRIAGE CARRIAGE=x2
2026-04-28 14:59:01 [WS PROFILE] send_gcode_and_wait: 6.5 ms | SET_DUAL_CARRIAGE CARRIAGE=y2
2026-04-28 14:59:01 [WS PROFILE] select_carriage: 17.7 ms | 2 -> 2
2026-04-28 14:59:01 [MOVE PROFILE] queue carriage2 cmd took 18.8 ms
2026-04-28 14:59:01 [WS PROFILE] send_gcode_and_wait: 314.0 ms | M400
2026-04-28 14:59:01 [WS PROFILE] wait_for_moves: 315.0 ms
2026-04-28 14:59:01 [MOVE PROFILE] wait_for_moves took 315.8 ms
2026-04-28 14:59:01 [WS PROFILE] send_gcode_and_wait: 10.4 ms | SET_DUAL_CARRIAGE CARRIAGE=x
2026-04-28 14:59:01 [WS PROFILE] send_gcode_and_wait: 7.1 ms | SET_DUAL_CARRIAGE CARRIAGE=y
2026-04-28 14:59:01 [WS PROFILE] select_carriage: 19.6 ms | 2 -> 1
2026-04-28 14:59:01 [WS PROFILE] is_toolhead_moving:get_velocity: 232.4 ms | carriage=1, v=0.0
2026-04-28 14:59:01 [WS PROFILE] send_gcode_and_wait: 10.6 ms | SET_DUAL_CARRIAGE CARRIAGE=x2
2026-04-28 14:59:01 [WS PROFILE] send_gcode_and_wait: 7.6 ms | SET_DUAL_CARRIAGE CARRIAGE=y2
2026-04-28 14:59:01 [WS PROFILE] select_carriage: 20.1 ms | 1 -> 2
2026-04-28 14:59:02 [WS PROFILE] is_toolhead_moving:get_velocity: 250.1 ms | carriage=2, v=0.0
2026-04-28 14:59:02 [WS PROFILE] is_toolhead_moving: 484.4 ms | moving=False
2026-04-28 14:59:02 [MOVE PROFILE] velocity settle loop took 485.0 ms (0 checks)
2026-04-28 14:59:02 [WS PROFILE] send_gcode_and_wait: 9.5 ms | SET_DUAL_CARRIAGE CARRIAGE=x
2026-04-28 14:59:02 [WS PROFILE] send_gcode_and_wait: 7.1 ms | SET_DUAL_CARRIAGE CARRIAGE=y
2026-04-28 14:59:02 [WS PROFILE] select_carriage: 18.3 ms | 2 -> 1
2026-04-28 14:59:02 [WS PROFILE] send_gcode_and_wait: 9.9 ms | SET_DUAL_CARRIAGE CARRIAGE=x2
2026-04-28 14:59:02 [WS PROFILE] send_gcode_and_wait: 6.6 ms | SET_DUAL_CARRIAGE CARRIAGE=y2
2026-04-28 14:59:02 [WS PROFILE] select_carriage: 18.1 ms | 1 -> 2
2026-04-28 14:59:02 [WS PROFILE] get_z_positions: 250.7 ms | z1=25.0, z2=15.41999999999994
2026-04-28 14:59:02 [WS PROFILE] get_position: 752.3 ms | x1=0.0 y1=0.5 z1=25.0 x2=711.31 y2=-13.4 z2=15.41999999999994
2026-04-28 14:59:02 [MOVE PROFILE] z convergence loop took 753.8 ms (1 checks)
2026-04-28 14:59:02 [WS PROFILE] send_gcode_and_wait: 10.6 ms | SET_DUAL_CARRIAGE CARRIAGE=x
2026-04-28 14:59:02 [WS PROFILE] send_gcode_and_wait: 7.4 ms | SET_DUAL_CARRIAGE CARRIAGE=y
2026-04-28 14:59:02 [WS PROFILE] select_carriage: 21.6 ms | 2 -> 1
2026-04-28 14:59:03 [WS PROFILE] send_gcode_and_wait: 9.3 ms | SET_DUAL_CARRIAGE CARRIAGE=x2
2026-04-28 14:59:03 [WS PROFILE] send_gcode_and_wait: 7.2 ms | SET_DUAL_CARRIAGE CARRIAGE=y2
2026-04-28 14:59:03 [WS PROFILE] select_carriage: 18.8 ms | 1 -> 2
2026-04-28 14:59:03 [WS PROFILE] get_z_positions: 251.4 ms | z1=25.0, z2=15.41999999999994
2026-04-28 14:59:03 [WS PROFILE] get_position: 747.2 ms | x1=0.0 y1=0.5 z1=25.0 x2=711.31 y2=-13.4 z2=15.41999999999994
2026-04-28 14:59:03 [MOVE PROFILE] verify_mov took 748.0 ms
2026-04-28 14:59:03 [MOVE PROFILE] total move() time 2325.6 ms
2026-04-28 14:59:03 [WS PROFILE] send_gcode_and_wait: 12.7 ms | SET_DUAL_CARRIAGE CARRIAGE=x2
2026-04-28 14:59:03 [WS PROFILE] send_gcode_and_wait: 6.7 ms | SET_DUAL_CARRIAGE CARRIAGE=y2
2026-04-28 14:59:03 [WS PROFILE] select_carriage: 21.0 ms | 2 -> 2
2026-04-28 14:59:03 [MOVE PROFILE] queue carriage2 cmd took 21.6 ms
2026-04-28 14:59:04 [WS PROFILE] send_gcode_and_wait: 313.5 ms | M400
2026-04-28 14:59:04 [WS PROFILE] wait_for_moves: 314.4 ms
2026-04-28 14:59:04 [MOVE PROFILE] wait_for_moves took 315.0 ms
2026-04-28 14:59:04 [WS PROFILE] send_gcode_and_wait: 10.6 ms | SET_DUAL_CARRIAGE CARRIAGE=x
2026-04-28 14:59:04 [WS PROFILE] send_gcode_and_wait: 7.8 ms | SET_DUAL_CARRIAGE CARRIAGE=y
2026-04-28 14:59:04 [WS PROFILE] select_carriage: 20.1 ms | 2 -> 1
2026-04-28 14:59:04 [WS PROFILE] is_toolhead_moving:get_velocity: 215.6 ms | carriage=1, v=0.0
2026-04-28 14:59:04 [WS PROFILE] send_gcode_and_wait: 12.2 ms | SET_DUAL_CARRIAGE CARRIAGE=x2
2026-04-28 14:59:04 [WS PROFILE] send_gcode_and_wait: 7.0 ms | SET_DUAL_CARRIAGE CARRIAGE=y2
2026-04-28 14:59:04 [WS PROFILE] select_carriage: 20.9 ms | 1 -> 2
2026-04-28 14:59:04 [WS PROFILE] is_toolhead_moving:get_velocity: 250.6 ms | carriage=2, v=0.0
2026-04-28 14:59:04 [WS PROFILE] is_toolhead_moving: 468.0 ms | moving=False
2026-04-28 14:59:04 [MOVE PROFILE] velocity settle loop took 468.7 ms (0 checks)
2026-04-28 14:59:04 [WS PROFILE] send_gcode_and_wait: 10.4 ms | SET_DUAL_CARRIAGE CARRIAGE=x
2026-04-28 14:59:04 [WS PROFILE] send_gcode_and_wait: 10.4 ms | SET_DUAL_CARRIAGE CARRIAGE=y
2026-04-28 14:59:04 [WS PROFILE] select_carriage: 22.7 ms | 2 -> 1
2026-04-28 14:59:04 [WS PROFILE] send_gcode_and_wait: 9.3 ms | SET_DUAL_CARRIAGE CARRIAGE=x2
2026-04-28 14:59:04 [WS PROFILE] send_gcode_and_wait: 7.0 ms | SET_DUAL_CARRIAGE CARRIAGE=y2
2026-04-28 14:59:04 [WS PROFILE] select_carriage: 18.0 ms | 1 -> 2
2026-04-28 14:59:05 [WS PROFILE] get_z_positions: 250.5 ms | z1=25.0, z2=15.42999999999994
2026-04-28 14:59:05 [WS PROFILE] get_position: 750.7 ms | x1=0.0 y1=0.5 z1=25.0 x2=711.31 y2=-13.4 z2=15.42999999999994
2026-04-28 14:59:05 [MOVE PROFILE] z convergence loop took 751.3 ms (1 checks)
2026-04-28 14:59:05 [WS PROFILE] send_gcode_and_wait: 11.0 ms | SET_DUAL_CARRIAGE CARRIAGE=x
2026-04-28 14:59:05 [WS PROFILE] send_gcode_and_wait: 7.0 ms | SET_DUAL_CARRIAGE CARRIAGE=y
2026-04-28 14:59:05 [WS PROFILE] select_carriage: 19.7 ms | 2 -> 1
2026-04-28 14:59:05 [WS PROFILE] send_gcode_and_wait: 9.4 ms | SET_DUAL_CARRIAGE CARRIAGE=x2
2026-04-28 14:59:05 [WS PROFILE] send_gcode_and_wait: 6.5 ms | SET_DUAL_CARRIAGE CARRIAGE=y2
2026-04-28 14:59:05 [WS PROFILE] select_carriage: 17.4 ms | 1 -> 2
2026-04-28 14:59:06 [WS PROFILE] get_z_positions: 249.3 ms | z1=25.0, z2=15.42999999999994
2026-04-28 14:59:06 [WS PROFILE] get_position: 749.8 ms | x1=0.0 y1=0.5 z1=25.0 x2=711.31 y2=-13.4 z2=15.42999999999994
2026-04-28 14:59:06 [MOVE PROFILE] verify_mov took 750.9 ms
2026-04-28 14:59:06 [MOVE PROFILE] total move() time 2311.3 ms
2026-04-28 14:59:06 [WS PROFILE] send_gcode_and_wait: 13.1 ms | SET_DUAL_CARRIAGE CARRIAGE=x2
2026-04-28 14:59:06 [WS PROFILE] send_gcode_and_wait: 6.3 ms | SET_DUAL_CARRIAGE CARRIAGE=y2
2026-04-28 14:59:06 [WS PROFILE] select_carriage: 20.8 ms | 2 -> 2
2026-04-28 14:59:06 [MOVE PROFILE] queue carriage2 cmd took 22.3 ms
2026-04-28 14:59:06 [WS PROFILE] send_gcode_and_wait: 375.3 ms | M400
2026-04-28 14:59:06 [WS PROFILE] wait_for_moves: 376.7 ms
2026-04-28 14:59:06 [MOVE PROFILE] wait_for_moves took 377.9 ms
2026-04-28 14:59:06 [WS PROFILE] send_gcode_and_wait: 10.9 ms | SET_DUAL_CARRIAGE CARRIAGE=x
2026-04-28 14:59:06 [WS PROFILE] send_gcode_and_wait: 27.4 ms | SET_DUAL_CARRIAGE CARRIAGE=y
2026-04-28 14:59:06 [WS PROFILE] select_carriage: 45.9 ms | 2 -> 1
2026-04-28 14:59:06 [WS PROFILE] is_toolhead_moving:get_velocity: 155.4 ms | carriage=1, v=0.0
2026-04-28 14:59:06 [WS PROFILE] send_gcode_and_wait: 10.7 ms | SET_DUAL_CARRIAGE CARRIAGE=x2
2026-04-28 14:59:06 [WS PROFILE] send_gcode_and_wait: 6.8 ms | SET_DUAL_CARRIAGE CARRIAGE=y2
2026-04-28 14:59:06 [WS PROFILE] select_carriage: 19.0 ms | 1 -> 2
2026-04-28 14:59:07 [WS PROFILE] is_toolhead_moving:get_velocity: 249.8 ms | carriage=2, v=0.0
2026-04-28 14:59:07 [WS PROFILE] is_toolhead_moving: 406.8 ms | moving=False
2026-04-28 14:59:07 [MOVE PROFILE] velocity settle loop took 407.4 ms (0 checks)
2026-04-28 14:59:07 [WS PROFILE] send_gcode_and_wait: 12.0 ms | SET_DUAL_CARRIAGE CARRIAGE=x
2026-04-28 14:59:07 [WS PROFILE] send_gcode_and_wait: 6.3 ms | SET_DUAL_CARRIAGE CARRIAGE=y
2026-04-28 14:59:07 [WS PROFILE] select_carriage: 19.8 ms | 2 -> 1
2026-04-28 14:59:07 [WS PROFILE] send_gcode_and_wait: 233.5 ms | SET_DUAL_CARRIAGE CARRIAGE=x2
2026-04-28 14:59:07 [WS PROFILE] send_gcode_and_wait: 7.7 ms | SET_DUAL_CARRIAGE CARRIAGE=y2
2026-04-28 14:59:07 [WS PROFILE] select_carriage: 243.3 ms | 1 -> 2
2026-04-28 14:59:08 [WS PROFILE] get_z_positions: 251.0 ms | z1=25.0, z2=15.439999999999939
2026-04-28 14:59:08 [WS PROFILE] get_position: 1002.7 ms | x1=0.0 y1=0.5 z1=25.0 x2=711.31 y2=-13.4 z2=15.439999999999939
2026-04-28 14:59:08 [MOVE PROFILE] z convergence loop took 1004.5 ms (1 checks)
2026-04-28 14:59:08 [WS PROFILE] send_gcode_and_wait: 9.4 ms | SET_DUAL_CARRIAGE CARRIAGE=x
2026-04-28 14:59:08 [WS PROFILE] send_gcode_and_wait: 6.7 ms | SET_DUAL_CARRIAGE CARRIAGE=y
2026-04-28 14:59:08 [WS PROFILE] select_carriage: 20.0 ms | 2 -> 1
2026-04-28 14:59:08 [WS PROFILE] send_gcode_and_wait: 10.5 ms | SET_DUAL_CARRIAGE CARRIAGE=x2
2026-04-28 14:59:08 [WS PROFILE] send_gcode_and_wait: 6.7 ms | SET_DUAL_CARRIAGE CARRIAGE=y2
2026-04-28 14:59:08 [WS PROFILE] select_carriage: 18.4 ms | 1 -> 2
2026-04-28 14:59:08 [WS PROFILE] get_z_positions: 250.2 ms | z1=25.0, z2=15.439999999999939
2026-04-28 14:59:08 [WS PROFILE] get_position: 748.1 ms | x1=0.0 y1=0.5 z1=25.0 x2=711.31 y2=-13.4 z2=15.439999999999939
2026-04-28 14:59:08 [MOVE PROFILE] verify_mov took 749.3 ms
2026-04-28 14:59:08 [MOVE PROFILE] total move() time 2568.4 ms
2026-04-28 14:59:09 [WS PROFILE] send_gcode_and_wait: 12.2 ms | SET_DUAL_CARRIAGE CARRIAGE=x2
2026-04-28 14:59:09 [WS PROFILE] send_gcode_and_wait: 6.8 ms | SET_DUAL_CARRIAGE CARRIAGE=y2
2026-04-28 14:59:09 [WS PROFILE] select_carriage: 20.6 ms | 2 -> 2
2026-04-28 14:59:09 [MOVE PROFILE] queue carriage2 cmd took 21.8 ms
2026-04-28 14:59:09 [WS PROFILE] send_gcode_and_wait: 314.3 ms | M400
2026-04-28 14:59:09 [WS PROFILE] wait_for_moves: 315.1 ms
2026-04-28 14:59:09 [MOVE PROFILE] wait_for_moves took 315.7 ms
2026-04-28 14:59:09 [WS PROFILE] send_gcode_and_wait: 12.7 ms | SET_DUAL_CARRIAGE CARRIAGE=x
2026-04-28 14:59:09 [WS PROFILE] send_gcode_and_wait: 6.7 ms | SET_DUAL_CARRIAGE CARRIAGE=y
2026-04-28 14:59:09 [WS PROFILE] select_carriage: 21.5 ms | 2 -> 1
2026-04-28 14:59:09 [WS PROFILE] is_toolhead_moving:get_velocity: 231.6 ms | carriage=1, v=0.0
2026-04-28 14:59:09 [WS PROFILE] send_gcode_and_wait: 10.3 ms | SET_DUAL_CARRIAGE CARRIAGE=x2
2026-04-28 14:59:09 [WS PROFILE] send_gcode_and_wait: 7.9 ms | SET_DUAL_CARRIAGE CARRIAGE=y2
2026-04-28 14:59:09 [WS PROFILE] select_carriage: 19.7 ms | 1 -> 2
2026-04-28 14:59:09 [WS PROFILE] is_toolhead_moving:get_velocity: 249.0 ms | carriage=2, v=0.0
2026-04-28 14:59:09 [WS PROFILE] is_toolhead_moving: 483.2 ms | moving=False
2026-04-28 14:59:09 [MOVE PROFILE] velocity settle loop took 484.9 ms (0 checks)
2026-04-28 14:59:09 [WS PROFILE] send_gcode_and_wait: 10.4 ms | SET_DUAL_CARRIAGE CARRIAGE=x
2026-04-28 14:59:09 [WS PROFILE] send_gcode_and_wait: 8.4 ms | SET_DUAL_CARRIAGE CARRIAGE=y
2026-04-28 14:59:09 [WS PROFILE] select_carriage: 21.0 ms | 2 -> 1
2026-04-28 14:59:10 [WS PROFILE] send_gcode_and_wait: 11.8 ms | SET_DUAL_CARRIAGE CARRIAGE=x2
2026-04-28 14:59:10 [WS PROFILE] send_gcode_and_wait: 7.1 ms | SET_DUAL_CARRIAGE CARRIAGE=y2
2026-04-28 14:59:10 [WS PROFILE] select_carriage: 21.4 ms | 1 -> 2
2026-04-28 14:59:10 [WS PROFILE] get_z_positions: 254.9 ms | z1=25.0, z2=15.449999999999939
2026-04-28 14:59:10 [WS PROFILE] get_position: 752.2 ms | x1=0.0 y1=0.5 z1=25.0 x2=711.31 y2=-13.4 z2=15.449999999999939
2026-04-28 14:59:10 [MOVE PROFILE] z convergence loop took 753.3 ms (1 checks)
2026-04-28 14:59:10 [WS PROFILE] send_gcode_and_wait: 10.7 ms | SET_DUAL_CARRIAGE CARRIAGE=x
2026-04-28 14:59:10 [WS PROFILE] send_gcode_and_wait: 7.3 ms | SET_DUAL_CARRIAGE CARRIAGE=y
2026-04-28 14:59:10 [WS PROFILE] select_carriage: 19.7 ms | 2 -> 1
2026-04-28 14:59:10 [WS PROFILE] send_gcode_and_wait: 10.7 ms | SET_DUAL_CARRIAGE CARRIAGE=x2
2026-04-28 14:59:10 [WS PROFILE] send_gcode_and_wait: 6.9 ms | SET_DUAL_CARRIAGE CARRIAGE=y2
2026-04-28 14:59:10 [WS PROFILE] select_carriage: 19.4 ms | 1 -> 2
2026-04-28 14:59:11 [WS PROFILE] get_z_positions: 250.8 ms | z1=25.0, z2=15.449999999999939
2026-04-28 14:59:11 [WS PROFILE] get_position: 743.6 ms | x1=0.0 y1=0.5 z1=25.0 x2=711.31 y2=-13.4 z2=15.449999999999939
2026-04-28 14:59:11 [MOVE PROFILE] verify_mov took 744.2 ms
2026-04-28 14:59:11 [MOVE PROFILE] total move() time 2325.0 ms
2026-04-28 14:59:11 [WS PROFILE] send_gcode_and_wait: 13.7 ms | SET_DUAL_CARRIAGE CARRIAGE=x2
2026-04-28 14:59:11 [WS PROFILE] send_gcode_and_wait: 6.5 ms | SET_DUAL_CARRIAGE CARRIAGE=y2
2026-04-28 14:59:11 [WS PROFILE] select_carriage: 22.1 ms | 2 -> 2
2026-04-28 14:59:11 [MOVE PROFILE] queue carriage2 cmd took 23.2 ms
2026-04-28 14:59:11 [WS PROFILE] send_gcode_and_wait: 313.6 ms | M400
2026-04-28 14:59:11 [WS PROFILE] wait_for_moves: 314.8 ms
2026-04-28 14:59:11 [MOVE PROFILE] wait_for_moves took 315.9 ms
2026-04-28 14:59:11 [WS PROFILE] send_gcode_and_wait: 9.6 ms | SET_DUAL_CARRIAGE CARRIAGE=x
2026-04-28 14:59:11 [WS PROFILE] send_gcode_and_wait: 6.7 ms | SET_DUAL_CARRIAGE CARRIAGE=y
2026-04-28 14:59:11 [WS PROFILE] select_carriage: 17.9 ms | 2 -> 1
2026-04-28 14:59:12 [WS PROFILE] is_toolhead_moving:get_velocity: 229.5 ms | carriage=1, v=0.0
2026-04-28 14:59:12 [WS PROFILE] send_gcode_and_wait: 10.1 ms | SET_DUAL_CARRIAGE CARRIAGE=x2
2026-04-28 14:59:12 [WS PROFILE] send_gcode_and_wait: 6.9 ms | SET_DUAL_CARRIAGE CARRIAGE=y2
2026-04-28 14:59:12 [WS PROFILE] select_carriage: 18.8 ms | 1 -> 2
2026-04-28 14:59:12 [WS PROFILE] is_toolhead_moving:get_velocity: 249.6 ms | carriage=2, v=0.0
2026-04-28 14:59:12 [WS PROFILE] is_toolhead_moving: 480.9 ms | moving=False
2026-04-28 14:59:12 [MOVE PROFILE] velocity settle loop took 481.4 ms (0 checks)
2026-04-28 14:59:12 [WS PROFILE] send_gcode_and_wait: 10.7 ms | SET_DUAL_CARRIAGE CARRIAGE=x
2026-04-28 14:59:12 [WS PROFILE] send_gcode_and_wait: 6.7 ms | SET_DUAL_CARRIAGE CARRIAGE=y
2026-04-28 14:59:12 [WS PROFILE] select_carriage: 18.6 ms | 2 -> 1
2026-04-28 14:59:12 [WS PROFILE] send_gcode_and_wait: 10.2 ms | SET_DUAL_CARRIAGE CARRIAGE=x2
2026-04-28 14:59:12 [WS PROFILE] send_gcode_and_wait: 7.0 ms | SET_DUAL_CARRIAGE CARRIAGE=y2
2026-04-28 14:59:12 [WS PROFILE] select_carriage: 19.1 ms | 1 -> 2
2026-04-28 14:59:13 [WS PROFILE] get_z_positions: 254.6 ms | z1=25.0, z2=15.459999999999939
2026-04-28 14:59:13 [WS PROFILE] get_position: 754.6 ms | x1=0.0 y1=0.5 z1=25.0 x2=711.31 y2=-13.4 z2=15.459999999999939
2026-04-28 14:59:13 [MOVE PROFILE] z convergence loop took 755.6 ms (1 checks)
2026-04-28 14:59:13 [WS PROFILE] send_gcode_and_wait: 11.0 ms | SET_DUAL_CARRIAGE CARRIAGE=x
2026-04-28 14:59:13 [WS PROFILE] send_gcode_and_wait: 8.0 ms | SET_DUAL_CARRIAGE CARRIAGE=y
2026-04-28 14:59:13 [WS PROFILE] select_carriage: 20.7 ms | 2 -> 1
2026-04-28 14:59:13 [WS PROFILE] send_gcode_and_wait: 10.7 ms | SET_DUAL_CARRIAGE CARRIAGE=x2
2026-04-28 14:59:13 [WS PROFILE] send_gcode_and_wait: 6.5 ms | SET_DUAL_CARRIAGE CARRIAGE=y2
2026-04-28 14:59:13 [WS PROFILE] select_carriage: 18.7 ms | 1 -> 2
2026-04-28 14:59:13 [WS PROFILE] get_z_positions: 249.5 ms | z1=25.0, z2=15.459999999999939
2026-04-28 14:59:13 [WS PROFILE] get_position: 745.9 ms | x1=0.0 y1=0.5 z1=25.0 x2=711.31 y2=-13.4 z2=15.459999999999939
2026-04-28 14:59:13 [MOVE PROFILE] verify_mov took 747.2 ms
2026-04-28 14:59:13 [MOVE PROFILE] total move() time 2328.2 ms
2026-04-28 14:59:14 [WS PROFILE] send_gcode_and_wait: 11.9 ms | SET_DUAL_CARRIAGE CARRIAGE=x2
2026-04-28 14:59:14 [WS PROFILE] send_gcode_and_wait: 6.2 ms | SET_DUAL_CARRIAGE CARRIAGE=y2
2026-04-28 14:59:14 [WS PROFILE] select_carriage: 20.4 ms | 2 -> 2
2026-04-28 14:59:14 [MOVE PROFILE] queue carriage2 cmd took 21.4 ms
2026-04-28 14:59:14 [WS PROFILE] send_gcode_and_wait: 315.1 ms | M400
2026-04-28 14:59:14 [WS PROFILE] wait_for_moves: 315.7 ms
2026-04-28 14:59:14 [MOVE PROFILE] wait_for_moves took 316.1 ms
2026-04-28 14:59:14 [WS PROFILE] send_gcode_and_wait: 10.7 ms | SET_DUAL_CARRIAGE CARRIAGE=x
2026-04-28 14:59:14 [WS PROFILE] send_gcode_and_wait: 6.9 ms | SET_DUAL_CARRIAGE CARRIAGE=y
2026-04-28 14:59:14 [WS PROFILE] select_carriage: 19.0 ms | 2 -> 1
2026-04-28 14:59:14 [WS PROFILE] is_toolhead_moving:get_velocity: 205.5 ms | carriage=1, v=0.0
2026-04-28 14:59:14 [WS PROFILE] send_gcode_and_wait: 11.0 ms | SET_DUAL_CARRIAGE CARRIAGE=x2
2026-04-28 14:59:14 [WS PROFILE] send_gcode_and_wait: 7.1 ms | SET_DUAL_CARRIAGE CARRIAGE=y2
2026-04-28 14:59:14 [WS PROFILE] select_carriage: 19.8 ms | 1 -> 2
2026-04-28 14:59:14 [WS PROFILE] is_toolhead_moving:get_velocity: 249.4 ms | carriage=2, v=0.0
2026-04-28 14:59:14 [WS PROFILE] is_toolhead_moving: 457.5 ms | moving=False
2026-04-28 14:59:14 [MOVE PROFILE] velocity settle loop took 459.1 ms (0 checks)
2026-04-28 14:59:14 [WS PROFILE] send_gcode_and_wait: 9.5 ms | SET_DUAL_CARRIAGE CARRIAGE=x
2026-04-28 14:59:14 [WS PROFILE] send_gcode_and_wait: 9.0 ms | SET_DUAL_CARRIAGE CARRIAGE=y
2026-04-28 14:59:14 [WS PROFILE] select_carriage: 20.3 ms | 2 -> 1
2026-04-28 14:59:15 [WS PROFILE] send_gcode_and_wait: 9.6 ms | SET_DUAL_CARRIAGE CARRIAGE=x2
2026-04-28 14:59:15 [WS PROFILE] send_gcode_and_wait: 6.4 ms | SET_DUAL_CARRIAGE CARRIAGE=y2
2026-04-28 14:59:15 [WS PROFILE] select_carriage: 18.4 ms | 1 -> 2
2026-04-28 14:59:15 [WS PROFILE] get_z_positions: 249.9 ms | z1=25.0, z2=15.469999999999938
2026-04-28 14:59:15 [WS PROFILE] get_position: 749.2 ms | x1=0.0 y1=0.5 z1=25.0 x2=711.31 y2=-13.4 z2=15.469999999999938
2026-04-28 14:59:15 [MOVE PROFILE] z convergence loop took 750.8 ms (1 checks)
2026-04-28 14:59:15 [WS PROFILE] send_gcode_and_wait: 10.3 ms | SET_DUAL_CARRIAGE CARRIAGE=x
2026-04-28 14:59:15 [WS PROFILE] send_gcode_and_wait: 7.1 ms | SET_DUAL_CARRIAGE CARRIAGE=y
2026-04-28 14:59:15 [WS PROFILE] select_carriage: 19.5 ms | 2 -> 1
2026-04-28 14:59:15 [WS PROFILE] send_gcode_and_wait: 11.4 ms | SET_DUAL_CARRIAGE CARRIAGE=x2
2026-04-28 14:59:15 [WS PROFILE] send_gcode_and_wait: 7.8 ms | SET_DUAL_CARRIAGE CARRIAGE=y2
2026-04-28 14:59:15 [WS PROFILE] select_carriage: 21.7 ms | 1 -> 2
2026-04-28 14:59:16 [WS PROFILE] get_z_positions: 248.2 ms | z1=25.0, z2=15.469999999999938
2026-04-28 14:59:16 [WS PROFILE] get_position: 744.9 ms | x1=0.0 y1=0.5 z1=25.0 x2=711.31 y2=-13.4 z2=15.469999999999938
2026-04-28 14:59:16 [MOVE PROFILE] verify_mov took 745.5 ms
2026-04-28 14:59:16 [MOVE PROFILE] total move() time 2298.3 ms
2026-04-28 14:59:16 [WS PROFILE] send_gcode_and_wait: 13.1 ms | SET_DUAL_CARRIAGE CARRIAGE=x2
2026-04-28 14:59:16 [WS PROFILE] send_gcode_and_wait: 7.1 ms | SET_DUAL_CARRIAGE CARRIAGE=y2
2026-04-28 14:59:16 [WS PROFILE] select_carriage: 21.7 ms | 2 -> 2
2026-04-28 14:59:16 [MOVE PROFILE] queue carriage2 cmd took 23.7 ms
2026-04-28 14:59:16 [WS PROFILE] send_gcode_and_wait: 327.7 ms | M400
2026-04-28 14:59:16 [WS PROFILE] wait_for_moves: 328.5 ms
2026-04-28 14:59:16 [MOVE PROFILE] wait_for_moves took 329.1 ms
2026-04-28 14:59:16 [WS PROFILE] send_gcode_and_wait: 9.7 ms | SET_DUAL_CARRIAGE CARRIAGE=x
2026-04-28 14:59:16 [WS PROFILE] send_gcode_and_wait: 7.7 ms | SET_DUAL_CARRIAGE CARRIAGE=y
2026-04-28 14:59:16 [WS PROFILE] select_carriage: 19.0 ms | 2 -> 1
2026-04-28 14:59:17 [WS PROFILE] is_toolhead_moving:get_velocity: 210.4 ms | carriage=1, v=0.0
2026-04-28 14:59:17 [WS PROFILE] send_gcode_and_wait: 10.0 ms | SET_DUAL_CARRIAGE CARRIAGE=x2
2026-04-28 14:59:17 [WS PROFILE] send_gcode_and_wait: 6.6 ms | SET_DUAL_CARRIAGE CARRIAGE=y2
2026-04-28 14:59:17 [WS PROFILE] select_carriage: 18.4 ms | 1 -> 2
2026-04-28 14:59:17 [WS PROFILE] is_toolhead_moving:get_velocity: 249.9 ms | carriage=2, v=0.0
2026-04-28 14:59:17 [WS PROFILE] is_toolhead_moving: 462.5 ms | moving=False
2026-04-28 14:59:17 [MOVE PROFILE] velocity settle loop took 463.7 ms (0 checks)
2026-04-28 14:59:17 [WS PROFILE] send_gcode_and_wait: 10.8 ms | SET_DUAL_CARRIAGE CARRIAGE=x
2026-04-28 14:59:17 [WS PROFILE] send_gcode_and_wait: 7.0 ms | SET_DUAL_CARRIAGE CARRIAGE=y
2026-04-28 14:59:17 [WS PROFILE] select_carriage: 20.3 ms | 2 -> 1
2026-04-28 14:59:17 [WS PROFILE] send_gcode_and_wait: 10.5 ms | SET_DUAL_CARRIAGE CARRIAGE=x2
2026-04-28 14:59:17 [WS PROFILE] send_gcode_and_wait: 6.7 ms | SET_DUAL_CARRIAGE CARRIAGE=y2
2026-04-28 14:59:17 [WS PROFILE] select_carriage: 19.1 ms | 1 -> 2
2026-04-28 14:59:18 [WS PROFILE] get_z_positions: 248.6 ms | z1=25.0, z2=15.479999999999938
2026-04-28 14:59:18 [WS PROFILE] get_position: 747.1 ms | x1=0.0 y1=0.5 z1=25.0 x2=711.31 y2=-13.4 z2=15.479999999999938
2026-04-28 14:59:18 [MOVE PROFILE] z convergence loop took 748.4 ms (1 checks)
2026-04-28 14:59:18 [WS PROFILE] send_gcode_and_wait: 9.8 ms | SET_DUAL_CARRIAGE CARRIAGE=x
2026-04-28 14:59:18 [WS PROFILE] send_gcode_and_wait: 7.2 ms | SET_DUAL_CARRIAGE CARRIAGE=y
2026-04-28 14:59:18 [WS PROFILE] select_carriage: 18.9 ms | 2 -> 1
2026-04-28 14:59:18 [WS PROFILE] send_gcode_and_wait: 10.8 ms | SET_DUAL_CARRIAGE CARRIAGE=x2
2026-04-28 14:59:18 [WS PROFILE] send_gcode_and_wait: 6.7 ms | SET_DUAL_CARRIAGE CARRIAGE=y2
2026-04-28 14:59:18 [WS PROFILE] select_carriage: 19.2 ms | 1 -> 2
2026-04-28 14:59:18 [WS PROFILE] get_z_positions: 250.8 ms | z1=25.0, z2=15.479999999999938
2026-04-28 14:59:18 [WS PROFILE] get_position: 751.4 ms | x1=0.0 y1=0.5 z1=25.0 x2=711.31 y2=-13.4 z2=15.479999999999938
2026-04-28 14:59:18 [MOVE PROFILE] verify_mov took 753.2 ms
2026-04-28 14:59:18 [MOVE PROFILE] total move() time 2324.6 ms
2026-04-28 14:59:19 [WS PROFILE] send_gcode_and_wait: 8.7 ms | SET_DUAL_CARRIAGE CARRIAGE=x2
2026-04-28 14:59:19 [WS PROFILE] send_gcode_and_wait: 6.0 ms | SET_DUAL_CARRIAGE CARRIAGE=y2
2026-04-28 14:59:19 [WS PROFILE] select_carriage: 16.3 ms | 2 -> 2
2026-04-28 14:59:19 [MOVE PROFILE] queue carriage2 cmd took 17.3 ms
2026-04-28 14:59:19 [WS PROFILE] send_gcode_and_wait: 312.8 ms | M400
2026-04-28 14:59:19 [WS PROFILE] wait_for_moves: 314.0 ms
2026-04-28 14:59:19 [MOVE PROFILE] wait_for_moves took 314.6 ms
2026-04-28 14:59:19 [WS PROFILE] send_gcode_and_wait: 9.9 ms | SET_DUAL_CARRIAGE CARRIAGE=x
2026-04-28 14:59:19 [WS PROFILE] send_gcode_and_wait: 8.1 ms | SET_DUAL_CARRIAGE CARRIAGE=y
2026-04-28 14:59:19 [WS PROFILE] select_carriage: 19.6 ms | 2 -> 1
2026-04-28 14:59:19 [WS PROFILE] is_toolhead_moving:get_velocity: 244.9 ms | carriage=1, v=0.0
2026-04-28 14:59:19 [WS PROFILE] send_gcode_and_wait: 10.5 ms | SET_DUAL_CARRIAGE CARRIAGE=x2
2026-04-28 14:59:19 [WS PROFILE] send_gcode_and_wait: 8.5 ms | SET_DUAL_CARRIAGE CARRIAGE=y2
2026-04-28 14:59:19 [WS PROFILE] select_carriage: 21.4 ms | 1 -> 2
2026-04-28 14:59:19 [WS PROFILE] is_toolhead_moving:get_velocity: 249.1 ms | carriage=2, v=0.0
2026-04-28 14:59:19 [WS PROFILE] is_toolhead_moving: 495.8 ms | moving=False
2026-04-28 14:59:19 [MOVE PROFILE] velocity settle loop took 496.6 ms (0 checks)
2026-04-28 14:59:19 [WS PROFILE] send_gcode_and_wait: 10.3 ms | SET_DUAL_CARRIAGE CARRIAGE=x
2026-04-28 14:59:19 [WS PROFILE] send_gcode_and_wait: 8.4 ms | SET_DUAL_CARRIAGE CARRIAGE=y
2026-04-28 14:59:19 [WS PROFILE] select_carriage: 20.9 ms | 2 -> 1
2026-04-28 14:59:20 [WS PROFILE] send_gcode_and_wait: 9.3 ms | SET_DUAL_CARRIAGE CARRIAGE=x2
2026-04-28 14:59:20 [WS PROFILE] send_gcode_and_wait: 6.5 ms | SET_DUAL_CARRIAGE CARRIAGE=y2
2026-04-28 14:59:20 [WS PROFILE] select_carriage: 17.9 ms | 1 -> 2
2026-04-28 14:59:20 [WS PROFILE] get_z_positions: 249.7 ms | z1=25.0, z2=15.489999999999938
2026-04-28 14:59:20 [WS PROFILE] get_position: 749.1 ms | x1=0.0 y1=0.5 z1=25.0 x2=711.31 y2=-13.4 z2=15.489999999999938
2026-04-28 14:59:20 [MOVE PROFILE] z convergence loop took 750.7 ms (1 checks)
2026-04-28 14:59:20 [WS PROFILE] send_gcode_and_wait: 11.6 ms | SET_DUAL_CARRIAGE CARRIAGE=x
2026-04-28 14:59:20 [WS PROFILE] send_gcode_and_wait: 52.0 ms | SET_DUAL_CARRIAGE CARRIAGE=y
2026-04-28 14:59:20 [WS PROFILE] select_carriage: 66.6 ms | 2 -> 1
2026-04-28 14:59:20 [WS PROFILE] send_gcode_and_wait: 11.0 ms | SET_DUAL_CARRIAGE CARRIAGE=x2
2026-04-28 14:59:20 [WS PROFILE] send_gcode_and_wait: 7.3 ms | SET_DUAL_CARRIAGE CARRIAGE=y2
2026-04-28 14:59:20 [WS PROFILE] select_carriage: 20.2 ms | 1 -> 2
2026-04-28 14:59:21 [WS PROFILE] get_z_positions: 223.0 ms | z1=25.0, z2=15.489999999999938
2026-04-28 14:59:21 [WS PROFILE] get_position: 748.9 ms | x1=0.0 y1=0.5 z1=25.0 x2=711.31 y2=-13.4 z2=15.489999999999938
2026-04-28 14:59:21 [MOVE PROFILE] verify_mov took 750.0 ms
2026-04-28 14:59:21 [MOVE PROFILE] total move() time 2333.9 ms
2026-04-28 14:59:21 [WS PROFILE] send_gcode_and_wait: 13.0 ms | SET_DUAL_CARRIAGE CARRIAGE=x2
2026-04-28 14:59:21 [WS PROFILE] send_gcode_and_wait: 6.5 ms | SET_DUAL_CARRIAGE CARRIAGE=y2
2026-04-28 14:59:21 [WS PROFILE] select_carriage: 21.2 ms | 2 -> 2
2026-04-28 14:59:21 [MOVE PROFILE] queue carriage2 cmd took 22.8 ms
2026-04-28 14:59:21 [WS PROFILE] send_gcode_and_wait: 314.2 ms | M400
2026-04-28 14:59:21 [WS PROFILE] wait_for_moves: 315.9 ms
2026-04-28 14:59:21 [MOVE PROFILE] wait_for_moves took 317.6 ms
2026-04-28 14:59:21 [WS PROFILE] send_gcode_and_wait: 11.7 ms | SET_DUAL_CARRIAGE CARRIAGE=x
2026-04-28 14:59:21 [WS PROFILE] send_gcode_and_wait: 7.3 ms | SET_DUAL_CARRIAGE CARRIAGE=y
2026-04-28 14:59:21 [WS PROFILE] select_carriage: 23.2 ms | 2 -> 1
2026-04-28 14:59:22 [WS PROFILE] is_toolhead_moving:get_velocity: 222.8 ms | carriage=1, v=0.0
2026-04-28 14:59:22 [WS PROFILE] send_gcode_and_wait: 10.3 ms | SET_DUAL_CARRIAGE CARRIAGE=x2
2026-04-28 14:59:22 [WS PROFILE] send_gcode_and_wait: 8.8 ms | SET_DUAL_CARRIAGE CARRIAGE=y2
2026-04-28 14:59:22 [WS PROFILE] select_carriage: 20.7 ms | 1 -> 2
2026-04-28 14:59:22 [WS PROFILE] is_toolhead_moving:get_velocity: 250.1 ms | carriage=2, v=0.0
2026-04-28 14:59:22 [WS PROFILE] is_toolhead_moving: 474.5 ms | moving=False
2026-04-28 14:59:22 [MOVE PROFILE] velocity settle loop took 475.1 ms (0 checks)
2026-04-28 14:59:22 [WS PROFILE] send_gcode_and_wait: 10.5 ms | SET_DUAL_CARRIAGE CARRIAGE=x
2026-04-28 14:59:22 [WS PROFILE] send_gcode_and_wait: 8.0 ms | SET_DUAL_CARRIAGE CARRIAGE=y
2026-04-28 14:59:22 [WS PROFILE] select_carriage: 20.4 ms | 2 -> 1
2026-04-28 14:59:22 [WS PROFILE] send_gcode_and_wait: 10.3 ms | SET_DUAL_CARRIAGE CARRIAGE=x2
2026-04-28 14:59:22 [WS PROFILE] send_gcode_and_wait: 6.3 ms | SET_DUAL_CARRIAGE CARRIAGE=y2
2026-04-28 14:59:22 [WS PROFILE] select_carriage: 20.9 ms | 1 -> 2
2026-04-28 14:59:23 [WS PROFILE] get_z_positions: 252.1 ms | z1=25.0, z2=15.499999999999938
2026-04-28 14:59:23 [WS PROFILE] get_position: 753.9 ms | x1=0.0 y1=0.5 z1=25.0 x2=711.31 y2=-13.4 z2=15.499999999999938
2026-04-28 14:59:23 [MOVE PROFILE] z convergence loop took 755.2 ms (1 checks)
2026-04-28 14:59:23 [WS PROFILE] send_gcode_and_wait: 9.9 ms | SET_DUAL_CARRIAGE CARRIAGE=x
2026-04-28 14:59:23 [WS PROFILE] send_gcode_and_wait: 6.8 ms | SET_DUAL_CARRIAGE CARRIAGE=y
2026-04-28 14:59:23 [WS PROFILE] select_carriage: 20.0 ms | 2 -> 1
2026-04-28 14:59:23 [WS PROFILE] send_gcode_and_wait: 10.7 ms | SET_DUAL_CARRIAGE CARRIAGE=x2
2026-04-28 14:59:23 [WS PROFILE] send_gcode_and_wait: 9.1 ms | SET_DUAL_CARRIAGE CARRIAGE=y2
2026-04-28 14:59:23 [WS PROFILE] select_carriage: 21.6 ms | 1 -> 2
2026-04-28 14:59:23 [WS PROFILE] get_z_positions: 251.3 ms | z1=25.0, z2=15.499999999999938
2026-04-28 14:59:23 [WS PROFILE] get_position: 748.8 ms | x1=0.0 y1=0.5 z1=25.0 x2=711.31 y2=-13.4 z2=15.499999999999938
2026-04-28 14:59:23 [MOVE PROFILE] verify_mov took 749.6 ms
2026-04-28 14:59:23 [MOVE PROFILE] total move() time 2325.5 ms
2026-04-28 14:59:24 [WS PROFILE] send_gcode_and_wait: 12.4 ms | SET_DUAL_CARRIAGE CARRIAGE=x2
2026-04-28 14:59:24 [WS PROFILE] send_gcode_and_wait: 6.4 ms | SET_DUAL_CARRIAGE CARRIAGE=y2
2026-04-28 14:59:24 [WS PROFILE] select_carriage: 20.6 ms | 2 -> 2
2026-04-28 14:59:24 [MOVE PROFILE] queue carriage2 cmd took 22.3 ms
2026-04-28 14:59:24 [WS PROFILE] send_gcode_and_wait: 315.6 ms | M400
2026-04-28 14:59:24 [WS PROFILE] wait_for_moves: 316.5 ms
2026-04-28 14:59:24 [MOVE PROFILE] wait_for_moves took 317.1 ms
2026-04-28 14:59:24 [WS PROFILE] send_gcode_and_wait: 13.4 ms | SET_DUAL_CARRIAGE CARRIAGE=x
2026-04-28 14:59:24 [WS PROFILE] send_gcode_and_wait: 7.2 ms | SET_DUAL_CARRIAGE CARRIAGE=y
2026-04-28 14:59:24 [WS PROFILE] select_carriage: 22.6 ms | 2 -> 1
2026-04-28 14:59:24 [WS PROFILE] is_toolhead_moving:get_velocity: 213.0 ms | carriage=1, v=0.0
2026-04-28 14:59:24 [WS PROFILE] send_gcode_and_wait: 10.3 ms | SET_DUAL_CARRIAGE CARRIAGE=x2
2026-04-28 14:59:24 [WS PROFILE] send_gcode_and_wait: 7.1 ms | SET_DUAL_CARRIAGE CARRIAGE=y2
2026-04-28 14:59:24 [WS PROFILE] select_carriage: 19.2 ms | 1 -> 2
2026-04-28 14:59:24 [WS PROFILE] is_toolhead_moving:get_velocity: 248.5 ms | carriage=2, v=0.0
2026-04-28 14:59:24 [WS PROFILE] is_toolhead_moving: 463.4 ms | moving=False
2026-04-28 14:59:24 [MOVE PROFILE] velocity settle loop took 464.0 ms (0 checks)
2026-04-28 14:59:24 [WS PROFILE] send_gcode_and_wait: 10.6 ms | SET_DUAL_CARRIAGE CARRIAGE=x
2026-04-28 14:59:24 [WS PROFILE] send_gcode_and_wait: 6.6 ms | SET_DUAL_CARRIAGE CARRIAGE=y
2026-04-28 14:59:24 [WS PROFILE] select_carriage: 19.1 ms | 2 -> 1
2026-04-28 14:59:25 [WS PROFILE] send_gcode_and_wait: 11.8 ms | SET_DUAL_CARRIAGE CARRIAGE=x2
2026-04-28 14:59:25 [WS PROFILE] send_gcode_and_wait: 6.9 ms | SET_DUAL_CARRIAGE CARRIAGE=y2
2026-04-28 14:59:25 [WS PROFILE] select_carriage: 20.5 ms | 1 -> 2
2026-04-28 14:59:25 [WS PROFILE] get_z_positions: 250.9 ms | z1=25.0, z2=15.509999999999938
2026-04-28 14:59:25 [WS PROFILE] get_position: 753.8 ms | x1=0.0 y1=0.5 z1=25.0 x2=711.31 y2=-13.4 z2=15.509999999999938
2026-04-28 14:59:25 [MOVE PROFILE] z convergence loop took 755.7 ms (1 checks)
2026-04-28 14:59:25 [WS PROFILE] send_gcode_and_wait: 10.4 ms | SET_DUAL_CARRIAGE CARRIAGE=x
2026-04-28 14:59:25 [WS PROFILE] send_gcode_and_wait: 6.9 ms | SET_DUAL_CARRIAGE CARRIAGE=y
2026-04-28 14:59:25 [WS PROFILE] select_carriage: 20.5 ms | 2 -> 1
2026-04-28 14:59:25 [WS PROFILE] send_gcode_and_wait: 10.4 ms | SET_DUAL_CARRIAGE CARRIAGE=x2
2026-04-28 14:59:25 [WS PROFILE] send_gcode_and_wait: 7.0 ms | SET_DUAL_CARRIAGE CARRIAGE=y2
2026-04-28 14:59:25 [WS PROFILE] select_carriage: 19.6 ms | 1 -> 2
2026-04-28 14:59:26 [WS PROFILE] get_z_positions: 248.0 ms | z1=25.0, z2=15.509999999999938
2026-04-28 14:59:26 [WS PROFILE] get_position: 741.0 ms | x1=0.0 y1=0.5 z1=25.0 x2=711.31 y2=-13.4 z2=15.509999999999938
2026-04-28 14:59:26 [MOVE PROFILE] verify_mov took 741.7 ms
2026-04-28 14:59:26 [MOVE PROFILE] total move() time 2307.6 ms
2026-04-28 14:59:26 [WS PROFILE] send_gcode_and_wait: 13.6 ms | SET_DUAL_CARRIAGE CARRIAGE=x2
2026-04-28 14:59:26 [WS PROFILE] send_gcode_and_wait: 6.4 ms | SET_DUAL_CARRIAGE CARRIAGE=y2
2026-04-28 14:59:26 [WS PROFILE] select_carriage: 22.5 ms | 2 -> 2
2026-04-28 14:59:26 [MOVE PROFILE] queue carriage2 cmd took 23.9 ms
2026-04-28 14:59:26 [WS PROFILE] send_gcode_and_wait: 314.4 ms | M400
2026-04-28 14:59:26 [WS PROFILE] wait_for_moves: 315.0 ms
2026-04-28 14:59:26 [MOVE PROFILE] wait_for_moves took 315.6 ms
2026-04-28 14:59:26 [WS PROFILE] send_gcode_and_wait: 11.1 ms | SET_DUAL_CARRIAGE CARRIAGE=x
2026-04-28 14:59:26 [WS PROFILE] send_gcode_and_wait: 7.6 ms | SET_DUAL_CARRIAGE CARRIAGE=y
2026-04-28 14:59:26 [WS PROFILE] select_carriage: 20.1 ms | 2 -> 1
2026-04-28 14:59:27 [WS PROFILE] is_toolhead_moving:get_velocity: 177.8 ms | carriage=1, v=0.0
2026-04-28 14:59:27 [WS PROFILE] send_gcode_and_wait: 11.7 ms | SET_DUAL_CARRIAGE CARRIAGE=x2
2026-04-28 14:59:27 [WS PROFILE] send_gcode_and_wait: 6.8 ms | SET_DUAL_CARRIAGE CARRIAGE=y2
2026-04-28 14:59:27 [WS PROFILE] select_carriage: 20.2 ms | 1 -> 2
2026-04-28 14:59:27 [WS PROFILE] is_toolhead_moving:get_velocity: 249.7 ms | carriage=2, v=0.0
2026-04-28 14:59:27 [WS PROFILE] is_toolhead_moving: 428.9 ms | moving=False
2026-04-28 14:59:27 [MOVE PROFILE] velocity settle loop took 429.5 ms (0 checks)
2026-04-28 14:59:27 [WS PROFILE] send_gcode_and_wait: 12.2 ms | SET_DUAL_CARRIAGE CARRIAGE=x
2026-04-28 14:59:27 [WS PROFILE] send_gcode_and_wait: 7.5 ms | SET_DUAL_CARRIAGE CARRIAGE=y
2026-04-28 14:59:27 [WS PROFILE] select_carriage: 21.2 ms | 2 -> 1
2026-04-28 14:59:27 [WS PROFILE] send_gcode_and_wait: 10.2 ms | SET_DUAL_CARRIAGE CARRIAGE=x2
2026-04-28 14:59:27 [WS PROFILE] send_gcode_and_wait: 6.4 ms | SET_DUAL_CARRIAGE CARRIAGE=y2
2026-04-28 14:59:27 [WS PROFILE] select_carriage: 18.0 ms | 1 -> 2
2026-04-28 14:59:28 [WS PROFILE] get_z_positions: 249.0 ms | z1=25.0, z2=15.519999999999937
2026-04-28 14:59:28 [WS PROFILE] get_position: 749.8 ms | x1=0.0 y1=0.5 z1=25.0 x2=711.31 y2=-13.4 z2=15.519999999999937
2026-04-28 14:59:28 [MOVE PROFILE] z convergence loop took 750.4 ms (1 checks)
2026-04-28 14:59:28 [WS PROFILE] send_gcode_and_wait: 9.5 ms | SET_DUAL_CARRIAGE CARRIAGE=x
2026-04-28 14:59:28 [WS PROFILE] send_gcode_and_wait: 7.0 ms | SET_DUAL_CARRIAGE CARRIAGE=y
2026-04-28 14:59:28 [WS PROFILE] select_carriage: 19.1 ms | 2 -> 1
2026-04-28 14:59:28 [WS PROFILE] send_gcode_and_wait: 14.4 ms | SET_DUAL_CARRIAGE CARRIAGE=x2
2026-04-28 14:59:28 [WS PROFILE] send_gcode_and_wait: 6.9 ms | SET_DUAL_CARRIAGE CARRIAGE=y2
2026-04-28 14:59:28 [WS PROFILE] select_carriage: 22.9 ms | 1 -> 2
2026-04-28 14:59:28 [WS PROFILE] get_z_positions: 251.7 ms | z1=25.0, z2=15.519999999999937
2026-04-28 14:59:28 [WS PROFILE] get_position: 751.7 ms | x1=0.0 y1=0.5 z1=25.0 x2=711.31 y2=-13.4 z2=15.519999999999937
2026-04-28 14:59:28 [MOVE PROFILE] verify_mov took 752.4 ms
2026-04-28 14:59:28 [MOVE PROFILE] total move() time 2276.5 ms
2026-04-28 14:59:29 [WS PROFILE] send_gcode_and_wait: 12.2 ms | SET_DUAL_CARRIAGE CARRIAGE=x2
2026-04-28 14:59:29 [WS PROFILE] send_gcode_and_wait: 6.0 ms | SET_DUAL_CARRIAGE CARRIAGE=y2
2026-04-28 14:59:29 [WS PROFILE] select_carriage: 19.5 ms | 2 -> 2
2026-04-28 14:59:29 [MOVE PROFILE] queue carriage2 cmd took 20.4 ms
2026-04-28 14:59:29 [WS PROFILE] send_gcode_and_wait: 313.7 ms | M400
2026-04-28 14:59:29 [WS PROFILE] wait_for_moves: 314.3 ms
2026-04-28 14:59:29 [MOVE PROFILE] wait_for_moves took 314.8 ms
2026-04-28 14:59:29 [WS PROFILE] send_gcode_and_wait: 10.5 ms | SET_DUAL_CARRIAGE CARRIAGE=x
2026-04-28 14:59:29 [WS PROFILE] send_gcode_and_wait: 7.2 ms | SET_DUAL_CARRIAGE CARRIAGE=y
2026-04-28 14:59:29 [WS PROFILE] select_carriage: 19.1 ms | 2 -> 1
2026-04-28 14:59:29 [WS PROFILE] is_toolhead_moving:get_velocity: 229.3 ms | carriage=1, v=0.0
2026-04-28 14:59:29 [WS PROFILE] send_gcode_and_wait: 10.3 ms | SET_DUAL_CARRIAGE CARRIAGE=x2
2026-04-28 14:59:29 [WS PROFILE] send_gcode_and_wait: 6.7 ms | SET_DUAL_CARRIAGE CARRIAGE=y2
2026-04-28 14:59:29 [WS PROFILE] select_carriage: 18.3 ms | 1 -> 2
2026-04-28 14:59:29 [WS PROFILE] is_toolhead_moving:get_velocity: 248.6 ms | carriage=2, v=0.0
2026-04-28 14:59:29 [WS PROFILE] is_toolhead_moving: 479.3 ms | moving=False
2026-04-28 14:59:29 [MOVE PROFILE] velocity settle loop took 479.9 ms (0 checks)
2026-04-28 14:59:29 [WS PROFILE] send_gcode_and_wait: 9.8 ms | SET_DUAL_CARRIAGE CARRIAGE=x
2026-04-28 14:59:29 [WS PROFILE] send_gcode_and_wait: 6.2 ms | SET_DUAL_CARRIAGE CARRIAGE=y
2026-04-28 14:59:29 [WS PROFILE] select_carriage: 17.5 ms | 2 -> 1
2026-04-28 14:59:30 [WS PROFILE] send_gcode_and_wait: 11.1 ms | SET_DUAL_CARRIAGE CARRIAGE=x2
2026-04-28 14:59:30 [WS PROFILE] send_gcode_and_wait: 8.2 ms | SET_DUAL_CARRIAGE CARRIAGE=y2
2026-04-28 14:59:30 [WS PROFILE] select_carriage: 20.9 ms | 1 -> 2
2026-04-28 14:59:30 [WS PROFILE] get_z_positions: 249.7 ms | z1=25.0, z2=15.529999999999937
2026-04-28 14:59:30 [WS PROFILE] get_position: 750.4 ms | x1=0.0 y1=0.5 z1=25.0 x2=711.31 y2=-13.4 z2=15.529999999999937
2026-04-28 14:59:30 [MOVE PROFILE] z convergence loop took 750.8 ms (1 checks)
2026-04-28 14:59:30 [WS PROFILE] send_gcode_and_wait: 10.5 ms | SET_DUAL_CARRIAGE CARRIAGE=x
2026-04-28 14:59:30 [WS PROFILE] send_gcode_and_wait: 6.9 ms | SET_DUAL_CARRIAGE CARRIAGE=y
2026-04-28 14:59:30 [WS PROFILE] select_carriage: 18.9 ms | 2 -> 1
2026-04-28 14:59:30 [WS PROFILE] send_gcode_and_wait: 9.0 ms | SET_DUAL_CARRIAGE CARRIAGE=x2
2026-04-28 14:59:30 [WS PROFILE] send_gcode_and_wait: 6.3 ms | SET_DUAL_CARRIAGE CARRIAGE=y2
2026-04-28 14:59:30 [WS PROFILE] select_carriage: 17.1 ms | 1 -> 2
2026-04-28 14:59:31 [WS PROFILE] get_z_positions: 250.0 ms | z1=25.0, z2=15.529999999999937
2026-04-28 14:59:31 [WS PROFILE] get_position: 751.2 ms | x1=0.0 y1=0.5 z1=25.0 x2=711.31 y2=-13.4 z2=15.529999999999937
2026-04-28 14:59:31 [MOVE PROFILE] verify_mov took 751.9 ms
2026-04-28 14:59:31 [MOVE PROFILE] total move() time 2321.0 ms
2026-04-28 14:59:31 [WS PROFILE] send_gcode_and_wait: 13.6 ms | SET_DUAL_CARRIAGE CARRIAGE=x2
2026-04-28 14:59:31 [WS PROFILE] send_gcode_and_wait: 7.7 ms | SET_DUAL_CARRIAGE CARRIAGE=y2
2026-04-28 14:59:31 [WS PROFILE] select_carriage: 22.9 ms | 2 -> 2
2026-04-28 14:59:31 [MOVE PROFILE] queue carriage2 cmd took 24.7 ms
2026-04-28 14:59:31 [WS PROFILE] send_gcode_and_wait: 311.2 ms | M400
2026-04-28 14:59:31 [WS PROFILE] wait_for_moves: 312.0 ms
2026-04-28 14:59:31 [MOVE PROFILE] wait_for_moves took 312.5 ms
2026-04-28 14:59:31 [WS PROFILE] send_gcode_and_wait: 8.9 ms | SET_DUAL_CARRIAGE CARRIAGE=x
2026-04-28 14:59:31 [WS PROFILE] send_gcode_and_wait: 6.2 ms | SET_DUAL_CARRIAGE CARRIAGE=y
2026-04-28 14:59:31 [WS PROFILE] select_carriage: 16.8 ms | 2 -> 1
2026-04-28 14:59:32 [WS PROFILE] is_toolhead_moving:get_velocity: 190.7 ms | carriage=1, v=0.0
2026-04-28 14:59:32 [WS PROFILE] send_gcode_and_wait: 9.6 ms | SET_DUAL_CARRIAGE CARRIAGE=x2
2026-04-28 14:59:32 [WS PROFILE] send_gcode_and_wait: 6.9 ms | SET_DUAL_CARRIAGE CARRIAGE=y2
2026-04-28 14:59:32 [WS PROFILE] select_carriage: 18.4 ms | 1 -> 2
2026-04-28 14:59:32 [WS PROFILE] is_toolhead_moving:get_velocity: 249.4 ms | carriage=2, v=0.0
2026-04-28 14:59:32 [WS PROFILE] is_toolhead_moving: 441.5 ms | moving=False
2026-04-28 14:59:32 [MOVE PROFILE] velocity settle loop took 442.1 ms (0 checks)
2026-04-28 14:59:32 [WS PROFILE] send_gcode_and_wait: 10.7 ms | SET_DUAL_CARRIAGE CARRIAGE=x
2026-04-28 14:59:32 [WS PROFILE] send_gcode_and_wait: 6.6 ms | SET_DUAL_CARRIAGE CARRIAGE=y
2026-04-28 14:59:32 [WS PROFILE] select_carriage: 19.1 ms | 2 -> 1
2026-04-28 14:59:32 [WS PROFILE] send_gcode_and_wait: 16.7 ms | SET_DUAL_CARRIAGE CARRIAGE=x2
2026-04-28 14:59:32 [WS PROFILE] send_gcode_and_wait: 8.1 ms | SET_DUAL_CARRIAGE CARRIAGE=y2
2026-04-28 14:59:32 [WS PROFILE] select_carriage: 26.4 ms | 1 -> 2
2026-04-28 14:59:33 [WS PROFILE] get_z_positions: 250.5 ms | z1=25.0, z2=15.539999999999937
2026-04-28 14:59:33 [WS PROFILE] get_position: 751.9 ms | x1=0.0 y1=0.5 z1=25.0 x2=711.31 y2=-13.4 z2=15.539999999999937
2026-04-28 14:59:33 [MOVE PROFILE] z convergence loop took 752.4 ms (1 checks)
2026-04-28 14:59:33 [WS PROFILE] send_gcode_and_wait: 10.1 ms | SET_DUAL_CARRIAGE CARRIAGE=x
2026-04-28 14:59:33 [WS PROFILE] send_gcode_and_wait: 6.8 ms | SET_DUAL_CARRIAGE CARRIAGE=y
2026-04-28 14:59:33 [WS PROFILE] select_carriage: 18.4 ms | 2 -> 1
2026-04-28 14:59:33 [WS PROFILE] send_gcode_and_wait: 10.5 ms | SET_DUAL_CARRIAGE CARRIAGE=x2
2026-04-28 14:59:34 [WS PROFILE] send_gcode_and_wait: 12.4 ms | SET_DUAL_CARRIAGE CARRIAGE=y2
2026-04-28 14:59:34 [WS PROFILE] select_carriage: 642.4 ms | 1 -> 2
2026-04-28 14:59:34 [WS PROFILE] get_z_positions: 249.9 ms | z1=25.0, z2=15.539999999999937
2026-04-28 14:59:34 [WS PROFILE] get_position: 1251.8 ms | x1=0.0 y1=0.5 z1=25.0 x2=711.31 y2=-13.4 z2=15.539999999999937
2026-04-28 14:59:34 [MOVE PROFILE] verify_mov took 1252.3 ms
2026-04-28 14:59:34 [MOVE PROFILE] total move() time 2788.1 ms
2026-04-28 14:59:34 [WS PROFILE] send_gcode_and_wait: 13.2 ms | SET_DUAL_CARRIAGE CARRIAGE=x2
2026-04-28 14:59:34 [WS PROFILE] send_gcode_and_wait: 6.1 ms | SET_DUAL_CARRIAGE CARRIAGE=y2
2026-04-28 14:59:34 [WS PROFILE] select_carriage: 21.1 ms | 2 -> 2
2026-04-28 14:59:34 [MOVE PROFILE] queue carriage2 cmd took 22.3 ms
2026-04-28 14:59:34 [WS PROFILE] send_gcode_and_wait: 308.5 ms | M400
2026-04-28 14:59:34 [WS PROFILE] wait_for_moves: 309.3 ms
2026-04-28 14:59:34 [MOVE PROFILE] wait_for_moves took 309.9 ms
2026-04-28 14:59:34 [WS PROFILE] send_gcode_and_wait: 9.4 ms | SET_DUAL_CARRIAGE CARRIAGE=x
2026-04-28 14:59:34 [WS PROFILE] send_gcode_and_wait: 6.6 ms | SET_DUAL_CARRIAGE CARRIAGE=y
2026-04-28 14:59:34 [WS PROFILE] select_carriage: 17.5 ms | 2 -> 1
2026-04-28 14:59:35 [WS PROFILE] is_toolhead_moving:get_velocity: 223.8 ms | carriage=1, v=0.0
2026-04-28 14:59:35 [WS PROFILE] send_gcode_and_wait: 10.6 ms | SET_DUAL_CARRIAGE CARRIAGE=x2
2026-04-28 14:59:35 [WS PROFILE] send_gcode_and_wait: 7.9 ms | SET_DUAL_CARRIAGE CARRIAGE=y2
2026-04-28 14:59:35 [WS PROFILE] select_carriage: 20.2 ms | 1 -> 2
2026-04-28 14:59:35 [WS PROFILE] is_toolhead_moving:get_velocity: 249.0 ms | carriage=2, v=0.0
2026-04-28 14:59:35 [WS PROFILE] is_toolhead_moving: 474.3 ms | moving=False
2026-04-28 14:59:35 [MOVE PROFILE] velocity settle loop took 474.8 ms (0 checks)
2026-04-28 14:59:35 [WS PROFILE] send_gcode_and_wait: 9.5 ms | SET_DUAL_CARRIAGE CARRIAGE=x
2026-04-28 14:59:35 [WS PROFILE] send_gcode_and_wait: 6.3 ms | SET_DUAL_CARRIAGE CARRIAGE=y
2026-04-28 14:59:35 [WS PROFILE] select_carriage: 17.4 ms | 2 -> 1
2026-04-28 14:59:35 [WS PROFILE] send_gcode_and_wait: 10.9 ms | SET_DUAL_CARRIAGE CARRIAGE=x2
2026-04-28 14:59:35 [WS PROFILE] send_gcode_and_wait: 6.2 ms | SET_DUAL_CARRIAGE CARRIAGE=y2
2026-04-28 14:59:35 [WS PROFILE] select_carriage: 18.5 ms | 1 -> 2
2026-04-28 14:59:36 [WS PROFILE] get_z_positions: 256.0 ms | z1=25.0, z2=15.549999999999937
2026-04-28 14:59:36 [WS PROFILE] get_position: 756.4 ms | x1=0.0 y1=0.5 z1=25.0 x2=711.31 y2=-13.4 z2=15.549999999999937
2026-04-28 14:59:36 [MOVE PROFILE] z convergence loop took 756.9 ms (1 checks)
2026-04-28 14:59:36 [WS PROFILE] send_gcode_and_wait: 11.1 ms | SET_DUAL_CARRIAGE CARRIAGE=x
2026-04-28 14:59:36 [WS PROFILE] send_gcode_and_wait: 7.3 ms | SET_DUAL_CARRIAGE CARRIAGE=y
2026-04-28 14:59:36 [WS PROFILE] select_carriage: 19.8 ms | 2 -> 1
2026-04-28 14:59:36 [WS PROFILE] send_gcode_and_wait: 9.8 ms | SET_DUAL_CARRIAGE CARRIAGE=x2
2026-04-28 14:59:36 [WS PROFILE] send_gcode_and_wait: 7.6 ms | SET_DUAL_CARRIAGE CARRIAGE=y2
2026-04-28 14:59:36 [WS PROFILE] select_carriage: 18.9 ms | 1 -> 2
2026-04-28 14:59:36 [WS PROFILE] get_z_positions: 250.6 ms | z1=25.0, z2=15.549999999999937
2026-04-28 14:59:36 [WS PROFILE] get_position: 744.5 ms | x1=0.0 y1=0.5 z1=25.0 x2=711.31 y2=-13.4 z2=15.549999999999937
2026-04-28 14:59:36 [MOVE PROFILE] verify_mov took 745.1 ms
2026-04-28 14:59:36 [MOVE PROFILE] total move() time 2320.8 ms
2026-04-28 14:59:37 [WS PROFILE] send_gcode_and_wait: 12.1 ms | SET_DUAL_CARRIAGE CARRIAGE=x2
2026-04-28 14:59:37 [WS PROFILE] send_gcode_and_wait: 6.3 ms | SET_DUAL_CARRIAGE CARRIAGE=y2
2026-04-28 14:59:37 [WS PROFILE] select_carriage: 20.1 ms | 2 -> 2
2026-04-28 14:59:37 [MOVE PROFILE] queue carriage2 cmd took 20.9 ms
2026-04-28 14:59:37 [WS PROFILE] send_gcode_and_wait: 312.7 ms | M400
2026-04-28 14:59:37 [WS PROFILE] wait_for_moves: 313.4 ms
2026-04-28 14:59:37 [MOVE PROFILE] wait_for_moves took 313.9 ms
2026-04-28 14:59:37 [WS PROFILE] send_gcode_and_wait: 10.4 ms | SET_DUAL_CARRIAGE CARRIAGE=x
2026-04-28 14:59:37 [WS PROFILE] send_gcode_and_wait: 7.1 ms | SET_DUAL_CARRIAGE CARRIAGE=y
2026-04-28 14:59:37 [WS PROFILE] select_carriage: 19.2 ms | 2 -> 1
2026-04-28 14:59:37 [WS PROFILE] is_toolhead_moving:get_velocity: 222.3 ms | carriage=1, v=0.0
2026-04-28 14:59:37 [WS PROFILE] send_gcode_and_wait: 10.3 ms | SET_DUAL_CARRIAGE CARRIAGE=x2
2026-04-28 14:59:37 [WS PROFILE] send_gcode_and_wait: 6.1 ms | SET_DUAL_CARRIAGE CARRIAGE=y2
2026-04-28 14:59:37 [WS PROFILE] select_carriage: 18.0 ms | 1 -> 2
2026-04-28 14:59:37 [WS PROFILE] is_toolhead_moving:get_velocity: 250.0 ms | carriage=2, v=0.0
2026-04-28 14:59:37 [WS PROFILE] is_toolhead_moving: 473.7 ms | moving=False
2026-04-28 14:59:37 [MOVE PROFILE] velocity settle loop took 474.3 ms (0 checks)
2026-04-28 14:59:37 [WS PROFILE] send_gcode_and_wait: 10.4 ms | SET_DUAL_CARRIAGE CARRIAGE=x
2026-04-28 14:59:37 [WS PROFILE] send_gcode_and_wait: 6.4 ms | SET_DUAL_CARRIAGE CARRIAGE=y
2026-04-28 14:59:37 [WS PROFILE] select_carriage: 18.4 ms | 2 -> 1
2026-04-28 14:59:38 [WS PROFILE] send_gcode_and_wait: 9.5 ms | SET_DUAL_CARRIAGE CARRIAGE=x2
2026-04-28 14:59:38 [WS PROFILE] send_gcode_and_wait: 6.3 ms | SET_DUAL_CARRIAGE CARRIAGE=y2
2026-04-28 14:59:38 [WS PROFILE] select_carriage: 17.4 ms | 1 -> 2
2026-04-28 14:59:38 [WS PROFILE] get_z_positions: 250.1 ms | z1=25.0, z2=15.559999999999937
2026-04-28 14:59:38 [WS PROFILE] get_position: 751.4 ms | x1=0.0 y1=0.5 z1=25.0 x2=711.31 y2=-13.4 z2=15.559999999999937
2026-04-28 14:59:38 [MOVE PROFILE] z convergence loop took 751.9 ms (1 checks)
2026-04-28 14:59:38 [WS PROFILE] send_gcode_and_wait: 10.7 ms | SET_DUAL_CARRIAGE CARRIAGE=x
2026-04-28 14:59:38 [WS PROFILE] send_gcode_and_wait: 7.5 ms | SET_DUAL_CARRIAGE CARRIAGE=y
2026-04-28 14:59:38 [WS PROFILE] select_carriage: 19.8 ms | 2 -> 1
2026-04-28 14:59:38 [WS PROFILE] send_gcode_and_wait: 10.9 ms | SET_DUAL_CARRIAGE CARRIAGE=x2
2026-04-28 14:59:38 [WS PROFILE] send_gcode_and_wait: 7.6 ms | SET_DUAL_CARRIAGE CARRIAGE=y2
2026-04-28 14:59:38 [WS PROFILE] select_carriage: 20.1 ms | 1 -> 2
2026-04-28 14:59:39 [WS PROFILE] get_z_positions: 249.6 ms | z1=25.0, z2=15.559999999999937
2026-04-28 14:59:39 [WS PROFILE] get_position: 750.8 ms | x1=0.0 y1=0.5 z1=25.0 x2=711.31 y2=-13.4 z2=15.559999999999937
2026-04-28 14:59:39 [MOVE PROFILE] verify_mov took 751.5 ms
2026-04-28 14:59:39 [MOVE PROFILE] total move() time 2315.9 ms
2026-04-28 14:59:39 [WS PROFILE] send_gcode_and_wait: 17.4 ms | SET_DUAL_CARRIAGE CARRIAGE=x2
2026-04-28 14:59:39 [WS PROFILE] send_gcode_and_wait: 6.4 ms | SET_DUAL_CARRIAGE CARRIAGE=y2
2026-04-28 14:59:39 [WS PROFILE] select_carriage: 25.3 ms | 2 -> 2
2026-04-28 14:59:39 [MOVE PROFILE] queue carriage2 cmd took 26.4 ms
2026-04-28 14:59:40 [WS PROFILE] send_gcode_and_wait: 317.3 ms | M400
2026-04-28 14:59:40 [WS PROFILE] wait_for_moves: 318.0 ms
2026-04-28 14:59:40 [MOVE PROFILE] wait_for_moves took 318.5 ms
2026-04-28 14:59:40 [WS PROFILE] send_gcode_and_wait: 11.3 ms | SET_DUAL_CARRIAGE CARRIAGE=x
2026-04-28 14:59:40 [WS PROFILE] send_gcode_and_wait: 6.6 ms | SET_DUAL_CARRIAGE CARRIAGE=y
2026-04-28 14:59:40 [WS PROFILE] select_carriage: 19.3 ms | 2 -> 1
2026-04-28 14:59:40 [WS PROFILE] is_toolhead_moving:get_velocity: 150.9 ms | carriage=1, v=0.0
2026-04-28 14:59:40 [WS PROFILE] send_gcode_and_wait: 9.2 ms | SET_DUAL_CARRIAGE CARRIAGE=x2
2026-04-28 14:59:40 [WS PROFILE] send_gcode_and_wait: 6.2 ms | SET_DUAL_CARRIAGE CARRIAGE=y2
2026-04-28 14:59:40 [WS PROFILE] select_carriage: 17.2 ms | 1 -> 2
2026-04-28 14:59:40 [WS PROFILE] is_toolhead_moving:get_velocity: 250.5 ms | carriage=2, v=0.0
2026-04-28 14:59:40 [WS PROFILE] is_toolhead_moving: 402.8 ms | moving=False
2026-04-28 14:59:40 [MOVE PROFILE] velocity settle loop took 403.4 ms (0 checks)
2026-04-28 14:59:40 [WS PROFILE] send_gcode_and_wait: 10.6 ms | SET_DUAL_CARRIAGE CARRIAGE=x
2026-04-28 14:59:40 [WS PROFILE] send_gcode_and_wait: 10.0 ms | SET_DUAL_CARRIAGE CARRIAGE=y
2026-04-28 14:59:40 [WS PROFILE] select_carriage: 22.3 ms | 2 -> 1
2026-04-28 14:59:40 [WS PROFILE] send_gcode_and_wait: 10.5 ms | SET_DUAL_CARRIAGE CARRIAGE=x2
2026-04-28 14:59:40 [WS PROFILE] send_gcode_and_wait: 39.3 ms | SET_DUAL_CARRIAGE CARRIAGE=y2
2026-04-28 14:59:40 [WS PROFILE] select_carriage: 52.1 ms | 1 -> 2
2026-04-28 14:59:41 [WS PROFILE] get_z_positions: 250.5 ms | z1=25.0, z2=15.569999999999936
2026-04-28 14:59:41 [WS PROFILE] get_position: 749.8 ms | x1=0.0 y1=0.5 z1=25.0 x2=711.31 y2=-13.4 z2=15.569999999999936
2026-04-28 14:59:41 [MOVE PROFILE] z convergence loop took 750.4 ms (1 checks)
2026-04-28 14:59:41 [WS PROFILE] send_gcode_and_wait: 10.3 ms | SET_DUAL_CARRIAGE CARRIAGE=x
2026-04-28 14:59:41 [WS PROFILE] send_gcode_and_wait: 6.5 ms | SET_DUAL_CARRIAGE CARRIAGE=y
2026-04-28 14:59:41 [WS PROFILE] select_carriage: 18.5 ms | 2 -> 1
2026-04-28 14:59:41 [WS PROFILE] send_gcode_and_wait: 9.2 ms | SET_DUAL_CARRIAGE CARRIAGE=x2
2026-04-28 14:59:41 [WS PROFILE] send_gcode_and_wait: 6.9 ms | SET_DUAL_CARRIAGE CARRIAGE=y2
2026-04-28 14:59:41 [WS PROFILE] select_carriage: 17.9 ms | 1 -> 2
2026-04-28 14:59:41 [WS PROFILE] get_z_positions: 250.8 ms | z1=25.0, z2=15.569999999999936
2026-04-28 14:59:41 [WS PROFILE] get_position: 751.0 ms | x1=0.0 y1=0.5 z1=25.0 x2=711.31 y2=-13.4 z2=15.569999999999936
2026-04-28 14:59:41 [MOVE PROFILE] verify_mov took 751.7 ms
2026-04-28 14:59:41 [MOVE PROFILE] total move() time 2253.8 ms
2026-04-28 14:59:42 [WS PROFILE] send_gcode_and_wait: 12.3 ms | SET_DUAL_CARRIAGE CARRIAGE=x2
2026-04-28 14:59:42 [WS PROFILE] send_gcode_and_wait: 6.4 ms | SET_DUAL_CARRIAGE CARRIAGE=y2
2026-04-28 14:59:42 [WS PROFILE] select_carriage: 20.1 ms | 2 -> 2
2026-04-28 14:59:42 [MOVE PROFILE] queue carriage2 cmd took 21.1 ms
2026-04-28 14:59:42 [WS PROFILE] send_gcode_and_wait: 314.2 ms | M400
2026-04-28 14:59:42 [WS PROFILE] wait_for_moves: 315.0 ms
2026-04-28 14:59:42 [MOVE PROFILE] wait_for_moves took 315.5 ms
2026-04-28 14:59:42 [WS PROFILE] send_gcode_and_wait: 9.8 ms | SET_DUAL_CARRIAGE CARRIAGE=x
2026-04-28 14:59:42 [WS PROFILE] send_gcode_and_wait: 6.8 ms | SET_DUAL_CARRIAGE CARRIAGE=y
2026-04-28 14:59:42 [WS PROFILE] select_carriage: 18.2 ms | 2 -> 1
2026-04-28 14:59:42 [WS PROFILE] is_toolhead_moving:get_velocity: 183.7 ms | carriage=1, v=0.0
2026-04-28 14:59:42 [WS PROFILE] send_gcode_and_wait: 9.4 ms | SET_DUAL_CARRIAGE CARRIAGE=x2
2026-04-28 14:59:42 [WS PROFILE] send_gcode_and_wait: 7.3 ms | SET_DUAL_CARRIAGE CARRIAGE=y2
2026-04-28 14:59:42 [WS PROFILE] select_carriage: 18.2 ms | 1 -> 2
2026-04-28 14:59:42 [WS PROFILE] is_toolhead_moving:get_velocity: 247.8 ms | carriage=2, v=0.0
2026-04-28 14:59:42 [WS PROFILE] is_toolhead_moving: 433.0 ms | moving=False
2026-04-28 14:59:42 [MOVE PROFILE] velocity settle loop took 433.6 ms (0 checks)
2026-04-28 14:59:42 [WS PROFILE] send_gcode_and_wait: 10.6 ms | SET_DUAL_CARRIAGE CARRIAGE=x
2026-04-28 14:59:42 [WS PROFILE] send_gcode_and_wait: 8.4 ms | SET_DUAL_CARRIAGE CARRIAGE=y
2026-04-28 14:59:42 [WS PROFILE] select_carriage: 20.6 ms | 2 -> 1
2026-04-28 14:59:43 [WS PROFILE] send_gcode_and_wait: 10.3 ms | SET_DUAL_CARRIAGE CARRIAGE=x2
2026-04-28 14:59:43 [WS PROFILE] send_gcode_and_wait: 6.6 ms | SET_DUAL_CARRIAGE CARRIAGE=y2
2026-04-28 14:59:43 [WS PROFILE] select_carriage: 18.6 ms | 1 -> 2
2026-04-28 14:59:43 [WS PROFILE] get_z_positions: 250.0 ms | z1=25.0, z2=15.579999999999936
2026-04-28 14:59:43 [WS PROFILE] get_position: 750.6 ms | x1=0.0 y1=0.5 z1=25.0 x2=711.31 y2=-13.4 z2=15.579999999999936
2026-04-28 14:59:43 [MOVE PROFILE] z convergence loop took 751.2 ms (1 checks)
2026-04-28 14:59:43 [WS PROFILE] send_gcode_and_wait: 10.1 ms | SET_DUAL_CARRIAGE CARRIAGE=x
2026-04-28 14:59:43 [WS PROFILE] send_gcode_and_wait: 7.7 ms | SET_DUAL_CARRIAGE CARRIAGE=y
2026-04-28 14:59:43 [WS PROFILE] select_carriage: 19.4 ms | 2 -> 1
2026-04-28 14:59:43 [WS PROFILE] send_gcode_and_wait: 11.2 ms | SET_DUAL_CARRIAGE CARRIAGE=x2
2026-04-28 14:59:43 [WS PROFILE] send_gcode_and_wait: 6.6 ms | SET_DUAL_CARRIAGE CARRIAGE=y2
2026-04-28 14:59:43 [WS PROFILE] select_carriage: 19.4 ms | 1 -> 2
2026-04-28 14:59:44 [WS PROFILE] get_z_positions: 251.4 ms | z1=25.0, z2=15.579999999999936
2026-04-28 14:59:44 [WS PROFILE] get_position: 751.6 ms | x1=0.0 y1=0.5 z1=25.0 x2=711.31 y2=-13.4 z2=15.579999999999936
2026-04-28 14:59:44 [MOVE PROFILE] verify_mov took 752.2 ms
2026-04-28 14:59:44 [MOVE PROFILE] total move() time 2276.7 ms
2026-04-28 14:59:44 [WS PROFILE] send_gcode_and_wait: 11.6 ms | SET_DUAL_CARRIAGE CARRIAGE=x2
2026-04-28 14:59:44 [WS PROFILE] send_gcode_and_wait: 5.7 ms | SET_DUAL_CARRIAGE CARRIAGE=y2
2026-04-28 14:59:44 [WS PROFILE] select_carriage: 18.7 ms | 2 -> 2
2026-04-28 14:59:44 [MOVE PROFILE] queue carriage2 cmd took 20.0 ms
2026-04-28 14:59:45 [WS PROFILE] send_gcode_and_wait: 312.8 ms | M400
2026-04-28 14:59:45 [WS PROFILE] wait_for_moves: 313.7 ms
2026-04-28 14:59:45 [MOVE PROFILE] wait_for_moves took 314.1 ms
2026-04-28 14:59:45 [WS PROFILE] send_gcode_and_wait: 9.5 ms | SET_DUAL_CARRIAGE CARRIAGE=x
2026-04-28 14:59:45 [WS PROFILE] send_gcode_and_wait: 6.7 ms | SET_DUAL_CARRIAGE CARRIAGE=y
2026-04-28 14:59:45 [WS PROFILE] select_carriage: 17.7 ms | 2 -> 1
2026-04-28 14:59:45 [WS PROFILE] is_toolhead_moving:get_velocity: 173.5 ms | carriage=1, v=0.0
2026-04-28 14:59:45 [WS PROFILE] send_gcode_and_wait: 10.9 ms | SET_DUAL_CARRIAGE CARRIAGE=x2
2026-04-28 14:59:45 [WS PROFILE] send_gcode_and_wait: 6.9 ms | SET_DUAL_CARRIAGE CARRIAGE=y2
2026-04-28 14:59:45 [WS PROFILE] select_carriage: 19.3 ms | 1 -> 2
2026-04-28 14:59:45 [WS PROFILE] is_toolhead_moving:get_velocity: 250.2 ms | carriage=2, v=0.0
2026-04-28 14:59:45 [WS PROFILE] is_toolhead_moving: 425.2 ms | moving=False
2026-04-28 14:59:45 [MOVE PROFILE] velocity settle loop took 425.8 ms (0 checks)
2026-04-28 14:59:45 [WS PROFILE] send_gcode_and_wait: 11.3 ms | SET_DUAL_CARRIAGE CARRIAGE=x
2026-04-28 14:59:45 [WS PROFILE] send_gcode_and_wait: 7.2 ms | SET_DUAL_CARRIAGE CARRIAGE=y
2026-04-28 14:59:45 [WS PROFILE] select_carriage: 20.6 ms | 2 -> 1
2026-04-28 14:59:45 [WS PROFILE] send_gcode_and_wait: 10.3 ms | SET_DUAL_CARRIAGE CARRIAGE=x2
2026-04-28 14:59:45 [WS PROFILE] send_gcode_and_wait: 6.8 ms | SET_DUAL_CARRIAGE CARRIAGE=y2
2026-04-28 14:59:45 [WS PROFILE] select_carriage: 18.8 ms | 1 -> 2
2026-04-28 14:59:46 [WS PROFILE] get_z_positions: 250.7 ms | z1=25.0, z2=15.589999999999936
2026-04-28 14:59:46 [WS PROFILE] get_position: 749.8 ms | x1=0.0 y1=0.5 z1=25.0 x2=711.31 y2=-13.4 z2=15.589999999999936
2026-04-28 14:59:46 [MOVE PROFILE] z convergence loop took 750.2 ms (1 checks)
2026-04-28 14:59:46 [WS PROFILE] send_gcode_and_wait: 11.0 ms | SET_DUAL_CARRIAGE CARRIAGE=x
2026-04-28 14:59:46 [WS PROFILE] send_gcode_and_wait: 7.4 ms | SET_DUAL_CARRIAGE CARRIAGE=y
2026-04-28 14:59:46 [WS PROFILE] select_carriage: 20.6 ms | 2 -> 1
2026-04-28 14:59:46 [WS PROFILE] send_gcode_and_wait: 9.8 ms | SET_DUAL_CARRIAGE CARRIAGE=x2
2026-04-28 14:59:46 [WS PROFILE] send_gcode_and_wait: 7.2 ms | SET_DUAL_CARRIAGE CARRIAGE=y2
2026-04-28 14:59:46 [WS PROFILE] select_carriage: 18.6 ms | 1 -> 2
2026-04-28 14:59:46 [WS PROFILE] get_z_positions: 250.5 ms | z1=25.0, z2=15.589999999999936
2026-04-28 14:59:46 [WS PROFILE] get_position: 751.1 ms | x1=0.0 y1=0.5 z1=25.0 x2=711.31 y2=-13.4 z2=15.589999999999936
2026-04-28 14:59:46 [MOVE PROFILE] verify_mov took 751.6 ms
2026-04-28 14:59:46 [MOVE PROFILE] total move() time 2265.3 ms
2026-04-28 14:59:47 [WS PROFILE] send_gcode_and_wait: 13.1 ms | SET_DUAL_CARRIAGE CARRIAGE=x2
2026-04-28 14:59:47 [WS PROFILE] send_gcode_and_wait: 6.5 ms | SET_DUAL_CARRIAGE CARRIAGE=y2
2026-04-28 14:59:47 [WS PROFILE] select_carriage: 21.0 ms | 2 -> 2
2026-04-28 14:59:47 [MOVE PROFILE] queue carriage2 cmd took 22.0 ms
2026-04-28 14:59:47 [WS PROFILE] send_gcode_and_wait: 314.7 ms | M400
2026-04-28 14:59:47 [WS PROFILE] wait_for_moves: 315.5 ms
2026-04-28 14:59:47 [MOVE PROFILE] wait_for_moves took 316.0 ms
2026-04-28 14:59:47 [WS PROFILE] send_gcode_and_wait: 10.4 ms | SET_DUAL_CARRIAGE CARRIAGE=x
2026-04-28 14:59:47 [WS PROFILE] send_gcode_and_wait: 7.0 ms | SET_DUAL_CARRIAGE CARRIAGE=y
2026-04-28 14:59:47 [WS PROFILE] select_carriage: 19.1 ms | 2 -> 1
2026-04-28 14:59:47 [WS PROFILE] is_toolhead_moving:get_velocity: 190.4 ms | carriage=1, v=0.0
2026-04-28 14:59:47 [WS PROFILE] send_gcode_and_wait: 10.2 ms | SET_DUAL_CARRIAGE CARRIAGE=x2
2026-04-28 14:59:47 [WS PROFILE] send_gcode_and_wait: 10.0 ms | SET_DUAL_CARRIAGE CARRIAGE=y2
2026-04-28 14:59:47 [WS PROFILE] select_carriage: 22.1 ms | 1 -> 2
2026-04-28 14:59:47 [WS PROFILE] is_toolhead_moving:get_velocity: 248.9 ms | carriage=2, v=0.0
2026-04-28 14:59:47 [WS PROFILE] is_toolhead_moving: 441.0 ms | moving=False
2026-04-28 14:59:47 [MOVE PROFILE] velocity settle loop took 441.5 ms (0 checks)
2026-04-28 14:59:47 [WS PROFILE] send_gcode_and_wait: 10.2 ms | SET_DUAL_CARRIAGE CARRIAGE=x
2026-04-28 14:59:47 [WS PROFILE] send_gcode_and_wait: 7.0 ms | SET_DUAL_CARRIAGE CARRIAGE=y
2026-04-28 14:59:47 [WS PROFILE] select_carriage: 18.6 ms | 2 -> 1
2026-04-28 14:59:48 [WS PROFILE] send_gcode_and_wait: 9.8 ms | SET_DUAL_CARRIAGE CARRIAGE=x2
2026-04-28 14:59:48 [WS PROFILE] send_gcode_and_wait: 11.9 ms | SET_DUAL_CARRIAGE CARRIAGE=y2
2026-04-28 14:59:48 [WS PROFILE] select_carriage: 24.1 ms | 1 -> 2
2026-04-28 14:59:48 [WS PROFILE] get_z_positions: 250.6 ms | z1=25.0, z2=15.599999999999936
2026-04-28 14:59:48 [WS PROFILE] get_position: 751.9 ms | x1=0.0 y1=0.5 z1=25.0 x2=711.31 y2=-13.4 z2=15.599999999999936
2026-04-28 14:59:48 [MOVE PROFILE] z convergence loop took 752.7 ms (1 checks)
2026-04-28 14:59:48 [WS PROFILE] send_gcode_and_wait: 10.2 ms | SET_DUAL_CARRIAGE CARRIAGE=x
2026-04-28 14:59:48 [WS PROFILE] send_gcode_and_wait: 14.0 ms | SET_DUAL_CARRIAGE CARRIAGE=y
2026-04-28 14:59:48 [WS PROFILE] select_carriage: 27.1 ms | 2 -> 1
2026-04-28 14:59:48 [WS PROFILE] send_gcode_and_wait: 11.0 ms | SET_DUAL_CARRIAGE CARRIAGE=x2
2026-04-28 14:59:48 [WS PROFILE] send_gcode_and_wait: 6.8 ms | SET_DUAL_CARRIAGE CARRIAGE=y2
2026-04-28 14:59:48 [WS PROFILE] select_carriage: 19.0 ms | 1 -> 2
2026-04-28 14:59:49 [WS PROFILE] get_z_positions: 249.7 ms | z1=25.0, z2=15.599999999999936
2026-04-28 14:59:49 [WS PROFILE] get_position: 749.6 ms | x1=0.0 y1=0.5 z1=25.0 x2=711.31 y2=-13.4 z2=15.599999999999936
2026-04-28 14:59:49 [MOVE PROFILE] verify_mov took 750.9 ms
2026-04-28 14:59:49 [MOVE PROFILE] total move() time 2287.0 ms
2026-04-28 14:59:49 [WS PROFILE] send_gcode_and_wait: 17.7 ms | SET_DUAL_CARRIAGE CARRIAGE=x2
2026-04-28 14:59:49 [WS PROFILE] send_gcode_and_wait: 6.4 ms | SET_DUAL_CARRIAGE CARRIAGE=y2
2026-04-28 14:59:49 [WS PROFILE] select_carriage: 26.4 ms | 2 -> 2
2026-04-28 14:59:49 [MOVE PROFILE] queue carriage2 cmd took 27.3 ms
2026-04-28 14:59:50 [WS PROFILE] send_gcode_and_wait: 422.1 ms | M400
2026-04-28 14:59:50 [WS PROFILE] wait_for_moves: 423.8 ms
2026-04-28 14:59:50 [MOVE PROFILE] wait_for_moves took 425.3 ms
2026-04-28 14:59:50 [WS PROFILE] send_gcode_and_wait: 9.9 ms | SET_DUAL_CARRIAGE CARRIAGE=x
2026-04-28 14:59:50 [WS PROFILE] send_gcode_and_wait: 6.4 ms | SET_DUAL_CARRIAGE CARRIAGE=y
2026-04-28 14:59:50 [WS PROFILE] select_carriage: 22.5 ms | 2 -> 1
2026-04-28 14:59:50 [WS PROFILE] is_toolhead_moving:get_velocity: 101.9 ms | carriage=1, v=0.0
2026-04-28 14:59:50 [WS PROFILE] send_gcode_and_wait: 9.4 ms | SET_DUAL_CARRIAGE CARRIAGE=x2
2026-04-28 14:59:50 [WS PROFILE] send_gcode_and_wait: 8.5 ms | SET_DUAL_CARRIAGE CARRIAGE=y2
2026-04-28 14:59:50 [WS PROFILE] select_carriage: 20.3 ms | 1 -> 2
2026-04-28 14:59:50 [WS PROFILE] is_toolhead_moving:get_velocity: 253.8 ms | carriage=2, v=0.0
2026-04-28 14:59:50 [WS PROFILE] is_toolhead_moving: 358.9 ms | moving=False
2026-04-28 14:59:50 [MOVE PROFILE] velocity settle loop took 360.1 ms (0 checks)
2026-04-28 14:59:50 [WS PROFILE] send_gcode_and_wait: 10.7 ms | SET_DUAL_CARRIAGE CARRIAGE=x
2026-04-28 14:59:50 [WS PROFILE] send_gcode_and_wait: 9.5 ms | SET_DUAL_CARRIAGE CARRIAGE=y
2026-04-28 14:59:50 [WS PROFILE] select_carriage: 22.8 ms | 2 -> 1
2026-04-28 14:59:50 [WS PROFILE] send_gcode_and_wait: 10.5 ms | SET_DUAL_CARRIAGE CARRIAGE=x2
2026-04-28 14:59:50 [WS PROFILE] send_gcode_and_wait: 6.8 ms | SET_DUAL_CARRIAGE CARRIAGE=y2
2026-04-28 14:59:50 [WS PROFILE] select_carriage: 19.3 ms | 1 -> 2
2026-04-28 14:59:51 [WS PROFILE] get_z_positions: 246.3 ms | z1=25.0, z2=15.39999999999994
2026-04-28 14:59:51 [WS PROFILE] get_position: 748.8 ms | x1=0.0 y1=0.5 z1=25.0 x2=711.31 y2=-13.4 z2=15.39999999999994
2026-04-28 14:59:51 [MOVE PROFILE] z convergence loop took 750.3 ms (1 checks)
2026-04-28 14:59:51 [WS PROFILE] send_gcode_and_wait: 10.7 ms | SET_DUAL_CARRIAGE CARRIAGE=x
2026-04-28 14:59:51 [WS PROFILE] send_gcode_and_wait: 6.9 ms | SET_DUAL_CARRIAGE CARRIAGE=y
2026-04-28 14:59:51 [WS PROFILE] select_carriage: 22.6 ms | 2 -> 1
2026-04-28 14:59:51 [WS PROFILE] send_gcode_and_wait: 10.2 ms | SET_DUAL_CARRIAGE CARRIAGE=x2
2026-04-28 14:59:51 [WS PROFILE] send_gcode_and_wait: 6.6 ms | SET_DUAL_CARRIAGE CARRIAGE=y2
2026-04-28 14:59:51 [WS PROFILE] select_carriage: 18.4 ms | 1 -> 2
2026-04-28 14:59:51 [WS PROFILE] get_z_positions: 249.7 ms | z1=25.0, z2=15.39999999999994
2026-04-28 14:59:51 [WS PROFILE] get_position: 748.7 ms | x1=0.0 y1=0.5 z1=25.0 x2=711.31 y2=-13.4 z2=15.39999999999994
2026-04-28 14:59:51 [MOVE PROFILE] verify_mov took 750.0 ms
2026-04-28 14:59:51 [MOVE PROFILE] total move() time 2318.9 ms
2026-04-28 15:00:06 [WS PROFILE] send_gcode_and_wait: 14.6 ms | SET_DUAL_CARRIAGE CARRIAGE=x2
2026-04-28 15:00:06 [WS PROFILE] send_gcode_and_wait: 10.1 ms | SET_DUAL_CARRIAGE CARRIAGE=y2
2026-04-28 15:00:06 [WS PROFILE] select_carriage: 55.0 ms | 2 -> 2
2026-04-28 15:00:06 [MOVE PROFILE] queue carriage2 cmd took 57.3 ms
2026-04-28 15:00:07 [WS PROFILE] send_gcode_and_wait: 419.8 ms | M400
2026-04-28 15:00:07 [WS PROFILE] wait_for_moves: 421.7 ms
2026-04-28 15:00:07 [MOVE PROFILE] wait_for_moves took 423.4 ms
2026-04-28 15:00:07 [WS PROFILE] send_gcode_and_wait: 11.1 ms | SET_DUAL_CARRIAGE CARRIAGE=x
2026-04-28 15:00:07 [WS PROFILE] send_gcode_and_wait: 15.1 ms | SET_DUAL_CARRIAGE CARRIAGE=y
2026-04-28 15:00:07 [WS PROFILE] select_carriage: 30.2 ms | 2 -> 1
2026-04-28 15:00:07 [WS PROFILE] is_toolhead_moving:get_velocity: 85.0 ms | carriage=1, v=0.0
2026-04-28 15:00:07 [WS PROFILE] send_gcode_and_wait: 9.9 ms | SET_DUAL_CARRIAGE CARRIAGE=x2
2026-04-28 15:00:07 [WS PROFILE] send_gcode_and_wait: 8.9 ms | SET_DUAL_CARRIAGE CARRIAGE=y2
2026-04-28 15:00:07 [WS PROFILE] select_carriage: 20.5 ms | 1 -> 2
2026-04-28 15:00:07 [WS PROFILE] is_toolhead_moving:get_velocity: 249.3 ms | carriage=2, v=0.0
2026-04-28 15:00:07 [WS PROFILE] is_toolhead_moving: 336.8 ms | moving=False
2026-04-28 15:00:07 [MOVE PROFILE] velocity settle loop took 338.0 ms (0 checks)
2026-04-28 15:00:07 [WS PROFILE] send_gcode_and_wait: 11.0 ms | SET_DUAL_CARRIAGE CARRIAGE=x
2026-04-28 15:00:07 [WS PROFILE] send_gcode_and_wait: 6.6 ms | SET_DUAL_CARRIAGE CARRIAGE=y
2026-04-28 15:00:07 [WS PROFILE] select_carriage: 19.5 ms | 2 -> 1
2026-04-28 15:00:08 [WS PROFILE] send_gcode_and_wait: 10.0 ms | SET_DUAL_CARRIAGE CARRIAGE=x2
2026-04-28 15:00:08 [WS PROFILE] send_gcode_and_wait: 7.2 ms | SET_DUAL_CARRIAGE CARRIAGE=y2
2026-04-28 15:00:08 [WS PROFILE] select_carriage: 19.4 ms | 1 -> 2
2026-04-28 15:00:08 [WS PROFILE] get_z_positions: 251.2 ms | z1=25.0, z2=15.38999999999995
2026-04-28 15:00:08 [WS PROFILE] get_position: 753.4 ms | x1=0.0 y1=0.5 z1=25.0 x2=711.31 y2=-13.4 z2=15.38999999999995
2026-04-28 15:00:08 [MOVE PROFILE] z convergence loop took 755.4 ms (1 checks)
2026-04-28 15:00:08 [WS PROFILE] send_gcode_and_wait: 10.8 ms | SET_DUAL_CARRIAGE CARRIAGE=x
2026-04-28 15:00:08 [WS PROFILE] send_gcode_and_wait: 6.6 ms | SET_DUAL_CARRIAGE CARRIAGE=y
2026-04-28 15:00:08 [WS PROFILE] select_carriage: 20.9 ms | 2 -> 1
2026-04-28 15:00:08 [WS PROFILE] send_gcode_and_wait: 11.1 ms | SET_DUAL_CARRIAGE CARRIAGE=x2
2026-04-28 15:00:08 [WS PROFILE] send_gcode_and_wait: 6.5 ms | SET_DUAL_CARRIAGE CARRIAGE=y2
2026-04-28 15:00:08 [WS PROFILE] select_carriage: 19.2 ms | 1 -> 2
2026-04-28 15:00:09 [WS PROFILE] get_z_positions: 251.1 ms | z1=25.0, z2=15.38999999999995
2026-04-28 15:00:09 [WS PROFILE] get_position: 746.7 ms | x1=0.0 y1=0.5 z1=25.0 x2=711.31 y2=-13.4 z2=15.38999999999995
2026-04-28 15:00:09 [MOVE PROFILE] verify_mov took 747.6 ms
2026-04-28 15:00:09 [MOVE PROFILE] total move() time 2333.5 ms
2026-04-28 15:00:09 [WS PROFILE] send_gcode_and_wait: 13.3 ms | SET_DUAL_CARRIAGE CARRIAGE=x2
2026-04-28 15:00:09 [WS PROFILE] send_gcode_and_wait: 6.6 ms | SET_DUAL_CARRIAGE CARRIAGE=y2
2026-04-28 15:00:09 [WS PROFILE] select_carriage: 22.0 ms | 2 -> 2
2026-04-28 15:00:09 [MOVE PROFILE] queue carriage2 cmd took 23.1 ms
2026-04-28 15:00:09 [WS PROFILE] send_gcode_and_wait: 316.6 ms | M400
2026-04-28 15:00:09 [WS PROFILE] wait_for_moves: 318.4 ms
2026-04-28 15:00:09 [MOVE PROFILE] wait_for_moves took 320.0 ms
2026-04-28 15:00:09 [WS PROFILE] send_gcode_and_wait: 10.5 ms | SET_DUAL_CARRIAGE CARRIAGE=x
2026-04-28 15:00:09 [WS PROFILE] send_gcode_and_wait: 7.1 ms | SET_DUAL_CARRIAGE CARRIAGE=y
2026-04-28 15:00:09 [WS PROFILE] select_carriage: 22.0 ms | 2 -> 1
2026-04-28 15:00:10 [WS PROFILE] is_toolhead_moving:get_velocity: 222.7 ms | carriage=1, v=0.0
2026-04-28 15:00:10 [WS PROFILE] send_gcode_and_wait: 10.5 ms | SET_DUAL_CARRIAGE CARRIAGE=x2
2026-04-28 15:00:10 [WS PROFILE] send_gcode_and_wait: 7.2 ms | SET_DUAL_CARRIAGE CARRIAGE=y2
2026-04-28 15:00:10 [WS PROFILE] select_carriage: 19.9 ms | 1 -> 2
2026-04-28 15:00:10 [WS PROFILE] is_toolhead_moving:get_velocity: 230.9 ms | carriage=2, v=0.0
2026-04-28 15:00:10 [WS PROFILE] is_toolhead_moving: 456.3 ms | moving=False
2026-04-28 15:00:10 [MOVE PROFILE] velocity settle loop took 457.5 ms (0 checks)
2026-04-28 15:00:10 [WS PROFILE] send_gcode_and_wait: 10.7 ms | SET_DUAL_CARRIAGE CARRIAGE=x
2026-04-28 15:00:10 [WS PROFILE] send_gcode_and_wait: 6.8 ms | SET_DUAL_CARRIAGE CARRIAGE=y
2026-04-28 15:00:10 [WS PROFILE] select_carriage: 19.4 ms | 2 -> 1
2026-04-28 15:00:10 [WS PROFILE] send_gcode_and_wait: 10.4 ms | SET_DUAL_CARRIAGE CARRIAGE=x2
2026-04-28 15:00:10 [WS PROFILE] send_gcode_and_wait: 7.2 ms | SET_DUAL_CARRIAGE CARRIAGE=y2
2026-04-28 15:00:10 [WS PROFILE] select_carriage: 19.8 ms | 1 -> 2
2026-04-28 15:00:11 [WS PROFILE] get_z_positions: 247.8 ms | z1=25.0, z2=15.39099999999995
2026-04-28 15:00:11 [WS PROFILE] get_position: 746.1 ms | x1=0.0 y1=0.5 z1=25.0 x2=711.31 y2=-13.4 z2=15.39099999999995
2026-04-28 15:00:11 [MOVE PROFILE] z convergence loop took 747.6 ms (1 checks)
2026-04-28 15:00:11 [WS PROFILE] send_gcode_and_wait: 9.5 ms | SET_DUAL_CARRIAGE CARRIAGE=x
2026-04-28 15:00:11 [WS PROFILE] send_gcode_and_wait: 7.3 ms | SET_DUAL_CARRIAGE CARRIAGE=y
2026-04-28 15:00:11 [WS PROFILE] select_carriage: 20.7 ms | 2 -> 1
2026-04-28 15:00:11 [WS PROFILE] send_gcode_and_wait: 10.1 ms | SET_DUAL_CARRIAGE CARRIAGE=x2
2026-04-28 15:00:11 [WS PROFILE] send_gcode_and_wait: 6.6 ms | SET_DUAL_CARRIAGE CARRIAGE=y2
2026-04-28 15:00:11 [WS PROFILE] select_carriage: 19.1 ms | 1 -> 2
2026-04-28 15:00:11 [WS PROFILE] get_z_positions: 250.7 ms | z1=25.0, z2=15.39099999999995
2026-04-28 15:00:11 [WS PROFILE] get_position: 751.1 ms | x1=0.0 y1=0.5 z1=25.0 x2=711.31 y2=-13.4 z2=15.39099999999995
2026-04-28 15:00:11 [MOVE PROFILE] verify_mov took 752.9 ms
2026-04-28 15:00:11 [MOVE PROFILE] total move() time 2309.5 ms
2026-04-28 15:00:11 [WS PROFILE] send_gcode_and_wait: 13.1 ms | SET_DUAL_CARRIAGE CARRIAGE=x2
2026-04-28 15:00:11 [WS PROFILE] send_gcode_and_wait: 6.7 ms | SET_DUAL_CARRIAGE CARRIAGE=y2
2026-04-28 15:00:11 [WS PROFILE] select_carriage: 21.6 ms | 2 -> 2
2026-04-28 15:00:11 [MOVE PROFILE] queue carriage2 cmd took 23.0 ms
2026-04-28 15:00:12 [WS PROFILE] send_gcode_and_wait: 313.5 ms | M400
2026-04-28 15:00:12 [WS PROFILE] wait_for_moves: 315.4 ms
2026-04-28 15:00:12 [MOVE PROFILE] wait_for_moves took 317.3 ms
2026-04-28 15:00:12 [WS PROFILE] send_gcode_and_wait: 10.8 ms | SET_DUAL_CARRIAGE CARRIAGE=x
2026-04-28 15:00:12 [WS PROFILE] send_gcode_and_wait: 8.0 ms | SET_DUAL_CARRIAGE CARRIAGE=y
2026-04-28 15:00:12 [WS PROFILE] select_carriage: 21.6 ms | 2 -> 1
2026-04-28 15:00:12 [WS PROFILE] is_toolhead_moving:get_velocity: 225.1 ms | carriage=1, v=0.0
2026-04-28 15:00:12 [WS PROFILE] send_gcode_and_wait: 10.3 ms | SET_DUAL_CARRIAGE CARRIAGE=x2
2026-04-28 15:00:12 [WS PROFILE] send_gcode_and_wait: 6.8 ms | SET_DUAL_CARRIAGE CARRIAGE=y2
2026-04-28 15:00:12 [WS PROFILE] select_carriage: 19.4 ms | 1 -> 2
2026-04-28 15:00:12 [WS PROFILE] is_toolhead_moving:get_velocity: 250.1 ms | carriage=2, v=0.0
2026-04-28 15:00:12 [WS PROFILE] is_toolhead_moving: 478.6 ms | moving=False
2026-04-28 15:00:12 [MOVE PROFILE] velocity settle loop took 480.1 ms (0 checks)
2026-04-28 15:00:12 [WS PROFILE] send_gcode_and_wait: 10.7 ms | SET_DUAL_CARRIAGE CARRIAGE=x
2026-04-28 15:00:12 [WS PROFILE] send_gcode_and_wait: 6.9 ms | SET_DUAL_CARRIAGE CARRIAGE=y
2026-04-28 15:00:12 [WS PROFILE] select_carriage: 19.2 ms | 2 -> 1
2026-04-28 15:00:13 [WS PROFILE] send_gcode_and_wait: 11.3 ms | SET_DUAL_CARRIAGE CARRIAGE=x2
2026-04-28 15:00:13 [WS PROFILE] send_gcode_and_wait: 6.9 ms | SET_DUAL_CARRIAGE CARRIAGE=y2
2026-04-28 15:00:13 [WS PROFILE] select_carriage: 20.5 ms | 1 -> 2
2026-04-28 15:00:13 [WS PROFILE] get_z_positions: 250.8 ms | z1=25.0, z2=15.39199999999995
2026-04-28 15:00:13 [WS PROFILE] get_position: 999.3 ms | x1=0.0 y1=0.5 z1=25.0 x2=711.31 y2=-13.4 z2=15.39199999999995
2026-04-28 15:00:13 [MOVE PROFILE] z convergence loop took 1000.8 ms (1 checks)
2026-04-28 15:00:13 [WS PROFILE] send_gcode_and_wait: 10.9 ms | SET_DUAL_CARRIAGE CARRIAGE=x
2026-04-28 15:00:13 [WS PROFILE] send_gcode_and_wait: 7.3 ms | SET_DUAL_CARRIAGE CARRIAGE=y
2026-04-28 15:00:13 [WS PROFILE] select_carriage: 21.2 ms | 2 -> 1
2026-04-28 15:00:14 [WS PROFILE] send_gcode_and_wait: 10.5 ms | SET_DUAL_CARRIAGE CARRIAGE=x2
2026-04-28 15:00:14 [WS PROFILE] send_gcode_and_wait: 6.8 ms | SET_DUAL_CARRIAGE CARRIAGE=y2
2026-04-28 15:00:14 [WS PROFILE] select_carriage: 19.2 ms | 1 -> 2
2026-04-28 15:00:14 [WS PROFILE] get_z_positions: 250.5 ms | z1=25.0, z2=15.39199999999995
2026-04-28 15:00:14 [WS PROFILE] get_position: 750.2 ms | x1=0.0 y1=0.5 z1=25.0 x2=711.31 y2=-13.4 z2=15.39199999999995
2026-04-28 15:00:14 [MOVE PROFILE] verify_mov took 751.2 ms
2026-04-28 15:00:14 [MOVE PROFILE] total move() time 2578.7 ms
2026-04-28 15:00:14 [WS PROFILE] send_gcode_and_wait: 12.7 ms | SET_DUAL_CARRIAGE CARRIAGE=x2
2026-04-28 15:00:14 [WS PROFILE] send_gcode_and_wait: 5.6 ms | SET_DUAL_CARRIAGE CARRIAGE=y2
2026-04-28 15:00:14 [WS PROFILE] select_carriage: 20.0 ms | 2 -> 2
2026-04-28 15:00:14 [MOVE PROFILE] queue carriage2 cmd took 20.9 ms
2026-04-28 15:00:15 [WS PROFILE] send_gcode_and_wait: 312.1 ms | M400
2026-04-28 15:00:15 [WS PROFILE] wait_for_moves: 314.7 ms
2026-04-28 15:00:15 [MOVE PROFILE] wait_for_moves took 316.3 ms
2026-04-28 15:00:15 [WS PROFILE] send_gcode_and_wait: 10.0 ms | SET_DUAL_CARRIAGE CARRIAGE=x
2026-04-28 15:00:15 [WS PROFILE] send_gcode_and_wait: 8.7 ms | SET_DUAL_CARRIAGE CARRIAGE=y
2026-04-28 15:00:15 [WS PROFILE] select_carriage: 23.3 ms | 2 -> 1
2026-04-28 15:00:15 [WS PROFILE] is_toolhead_moving:get_velocity: 222.2 ms | carriage=1, v=0.0
2026-04-28 15:00:15 [WS PROFILE] send_gcode_and_wait: 10.6 ms | SET_DUAL_CARRIAGE CARRIAGE=x2
2026-04-28 15:00:15 [WS PROFILE] send_gcode_and_wait: 7.5 ms | SET_DUAL_CARRIAGE CARRIAGE=y2
2026-04-28 15:00:15 [WS PROFILE] select_carriage: 20.2 ms | 1 -> 2
2026-04-28 15:00:15 [WS PROFILE] is_toolhead_moving:get_velocity: 249.9 ms | carriage=2, v=0.0
2026-04-28 15:00:15 [WS PROFILE] is_toolhead_moving: 475.4 ms | moving=False
2026-04-28 15:00:15 [MOVE PROFILE] velocity settle loop took 477.0 ms (0 checks)
2026-04-28 15:00:15 [WS PROFILE] send_gcode_and_wait: 10.3 ms | SET_DUAL_CARRIAGE CARRIAGE=x
2026-04-28 15:00:15 [WS PROFILE] send_gcode_and_wait: 7.7 ms | SET_DUAL_CARRIAGE CARRIAGE=y
2026-04-28 15:00:15 [WS PROFILE] select_carriage: 20.1 ms | 2 -> 1
2026-04-28 15:00:15 [WS PROFILE] send_gcode_and_wait: 11.8 ms | SET_DUAL_CARRIAGE CARRIAGE=x2
2026-04-28 15:00:15 [WS PROFILE] send_gcode_and_wait: 6.7 ms | SET_DUAL_CARRIAGE CARRIAGE=y2
2026-04-28 15:00:15 [WS PROFILE] select_carriage: 21.1 ms | 1 -> 2
2026-04-28 15:00:16 [WS PROFILE] get_z_positions: 252.4 ms | z1=25.0, z2=15.39299999999995
2026-04-28 15:00:16 [WS PROFILE] get_position: 748.3 ms | x1=0.0 y1=0.5 z1=25.0 x2=711.31 y2=-13.4 z2=15.39299999999995
2026-04-28 15:00:16 [MOVE PROFILE] z convergence loop took 750.5 ms (1 checks)
2026-04-28 15:00:16 [WS PROFILE] send_gcode_and_wait: 11.1 ms | SET_DUAL_CARRIAGE CARRIAGE=x
2026-04-28 15:00:16 [WS PROFILE] send_gcode_and_wait: 6.7 ms | SET_DUAL_CARRIAGE CARRIAGE=y
2026-04-28 15:00:16 [WS PROFILE] select_carriage: 20.1 ms | 2 -> 1
2026-04-28 15:00:16 [WS PROFILE] send_gcode_and_wait: 10.4 ms | SET_DUAL_CARRIAGE CARRIAGE=x2
2026-04-28 15:00:16 [WS PROFILE] send_gcode_and_wait: 6.7 ms | SET_DUAL_CARRIAGE CARRIAGE=y2
2026-04-28 15:00:16 [WS PROFILE] select_carriage: 18.7 ms | 1 -> 2
2026-04-28 15:00:17 [WS PROFILE] get_z_positions: 247.8 ms | z1=25.0, z2=15.39299999999995
2026-04-28 15:00:17 [WS PROFILE] get_position: 746.6 ms | x1=0.0 y1=0.5 z1=25.0 x2=711.31 y2=-13.4 z2=15.39299999999995
2026-04-28 15:00:17 [MOVE PROFILE] verify_mov took 748.3 ms
2026-04-28 15:00:17 [MOVE PROFILE] total move() time 2320.0 ms
2026-04-28 15:00:17 [WS PROFILE] send_gcode_and_wait: 10.1 ms | SET_DUAL_CARRIAGE CARRIAGE=x2
2026-04-28 15:00:17 [WS PROFILE] send_gcode_and_wait: 5.6 ms | SET_DUAL_CARRIAGE CARRIAGE=y2
2026-04-28 15:00:17 [WS PROFILE] select_carriage: 17.4 ms | 2 -> 2
2026-04-28 15:00:17 [MOVE PROFILE] queue carriage2 cmd took 18.4 ms
2026-04-28 15:00:17 [WS PROFILE] send_gcode_and_wait: 310.9 ms | M400
2026-04-28 15:00:17 [WS PROFILE] wait_for_moves: 312.2 ms
2026-04-28 15:00:17 [MOVE PROFILE] wait_for_moves took 313.1 ms
2026-04-28 15:00:17 [WS PROFILE] send_gcode_and_wait: 10.4 ms | SET_DUAL_CARRIAGE CARRIAGE=x
2026-04-28 15:00:17 [WS PROFILE] send_gcode_and_wait: 7.7 ms | SET_DUAL_CARRIAGE CARRIAGE=y
2026-04-28 15:00:17 [WS PROFILE] select_carriage: 20.0 ms | 2 -> 1
2026-04-28 15:00:17 [WS PROFILE] is_toolhead_moving:get_velocity: 230.6 ms | carriage=1, v=0.0
2026-04-28 15:00:17 [WS PROFILE] send_gcode_and_wait: 11.1 ms | SET_DUAL_CARRIAGE CARRIAGE=x2
2026-04-28 15:00:17 [WS PROFILE] send_gcode_and_wait: 7.4 ms | SET_DUAL_CARRIAGE CARRIAGE=y2
2026-04-28 15:00:17 [WS PROFILE] select_carriage: 20.8 ms | 1 -> 2
2026-04-28 15:00:18 [WS PROFILE] is_toolhead_moving:get_velocity: 245.1 ms | carriage=2, v=0.0
2026-04-28 15:00:18 [WS PROFILE] is_toolhead_moving: 479.6 ms | moving=False
2026-04-28 15:00:18 [MOVE PROFILE] velocity settle loop took 480.7 ms (0 checks)
2026-04-28 15:00:18 [WS PROFILE] send_gcode_and_wait: 15.9 ms | SET_DUAL_CARRIAGE CARRIAGE=x
2026-04-28 15:00:18 [WS PROFILE] send_gcode_and_wait: 6.5 ms | SET_DUAL_CARRIAGE CARRIAGE=y
2026-04-28 15:00:18 [WS PROFILE] select_carriage: 24.9 ms | 2 -> 1
2026-04-28 15:00:18 [WS PROFILE] send_gcode_and_wait: 10.2 ms | SET_DUAL_CARRIAGE CARRIAGE=x2
2026-04-28 15:00:18 [WS PROFILE] send_gcode_and_wait: 6.4 ms | SET_DUAL_CARRIAGE CARRIAGE=y2
2026-04-28 15:00:18 [WS PROFILE] select_carriage: 18.1 ms | 1 -> 2
2026-04-28 15:00:18 [WS PROFILE] get_z_positions: 250.2 ms | z1=25.0, z2=15.393999999999949
2026-04-28 15:00:18 [WS PROFILE] get_position: 754.1 ms | x1=0.0 y1=0.5 z1=25.0 x2=711.31 y2=-13.4 z2=15.393999999999949
2026-04-28 15:00:18 [MOVE PROFILE] z convergence loop took 755.8 ms (1 checks)
2026-04-28 15:00:18 [WS PROFILE] send_gcode_and_wait: 11.1 ms | SET_DUAL_CARRIAGE CARRIAGE=x
2026-04-28 15:00:18 [WS PROFILE] send_gcode_and_wait: 6.8 ms | SET_DUAL_CARRIAGE CARRIAGE=y
2026-04-28 15:00:18 [WS PROFILE] select_carriage: 23.7 ms | 2 -> 1
2026-04-28 15:00:19 [WS PROFILE] send_gcode_and_wait: 16.7 ms | SET_DUAL_CARRIAGE CARRIAGE=x2
2026-04-28 15:00:19 [WS PROFILE] send_gcode_and_wait: 6.8 ms | SET_DUAL_CARRIAGE CARRIAGE=y2
2026-04-28 15:00:19 [WS PROFILE] select_carriage: 25.1 ms | 1 -> 2
2026-04-28 15:00:19 [WS PROFILE] get_z_positions: 249.8 ms | z1=25.0, z2=15.393999999999949
2026-04-28 15:00:19 [WS PROFILE] get_position: 746.4 ms | x1=0.0 y1=0.5 z1=25.0 x2=711.31 y2=-13.4 z2=15.393999999999949
2026-04-28 15:00:19 [MOVE PROFILE] verify_mov took 747.7 ms
2026-04-28 15:00:19 [MOVE PROFILE] total move() time 2321.9 ms
2026-04-28 15:00:19 [WS PROFILE] send_gcode_and_wait: 16.8 ms | SET_DUAL_CARRIAGE CARRIAGE=x2
2026-04-28 15:00:19 [WS PROFILE] send_gcode_and_wait: 6.5 ms | SET_DUAL_CARRIAGE CARRIAGE=y2
2026-04-28 15:00:19 [WS PROFILE] select_carriage: 25.2 ms | 2 -> 2
2026-04-28 15:00:19 [MOVE PROFILE] queue carriage2 cmd took 26.5 ms
2026-04-28 15:00:20 [WS PROFILE] send_gcode_and_wait: 317.5 ms | M400
2026-04-28 15:00:20 [WS PROFILE] wait_for_moves: 319.2 ms
2026-04-28 15:00:20 [MOVE PROFILE] wait_for_moves took 320.8 ms
2026-04-28 15:00:20 [WS PROFILE] send_gcode_and_wait: 9.2 ms | SET_DUAL_CARRIAGE CARRIAGE=x
2026-04-28 15:00:20 [WS PROFILE] send_gcode_and_wait: 7.7 ms | SET_DUAL_CARRIAGE CARRIAGE=y
2026-04-28 15:00:20 [WS PROFILE] select_carriage: 22.4 ms | 2 -> 1
2026-04-28 15:00:20 [WS PROFILE] is_toolhead_moving:get_velocity: 202.7 ms | carriage=1, v=0.0
2026-04-28 15:00:20 [WS PROFILE] send_gcode_and_wait: 10.8 ms | SET_DUAL_CARRIAGE CARRIAGE=x2
2026-04-28 15:00:20 [WS PROFILE] send_gcode_and_wait: 6.9 ms | SET_DUAL_CARRIAGE CARRIAGE=y2
2026-04-28 15:00:20 [WS PROFILE] select_carriage: 19.2 ms | 1 -> 2
2026-04-28 15:00:20 [WS PROFILE] is_toolhead_moving:get_velocity: 248.2 ms | carriage=2, v=0.0
2026-04-28 15:00:20 [WS PROFILE] is_toolhead_moving: 453.9 ms | moving=False
2026-04-28 15:00:20 [MOVE PROFILE] velocity settle loop took 454.8 ms (0 checks)
2026-04-28 15:00:20 [WS PROFILE] send_gcode_and_wait: 9.6 ms | SET_DUAL_CARRIAGE CARRIAGE=x
2026-04-28 15:00:20 [WS PROFILE] send_gcode_and_wait: 11.4 ms | SET_DUAL_CARRIAGE CARRIAGE=y
2026-04-28 15:00:20 [WS PROFILE] select_carriage: 23.1 ms | 2 -> 1
2026-04-28 15:00:20 [WS PROFILE] send_gcode_and_wait: 10.5 ms | SET_DUAL_CARRIAGE CARRIAGE=x2
2026-04-28 15:00:20 [WS PROFILE] send_gcode_and_wait: 6.5 ms | SET_DUAL_CARRIAGE CARRIAGE=y2
2026-04-28 15:00:20 [WS PROFILE] select_carriage: 19.0 ms | 1 -> 2
2026-04-28 15:00:21 [WS PROFILE] get_z_positions: 251.8 ms | z1=25.0, z2=15.394999999999948
2026-04-28 15:00:21 [WS PROFILE] get_position: 749.1 ms | x1=0.0 y1=0.5 z1=25.0 x2=711.31 y2=-13.4 z2=15.394999999999948
2026-04-28 15:00:21 [MOVE PROFILE] z convergence loop took 750.3 ms (1 checks)
2026-04-28 15:00:21 [WS PROFILE] send_gcode_and_wait: 11.8 ms | SET_DUAL_CARRIAGE CARRIAGE=x
2026-04-28 15:00:21 [WS PROFILE] send_gcode_and_wait: 7.4 ms | SET_DUAL_CARRIAGE CARRIAGE=y
2026-04-28 15:00:21 [WS PROFILE] select_carriage: 22.0 ms | 2 -> 1
2026-04-28 15:00:21 [WS PROFILE] send_gcode_and_wait: 12.9 ms | SET_DUAL_CARRIAGE CARRIAGE=x2
2026-04-28 15:00:21 [WS PROFILE] send_gcode_and_wait: 11.3 ms | SET_DUAL_CARRIAGE CARRIAGE=y2
2026-04-28 15:00:21 [WS PROFILE] select_carriage: 26.1 ms | 1 -> 2
2026-04-28 15:00:22 [WS PROFILE] get_z_positions: 246.9 ms | z1=25.0, z2=15.394999999999948
2026-04-28 15:00:22 [WS PROFILE] get_position: 749.0 ms | x1=0.0 y1=0.5 z1=25.0 x2=711.31 y2=-13.4 z2=15.394999999999948
2026-04-28 15:00:22 [MOVE PROFILE] verify_mov took 750.1 ms
2026-04-28 15:00:22 [MOVE PROFILE] total move() time 2309.1 ms
2026-04-28 15:00:22 [WS PROFILE] send_gcode_and_wait: 13.4 ms | SET_DUAL_CARRIAGE CARRIAGE=x2
2026-04-28 15:00:22 [WS PROFILE] send_gcode_and_wait: 6.6 ms | SET_DUAL_CARRIAGE CARRIAGE=y2
2026-04-28 15:00:22 [WS PROFILE] select_carriage: 21.5 ms | 2 -> 2
2026-04-28 15:00:22 [MOVE PROFILE] queue carriage2 cmd took 22.6 ms
2026-04-28 15:00:22 [WS PROFILE] send_gcode_and_wait: 319.4 ms | M400
2026-04-28 15:00:22 [WS PROFILE] wait_for_moves: 320.2 ms
2026-04-28 15:00:22 [MOVE PROFILE] wait_for_moves took 320.8 ms
2026-04-28 15:00:22 [WS PROFILE] send_gcode_and_wait: 11.9 ms | SET_DUAL_CARRIAGE CARRIAGE=x
2026-04-28 15:00:22 [WS PROFILE] send_gcode_and_wait: 7.2 ms | SET_DUAL_CARRIAGE CARRIAGE=y
2026-04-28 15:00:22 [WS PROFILE] select_carriage: 20.8 ms | 2 -> 1
2026-04-28 15:00:22 [WS PROFILE] is_toolhead_moving:get_velocity: 223.5 ms | carriage=1, v=0.0
2026-04-28 15:00:22 [WS PROFILE] send_gcode_and_wait: 9.7 ms | SET_DUAL_CARRIAGE CARRIAGE=x2
2026-04-28 15:00:22 [WS PROFILE] send_gcode_and_wait: 7.0 ms | SET_DUAL_CARRIAGE CARRIAGE=y2
2026-04-28 15:00:22 [WS PROFILE] select_carriage: 20.0 ms | 1 -> 2
2026-04-28 15:00:23 [WS PROFILE] is_toolhead_moving:get_velocity: 248.9 ms | carriage=2, v=0.0
2026-04-28 15:00:23 [WS PROFILE] is_toolhead_moving: 475.9 ms | moving=False
2026-04-28 15:00:23 [MOVE PROFILE] velocity settle loop took 477.6 ms (0 checks)
2026-04-28 15:00:23 [WS PROFILE] send_gcode_and_wait: 10.0 ms | SET_DUAL_CARRIAGE CARRIAGE=x
2026-04-28 15:00:23 [WS PROFILE] send_gcode_and_wait: 7.1 ms | SET_DUAL_CARRIAGE CARRIAGE=y
2026-04-28 15:00:23 [WS PROFILE] select_carriage: 18.6 ms | 2 -> 1
2026-04-28 15:00:23 [WS PROFILE] send_gcode_and_wait: 10.3 ms | SET_DUAL_CARRIAGE CARRIAGE=x2
2026-04-28 15:00:23 [WS PROFILE] send_gcode_and_wait: 6.6 ms | SET_DUAL_CARRIAGE CARRIAGE=y2
2026-04-28 15:00:23 [WS PROFILE] select_carriage: 18.5 ms | 1 -> 2
2026-04-28 15:00:23 [WS PROFILE] get_z_positions: 250.1 ms | z1=25.0, z2=15.395999999999948
2026-04-28 15:00:23 [WS PROFILE] get_position: 749.0 ms | x1=0.0 y1=0.5 z1=25.0 x2=711.31 y2=-13.4 z2=15.395999999999948
2026-04-28 15:00:23 [MOVE PROFILE] z convergence loop took 750.8 ms (1 checks)
2026-04-28 15:00:23 [WS PROFILE] send_gcode_and_wait: 11.6 ms | SET_DUAL_CARRIAGE CARRIAGE=x
2026-04-28 15:00:23 [WS PROFILE] send_gcode_and_wait: 6.9 ms | SET_DUAL_CARRIAGE CARRIAGE=y
2026-04-28 15:00:23 [WS PROFILE] select_carriage: 22.8 ms | 2 -> 1
2026-04-28 15:00:24 [WS PROFILE] send_gcode_and_wait: 10.5 ms | SET_DUAL_CARRIAGE CARRIAGE=x2
2026-04-28 15:00:24 [WS PROFILE] send_gcode_and_wait: 6.9 ms | SET_DUAL_CARRIAGE CARRIAGE=y2
2026-04-28 15:00:24 [WS PROFILE] select_carriage: 20.8 ms | 1 -> 2
2026-04-28 15:00:24 [WS PROFILE] get_z_positions: 257.7 ms | z1=25.0, z2=15.395999999999948
2026-04-28 15:00:24 [WS PROFILE] get_position: 754.9 ms | x1=0.0 y1=0.5 z1=25.0 x2=711.31 y2=-13.4 z2=15.395999999999948
2026-04-28 15:00:24 [MOVE PROFILE] verify_mov took 755.8 ms
2026-04-28 15:00:24 [MOVE PROFILE] total move() time 2333.2 ms
2026-04-28 15:00:24 [WS PROFILE] send_gcode_and_wait: 17.9 ms | SET_DUAL_CARRIAGE CARRIAGE=x2
2026-04-28 15:00:24 [WS PROFILE] send_gcode_and_wait: 5.6 ms | SET_DUAL_CARRIAGE CARRIAGE=y2
2026-04-28 15:00:24 [WS PROFILE] select_carriage: 25.0 ms | 2 -> 2
2026-04-28 15:00:24 [MOVE PROFILE] queue carriage2 cmd took 26.0 ms
2026-04-28 15:00:25 [WS PROFILE] send_gcode_and_wait: 310.5 ms | M400
2026-04-28 15:00:25 [WS PROFILE] wait_for_moves: 312.2 ms
2026-04-28 15:00:25 [MOVE PROFILE] wait_for_moves took 313.7 ms
2026-04-28 15:00:25 [WS PROFILE] send_gcode_and_wait: 9.7 ms | SET_DUAL_CARRIAGE CARRIAGE=x
2026-04-28 15:00:25 [WS PROFILE] send_gcode_and_wait: 6.6 ms | SET_DUAL_CARRIAGE CARRIAGE=y
2026-04-28 15:00:25 [WS PROFILE] select_carriage: 20.2 ms | 2 -> 1
2026-04-28 15:00:25 [WS PROFILE] is_toolhead_moving:get_velocity: 204.0 ms | carriage=1, v=0.0
2026-04-28 15:00:25 [WS PROFILE] send_gcode_and_wait: 10.4 ms | SET_DUAL_CARRIAGE CARRIAGE=x2
2026-04-28 15:00:25 [WS PROFILE] send_gcode_and_wait: 6.6 ms | SET_DUAL_CARRIAGE CARRIAGE=y2
2026-04-28 15:00:25 [WS PROFILE] select_carriage: 18.7 ms | 1 -> 2
2026-04-28 15:00:25 [WS PROFILE] is_toolhead_moving:get_velocity: 248.7 ms | carriage=2, v=0.0
2026-04-28 15:00:25 [WS PROFILE] is_toolhead_moving: 455.2 ms | moving=False
2026-04-28 15:00:25 [MOVE PROFILE] velocity settle loop took 455.9 ms (0 checks)
2026-04-28 15:00:25 [WS PROFILE] send_gcode_and_wait: 10.2 ms | SET_DUAL_CARRIAGE CARRIAGE=x
2026-04-28 15:00:25 [WS PROFILE] send_gcode_and_wait: 7.7 ms | SET_DUAL_CARRIAGE CARRIAGE=y
2026-04-28 15:00:25 [WS PROFILE] select_carriage: 19.5 ms | 2 -> 1
2026-04-28 15:00:25 [WS PROFILE] send_gcode_and_wait: 10.5 ms | SET_DUAL_CARRIAGE CARRIAGE=x2
2026-04-28 15:00:25 [WS PROFILE] send_gcode_and_wait: 6.8 ms | SET_DUAL_CARRIAGE CARRIAGE=y2
2026-04-28 15:00:25 [WS PROFILE] select_carriage: 20.3 ms | 1 -> 2
2026-04-28 15:00:26 [WS PROFILE] get_z_positions: 250.7 ms | z1=25.0, z2=15.396999999999947
2026-04-28 15:00:26 [WS PROFILE] get_position: 749.9 ms | x1=0.0 y1=0.5 z1=25.0 x2=711.31 y2=-13.4 z2=15.396999999999947
2026-04-28 15:00:26 [MOVE PROFILE] z convergence loop took 750.4 ms (1 checks)
2026-04-28 15:00:26 [WS PROFILE] send_gcode_and_wait: 10.3 ms | SET_DUAL_CARRIAGE CARRIAGE=x
2026-04-28 15:00:26 [WS PROFILE] send_gcode_and_wait: 8.7 ms | SET_DUAL_CARRIAGE CARRIAGE=y
2026-04-28 15:00:26 [WS PROFILE] select_carriage: 21.0 ms | 2 -> 1
2026-04-28 15:00:26 [WS PROFILE] send_gcode_and_wait: 10.7 ms | SET_DUAL_CARRIAGE CARRIAGE=x2
2026-04-28 15:00:26 [WS PROFILE] send_gcode_and_wait: 7.2 ms | SET_DUAL_CARRIAGE CARRIAGE=y2
2026-04-28 15:00:26 [WS PROFILE] select_carriage: 19.3 ms | 1 -> 2
2026-04-28 15:00:27 [WS PROFILE] get_z_positions: 249.8 ms | z1=25.0, z2=15.396999999999947
2026-04-28 15:00:27 [WS PROFILE] get_position: 751.7 ms | x1=0.0 y1=0.5 z1=25.0 x2=711.31 y2=-13.4 z2=15.396999999999947
2026-04-28 15:00:27 [MOVE PROFILE] verify_mov took 753.0 ms
2026-04-28 15:00:27 [MOVE PROFILE] total move() time 2304.5 ms
2026-04-28 15:00:27 [WS PROFILE] send_gcode_and_wait: 64.4 ms | SET_DUAL_CARRIAGE CARRIAGE=x2
2026-04-28 15:00:27 [WS PROFILE] send_gcode_and_wait: 7.7 ms | SET_DUAL_CARRIAGE CARRIAGE=y2
2026-04-28 15:00:27 [WS PROFILE] select_carriage: 73.8 ms | 2 -> 2
2026-04-28 15:00:27 [MOVE PROFILE] queue carriage2 cmd took 74.8 ms
2026-04-28 15:00:27 [WS PROFILE] send_gcode_and_wait: 323.2 ms | M400
2026-04-28 15:00:27 [WS PROFILE] wait_for_moves: 323.9 ms
2026-04-28 15:00:27 [MOVE PROFILE] wait_for_moves took 324.6 ms
2026-04-28 15:00:27 [WS PROFILE] send_gcode_and_wait: 9.7 ms | SET_DUAL_CARRIAGE CARRIAGE=x
2026-04-28 15:00:27 [WS PROFILE] send_gcode_and_wait: 6.9 ms | SET_DUAL_CARRIAGE CARRIAGE=y
2026-04-28 15:00:27 [WS PROFILE] select_carriage: 19.1 ms | 2 -> 1
2026-04-28 15:00:27 [WS PROFILE] is_toolhead_moving:get_velocity: 174.1 ms | carriage=1, v=0.0
2026-04-28 15:00:27 [WS PROFILE] send_gcode_and_wait: 10.1 ms | SET_DUAL_CARRIAGE CARRIAGE=x2
2026-04-28 15:00:27 [WS PROFILE] send_gcode_and_wait: 7.1 ms | SET_DUAL_CARRIAGE CARRIAGE=y2
2026-04-28 15:00:27 [WS PROFILE] select_carriage: 19.9 ms | 1 -> 2
2026-04-28 15:00:28 [WS PROFILE] is_toolhead_moving:get_velocity: 247.3 ms | carriage=2, v=0.0
2026-04-28 15:00:28 [WS PROFILE] is_toolhead_moving: 423.4 ms | moving=False
2026-04-28 15:00:28 [MOVE PROFILE] velocity settle loop took 424.0 ms (0 checks)
2026-04-28 15:00:28 [WS PROFILE] send_gcode_and_wait: 8.4 ms | SET_DUAL_CARRIAGE CARRIAGE=x
2026-04-28 15:00:28 [WS PROFILE] send_gcode_and_wait: 6.3 ms | SET_DUAL_CARRIAGE CARRIAGE=y
2026-04-28 15:00:28 [WS PROFILE] select_carriage: 17.1 ms | 2 -> 1
2026-04-28 15:00:28 [WS PROFILE] send_gcode_and_wait: 10.5 ms | SET_DUAL_CARRIAGE CARRIAGE=x2
2026-04-28 15:00:28 [WS PROFILE] send_gcode_and_wait: 6.4 ms | SET_DUAL_CARRIAGE CARRIAGE=y2
2026-04-28 15:00:28 [WS PROFILE] select_carriage: 18.9 ms | 1 -> 2
2026-04-28 15:00:28 [WS PROFILE] get_z_positions: 250.3 ms | z1=25.0, z2=15.397999999999946
2026-04-28 15:00:28 [WS PROFILE] get_position: 752.4 ms | x1=0.0 y1=0.5 z1=25.0 x2=711.31 y2=-13.4 z2=15.397999999999946
2026-04-28 15:00:28 [MOVE PROFILE] z convergence loop took 752.8 ms (1 checks)
2026-04-28 15:00:28 [WS PROFILE] send_gcode_and_wait: 10.2 ms | SET_DUAL_CARRIAGE CARRIAGE=x
2026-04-28 15:00:28 [WS PROFILE] send_gcode_and_wait: 7.4 ms | SET_DUAL_CARRIAGE CARRIAGE=y
2026-04-28 15:00:28 [WS PROFILE] select_carriage: 19.2 ms | 2 -> 1
2026-04-28 15:00:29 [WS PROFILE] send_gcode_and_wait: 9.1 ms | SET_DUAL_CARRIAGE CARRIAGE=x2
2026-04-28 15:00:29 [WS PROFILE] send_gcode_and_wait: 6.2 ms | SET_DUAL_CARRIAGE CARRIAGE=y2
2026-04-28 15:00:29 [WS PROFILE] select_carriage: 17.4 ms | 1 -> 2
2026-04-28 15:00:29 [WS PROFILE] get_z_positions: 250.7 ms | z1=25.0, z2=15.397999999999946
2026-04-28 15:00:29 [WS PROFILE] get_position: 751.0 ms | x1=0.0 y1=0.5 z1=25.0 x2=711.31 y2=-13.4 z2=15.397999999999946
2026-04-28 15:00:29 [MOVE PROFILE] verify_mov took 751.6 ms
2026-04-28 15:00:29 [MOVE PROFILE] total move() time 2330.8 ms
2026-04-28 15:00:29 [WS PROFILE] send_gcode_and_wait: 12.4 ms | SET_DUAL_CARRIAGE CARRIAGE=x2
2026-04-28 15:00:29 [WS PROFILE] send_gcode_and_wait: 10.2 ms | SET_DUAL_CARRIAGE CARRIAGE=y2
2026-04-28 15:00:29 [WS PROFILE] select_carriage: 24.1 ms | 2 -> 2
2026-04-28 15:00:29 [MOVE PROFILE] queue carriage2 cmd took 25.1 ms
2026-04-28 15:00:30 [WS PROFILE] send_gcode_and_wait: 312.3 ms | M400
2026-04-28 15:00:30 [WS PROFILE] wait_for_moves: 313.6 ms
2026-04-28 15:00:30 [MOVE PROFILE] wait_for_moves took 314.8 ms
2026-04-28 15:00:30 [WS PROFILE] send_gcode_and_wait: 8.7 ms | SET_DUAL_CARRIAGE CARRIAGE=x
2026-04-28 15:00:30 [WS PROFILE] send_gcode_and_wait: 7.3 ms | SET_DUAL_CARRIAGE CARRIAGE=y
2026-04-28 15:00:30 [WS PROFILE] select_carriage: 18.9 ms | 2 -> 1
2026-04-28 15:00:30 [WS PROFILE] is_toolhead_moving:get_velocity: 216.4 ms | carriage=1, v=0.0
2026-04-28 15:00:30 [WS PROFILE] send_gcode_and_wait: 10.3 ms | SET_DUAL_CARRIAGE CARRIAGE=x2
2026-04-28 15:00:30 [WS PROFILE] send_gcode_and_wait: 6.6 ms | SET_DUAL_CARRIAGE CARRIAGE=y2
2026-04-28 15:00:30 [WS PROFILE] select_carriage: 18.7 ms | 1 -> 2
2026-04-28 15:00:30 [WS PROFILE] is_toolhead_moving:get_velocity: 247.6 ms | carriage=2, v=0.0
2026-04-28 15:00:30 [WS PROFILE] is_toolhead_moving: 465.6 ms | moving=False
2026-04-28 15:00:30 [MOVE PROFILE] velocity settle loop took 466.3 ms (0 checks)
2026-04-28 15:00:30 [WS PROFILE] send_gcode_and_wait: 11.6 ms | SET_DUAL_CARRIAGE CARRIAGE=x
2026-04-28 15:00:30 [WS PROFILE] send_gcode_and_wait: 7.2 ms | SET_DUAL_CARRIAGE CARRIAGE=y
2026-04-28 15:00:30 [WS PROFILE] select_carriage: 21.0 ms | 2 -> 1
2026-04-28 15:00:30 [WS PROFILE] send_gcode_and_wait: 9.4 ms | SET_DUAL_CARRIAGE CARRIAGE=x2
2026-04-28 15:00:30 [WS PROFILE] send_gcode_and_wait: 6.1 ms | SET_DUAL_CARRIAGE CARRIAGE=y2
2026-04-28 15:00:30 [WS PROFILE] select_carriage: 17.4 ms | 1 -> 2
2026-04-28 15:00:31 [WS PROFILE] get_z_positions: 260.5 ms | z1=25.0, z2=15.398999999999946
2026-04-28 15:00:31 [WS PROFILE] get_position: 758.0 ms | x1=0.0 y1=0.5 z1=25.0 x2=711.31 y2=-13.4 z2=15.398999999999946
2026-04-28 15:00:31 [MOVE PROFILE] z convergence loop took 758.8 ms (1 checks)
2026-04-28 15:00:31 [WS PROFILE] send_gcode_and_wait: 9.8 ms | SET_DUAL_CARRIAGE CARRIAGE=x
2026-04-28 15:00:31 [WS PROFILE] send_gcode_and_wait: 8.5 ms | SET_DUAL_CARRIAGE CARRIAGE=y
2026-04-28 15:00:31 [WS PROFILE] select_carriage: 20.2 ms | 2 -> 1
2026-04-28 15:00:31 [WS PROFILE] send_gcode_and_wait: 10.2 ms | SET_DUAL_CARRIAGE CARRIAGE=x2
2026-04-28 15:00:31 [WS PROFILE] send_gcode_and_wait: 6.7 ms | SET_DUAL_CARRIAGE CARRIAGE=y2
2026-04-28 15:00:31 [WS PROFILE] select_carriage: 18.7 ms | 1 -> 2
2026-04-28 15:00:32 [WS PROFILE] get_z_positions: 249.3 ms | z1=25.0, z2=15.398999999999946
2026-04-28 15:00:32 [WS PROFILE] get_position: 741.9 ms | x1=0.0 y1=0.5 z1=25.0 x2=711.31 y2=-13.4 z2=15.398999999999946
2026-04-28 15:00:32 [MOVE PROFILE] verify_mov took 743.5 ms
2026-04-28 15:00:32 [MOVE PROFILE] total move() time 2313.6 ms
2026-04-28 15:00:32 [WS PROFILE] send_gcode_and_wait: 13.0 ms | SET_DUAL_CARRIAGE CARRIAGE=x2
2026-04-28 15:00:32 [WS PROFILE] send_gcode_and_wait: 6.4 ms | SET_DUAL_CARRIAGE CARRIAGE=y2
2026-04-28 15:00:32 [WS PROFILE] select_carriage: 20.9 ms | 2 -> 2
2026-04-28 15:00:32 [MOVE PROFILE] queue carriage2 cmd took 21.9 ms
2026-04-28 15:00:32 [WS PROFILE] send_gcode_and_wait: 316.8 ms | M400
2026-04-28 15:00:32 [WS PROFILE] wait_for_moves: 317.7 ms
2026-04-28 15:00:32 [MOVE PROFILE] wait_for_moves took 318.4 ms
2026-04-28 15:00:32 [WS PROFILE] send_gcode_and_wait: 11.1 ms | SET_DUAL_CARRIAGE CARRIAGE=x
2026-04-28 15:00:32 [WS PROFILE] send_gcode_and_wait: 7.8 ms | SET_DUAL_CARRIAGE CARRIAGE=y
2026-04-28 15:00:32 [WS PROFILE] select_carriage: 20.2 ms | 2 -> 1
2026-04-28 15:00:32 [WS PROFILE] is_toolhead_moving:get_velocity: 215.5 ms | carriage=1, v=0.0
2026-04-28 15:00:32 [WS PROFILE] send_gcode_and_wait: 11.3 ms | SET_DUAL_CARRIAGE CARRIAGE=x2
2026-04-28 15:00:32 [WS PROFILE] send_gcode_and_wait: 7.9 ms | SET_DUAL_CARRIAGE CARRIAGE=y2
2026-04-28 15:00:32 [WS PROFILE] select_carriage: 21.1 ms | 1 -> 2
2026-04-28 15:00:33 [WS PROFILE] is_toolhead_moving:get_velocity: 246.0 ms | carriage=2, v=0.0
2026-04-28 15:00:33 [WS PROFILE] is_toolhead_moving: 464.7 ms | moving=False
2026-04-28 15:00:33 [MOVE PROFILE] velocity settle loop took 466.2 ms (0 checks)
2026-04-28 15:00:33 [WS PROFILE] send_gcode_and_wait: 10.2 ms | SET_DUAL_CARRIAGE CARRIAGE=x
2026-04-28 15:00:33 [WS PROFILE] send_gcode_and_wait: 7.3 ms | SET_DUAL_CARRIAGE CARRIAGE=y
2026-04-28 15:00:33 [WS PROFILE] select_carriage: 20.5 ms | 2 -> 1
2026-04-28 15:00:33 [WS PROFILE] send_gcode_and_wait: 11.1 ms | SET_DUAL_CARRIAGE CARRIAGE=x2
2026-04-28 15:00:33 [WS PROFILE] send_gcode_and_wait: 39.3 ms | SET_DUAL_CARRIAGE CARRIAGE=y2
2026-04-28 15:00:33 [WS PROFILE] select_carriage: 52.0 ms | 1 -> 2
2026-04-28 15:00:33 [WS PROFILE] get_z_positions: 250.4 ms | z1=25.0, z2=15.399999999999945
2026-04-28 15:00:33 [WS PROFILE] get_position: 750.5 ms | x1=0.0 y1=0.5 z1=25.0 x2=711.31 y2=-13.4 z2=15.399999999999945
2026-04-28 15:00:33 [MOVE PROFILE] z convergence loop took 752.0 ms (1 checks)
2026-04-28 15:00:33 [WS PROFILE] send_gcode_and_wait: 10.5 ms | SET_DUAL_CARRIAGE CARRIAGE=x
2026-04-28 15:00:33 [WS PROFILE] send_gcode_and_wait: 8.1 ms | SET_DUAL_CARRIAGE CARRIAGE=y
2026-04-28 15:00:33 [WS PROFILE] select_carriage: 22.5 ms | 2 -> 1
2026-04-28 15:00:34 [WS PROFILE] send_gcode_and_wait: 9.8 ms | SET_DUAL_CARRIAGE CARRIAGE=x2
2026-04-28 15:00:34 [WS PROFILE] send_gcode_and_wait: 6.7 ms | SET_DUAL_CARRIAGE CARRIAGE=y2
2026-04-28 15:00:34 [WS PROFILE] select_carriage: 18.2 ms | 1 -> 2
2026-04-28 15:00:34 [WS PROFILE] get_z_positions: 250.0 ms | z1=25.0, z2=15.399999999999945
2026-04-28 15:00:34 [WS PROFILE] get_position: 748.5 ms | x1=0.0 y1=0.5 z1=25.0 x2=711.31 y2=-13.4 z2=15.399999999999945
2026-04-28 15:00:34 [MOVE PROFILE] verify_mov took 749.1 ms
2026-04-28 15:00:34 [MOVE PROFILE] total move() time 2312.8 ms
2026-04-28 15:00:34 [WS PROFILE] send_gcode_and_wait: 13.4 ms | SET_DUAL_CARRIAGE CARRIAGE=x2
2026-04-28 15:00:34 [WS PROFILE] send_gcode_and_wait: 7.3 ms | SET_DUAL_CARRIAGE CARRIAGE=y2
2026-04-28 15:00:34 [WS PROFILE] select_carriage: 23.1 ms | 2 -> 2
2026-04-28 15:00:34 [MOVE PROFILE] queue carriage2 cmd took 24.2 ms
2026-04-28 15:00:35 [WS PROFILE] send_gcode_and_wait: 317.5 ms | M400
2026-04-28 15:00:35 [WS PROFILE] wait_for_moves: 319.0 ms
2026-04-28 15:00:35 [MOVE PROFILE] wait_for_moves took 320.4 ms
2026-04-28 15:00:35 [WS PROFILE] send_gcode_and_wait: 10.1 ms | SET_DUAL_CARRIAGE CARRIAGE=x
2026-04-28 15:00:35 [WS PROFILE] send_gcode_and_wait: 6.9 ms | SET_DUAL_CARRIAGE CARRIAGE=y
2026-04-28 15:00:35 [WS PROFILE] select_carriage: 22.2 ms | 2 -> 1
2026-04-28 15:00:35 [WS PROFILE] is_toolhead_moving:get_velocity: 230.9 ms | carriage=1, v=0.0
2026-04-28 15:00:35 [WS PROFILE] send_gcode_and_wait: 10.7 ms | SET_DUAL_CARRIAGE CARRIAGE=x2
2026-04-28 15:00:35 [WS PROFILE] send_gcode_and_wait: 8.1 ms | SET_DUAL_CARRIAGE CARRIAGE=y2
2026-04-28 15:00:35 [WS PROFILE] select_carriage: 20.3 ms | 1 -> 2
2026-04-28 15:00:35 [WS PROFILE] is_toolhead_moving:get_velocity: 249.5 ms | carriage=2, v=0.0
2026-04-28 15:00:35 [WS PROFILE] is_toolhead_moving: 482.0 ms | moving=False
2026-04-28 15:00:35 [MOVE PROFILE] velocity settle loop took 482.6 ms (0 checks)
2026-04-28 15:00:35 [WS PROFILE] send_gcode_and_wait: 11.7 ms | SET_DUAL_CARRIAGE CARRIAGE=x
2026-04-28 15:00:35 [WS PROFILE] send_gcode_and_wait: 7.0 ms | SET_DUAL_CARRIAGE CARRIAGE=y
2026-04-28 15:00:35 [WS PROFILE] select_carriage: 20.4 ms | 2 -> 1
2026-04-28 15:00:35 [WS PROFILE] send_gcode_and_wait: 10.8 ms | SET_DUAL_CARRIAGE CARRIAGE=x2
2026-04-28 15:00:35 [WS PROFILE] send_gcode_and_wait: 7.1 ms | SET_DUAL_CARRIAGE CARRIAGE=y2
2026-04-28 15:00:35 [WS PROFILE] select_carriage: 22.0 ms | 1 -> 2
2026-04-28 15:00:36 [WS PROFILE] get_z_positions: 252.7 ms | z1=25.0, z2=15.400999999999945
2026-04-28 15:00:36 [WS PROFILE] get_position: 751.5 ms | x1=0.0 y1=0.5 z1=25.0 x2=711.31 y2=-13.4 z2=15.400999999999945
2026-04-28 15:00:36 [MOVE PROFILE] z convergence loop took 752.1 ms (1 checks)
2026-04-28 15:00:36 [WS PROFILE] send_gcode_and_wait: 11.2 ms | SET_DUAL_CARRIAGE CARRIAGE=x
2026-04-28 15:00:36 [WS PROFILE] send_gcode_and_wait: 9.1 ms | SET_DUAL_CARRIAGE CARRIAGE=y
2026-04-28 15:00:36 [WS PROFILE] select_carriage: 22.4 ms | 2 -> 1
2026-04-28 15:00:36 [WS PROFILE] send_gcode_and_wait: 10.2 ms | SET_DUAL_CARRIAGE CARRIAGE=x2
2026-04-28 15:00:36 [WS PROFILE] send_gcode_and_wait: 6.5 ms | SET_DUAL_CARRIAGE CARRIAGE=y2
2026-04-28 15:00:36 [WS PROFILE] select_carriage: 18.0 ms | 1 -> 2
2026-04-28 15:00:37 [WS PROFILE] get_z_positions: 247.4 ms | z1=25.0, z2=15.400999999999945
2026-04-28 15:00:37 [WS PROFILE] get_position: 747.5 ms | x1=0.0 y1=0.5 z1=25.0 x2=711.31 y2=-13.4 z2=15.400999999999945
2026-04-28 15:00:37 [MOVE PROFILE] verify_mov took 748.0 ms
2026-04-28 15:00:37 [MOVE PROFILE] total move() time 2331.3 ms
2026-04-28 15:00:37 [WS PROFILE] send_gcode_and_wait: 12.0 ms | SET_DUAL_CARRIAGE CARRIAGE=x2
2026-04-28 15:00:37 [WS PROFILE] send_gcode_and_wait: 7.1 ms | SET_DUAL_CARRIAGE CARRIAGE=y2
2026-04-28 15:00:37 [WS PROFILE] select_carriage: 20.8 ms | 2 -> 2
2026-04-28 15:00:37 [MOVE PROFILE] queue carriage2 cmd took 22.1 ms
2026-04-28 15:00:37 [WS PROFILE] send_gcode_and_wait: 312.4 ms | M400
2026-04-28 15:00:37 [WS PROFILE] wait_for_moves: 313.3 ms
2026-04-28 15:00:37 [MOVE PROFILE] wait_for_moves took 313.8 ms
2026-04-28 15:00:37 [WS PROFILE] send_gcode_and_wait: 10.9 ms | SET_DUAL_CARRIAGE CARRIAGE=x
2026-04-28 15:00:37 [WS PROFILE] send_gcode_and_wait: 6.5 ms | SET_DUAL_CARRIAGE CARRIAGE=y
2026-04-28 15:00:37 [WS PROFILE] select_carriage: 19.3 ms | 2 -> 1
2026-04-28 15:00:37 [WS PROFILE] is_toolhead_moving:get_velocity: 230.1 ms | carriage=1, v=0.0
2026-04-28 15:00:37 [WS PROFILE] send_gcode_and_wait: 9.9 ms | SET_DUAL_CARRIAGE CARRIAGE=x2
2026-04-28 15:00:37 [WS PROFILE] send_gcode_and_wait: 6.6 ms | SET_DUAL_CARRIAGE CARRIAGE=y2
2026-04-28 15:00:37 [WS PROFILE] select_carriage: 17.9 ms | 1 -> 2
2026-04-28 15:00:38 [WS PROFILE] is_toolhead_moving:get_velocity: 246.9 ms | carriage=2, v=0.0
2026-04-28 15:00:38 [WS PROFILE] is_toolhead_moving: 478.9 ms | moving=False
2026-04-28 15:00:38 [MOVE PROFILE] velocity settle loop took 479.8 ms (0 checks)
2026-04-28 15:00:38 [WS PROFILE] send_gcode_and_wait: 8.8 ms | SET_DUAL_CARRIAGE CARRIAGE=x
2026-04-28 15:00:38 [WS PROFILE] send_gcode_and_wait: 6.4 ms | SET_DUAL_CARRIAGE CARRIAGE=y
2026-04-28 15:00:38 [WS PROFILE] select_carriage: 16.6 ms | 2 -> 1
2026-04-28 15:00:38 [WS PROFILE] send_gcode_and_wait: 10.2 ms | SET_DUAL_CARRIAGE CARRIAGE=x2
2026-04-28 15:00:38 [WS PROFILE] send_gcode_and_wait: 7.2 ms | SET_DUAL_CARRIAGE CARRIAGE=y2
2026-04-28 15:00:38 [WS PROFILE] select_carriage: 18.9 ms | 1 -> 2
2026-04-28 15:00:38 [WS PROFILE] get_z_positions: 250.6 ms | z1=25.0, z2=15.401999999999944
2026-04-28 15:00:38 [WS PROFILE] get_position: 753.4 ms | x1=0.0 y1=0.5 z1=25.0 x2=711.31 y2=-13.4 z2=15.401999999999944
2026-04-28 15:00:38 [MOVE PROFILE] z convergence loop took 755.0 ms (1 checks)
2026-04-28 15:00:38 [WS PROFILE] send_gcode_and_wait: 11.0 ms | SET_DUAL_CARRIAGE CARRIAGE=x
2026-04-28 15:00:38 [WS PROFILE] send_gcode_and_wait: 8.1 ms | SET_DUAL_CARRIAGE CARRIAGE=y
2026-04-28 15:00:38 [WS PROFILE] select_carriage: 23.2 ms | 2 -> 1
2026-04-28 15:00:39 [WS PROFILE] send_gcode_and_wait: 9.3 ms | SET_DUAL_CARRIAGE CARRIAGE=x2
2026-04-28 15:00:39 [WS PROFILE] send_gcode_and_wait: 7.2 ms | SET_DUAL_CARRIAGE CARRIAGE=y2
2026-04-28 15:00:39 [WS PROFILE] select_carriage: 19.1 ms | 1 -> 2
2026-04-28 15:00:39 [WS PROFILE] get_z_positions: 250.1 ms | z1=25.0, z2=15.401999999999944
2026-04-28 15:00:39 [WS PROFILE] get_position: 748.5 ms | x1=0.0 y1=0.5 z1=25.0 x2=711.31 y2=-13.4 z2=15.401999999999944
2026-04-28 15:00:39 [MOVE PROFILE] verify_mov took 749.2 ms
2026-04-28 15:00:39 [MOVE PROFILE] total move() time 2324.7 ms
2026-04-28 15:00:39 [WS PROFILE] send_gcode_and_wait: 13.6 ms | SET_DUAL_CARRIAGE CARRIAGE=x2
2026-04-28 15:00:39 [WS PROFILE] send_gcode_and_wait: 6.1 ms | SET_DUAL_CARRIAGE CARRIAGE=y2
2026-04-28 15:00:39 [WS PROFILE] select_carriage: 21.2 ms | 2 -> 2
2026-04-28 15:00:39 [MOVE PROFILE] queue carriage2 cmd took 22.3 ms
2026-04-28 15:00:40 [WS PROFILE] send_gcode_and_wait: 313.7 ms | M400
2026-04-28 15:00:40 [WS PROFILE] wait_for_moves: 315.4 ms
2026-04-28 15:00:40 [MOVE PROFILE] wait_for_moves took 316.9 ms
2026-04-28 15:00:40 [WS PROFILE] send_gcode_and_wait: 8.6 ms | SET_DUAL_CARRIAGE CARRIAGE=x
2026-04-28 15:00:40 [WS PROFILE] send_gcode_and_wait: 6.9 ms | SET_DUAL_CARRIAGE CARRIAGE=y
2026-04-28 15:00:40 [WS PROFILE] select_carriage: 19.2 ms | 2 -> 1
2026-04-28 15:00:40 [WS PROFILE] is_toolhead_moving:get_velocity: 224.7 ms | carriage=1, v=0.0
2026-04-28 15:00:40 [WS PROFILE] send_gcode_and_wait: 10.9 ms | SET_DUAL_CARRIAGE CARRIAGE=x2
2026-04-28 15:00:40 [WS PROFILE] send_gcode_and_wait: 7.4 ms | SET_DUAL_CARRIAGE CARRIAGE=y2
2026-04-28 15:00:40 [WS PROFILE] select_carriage: 20.1 ms | 1 -> 2
2026-04-28 15:00:40 [WS PROFILE] is_toolhead_moving:get_velocity: 248.2 ms | carriage=2, v=0.0
2026-04-28 15:00:40 [WS PROFILE] is_toolhead_moving: 474.7 ms | moving=False
2026-04-28 15:00:40 [MOVE PROFILE] velocity settle loop took 475.3 ms (0 checks)
2026-04-28 15:00:40 [WS PROFILE] send_gcode_and_wait: 10.5 ms | SET_DUAL_CARRIAGE CARRIAGE=x
2026-04-28 15:00:40 [WS PROFILE] send_gcode_and_wait: 6.9 ms | SET_DUAL_CARRIAGE CARRIAGE=y
2026-04-28 15:00:40 [WS PROFILE] select_carriage: 19.6 ms | 2 -> 1
2026-04-28 15:00:40 [WS PROFILE] send_gcode_and_wait: 10.0 ms | SET_DUAL_CARRIAGE CARRIAGE=x2
2026-04-28 15:00:40 [WS PROFILE] send_gcode_and_wait: 7.0 ms | SET_DUAL_CARRIAGE CARRIAGE=y2
2026-04-28 15:00:40 [WS PROFILE] select_carriage: 19.1 ms | 1 -> 2
2026-04-28 15:00:41 [WS PROFILE] get_z_positions: 248.8 ms | z1=25.0, z2=15.402999999999944
2026-04-28 15:00:41 [WS PROFILE] get_position: 746.6 ms | x1=0.0 y1=0.5 z1=25.0 x2=711.31 y2=-13.4 z2=15.402999999999944
2026-04-28 15:00:41 [MOVE PROFILE] z convergence loop took 747.2 ms (1 checks)
2026-04-28 15:00:41 [WS PROFILE] send_gcode_and_wait: 8.7 ms | SET_DUAL_CARRIAGE CARRIAGE=x
2026-04-28 15:00:41 [WS PROFILE] send_gcode_and_wait: 8.1 ms | SET_DUAL_CARRIAGE CARRIAGE=y
2026-04-28 15:00:41 [WS PROFILE] select_carriage: 18.2 ms | 2 -> 1
2026-04-28 15:00:41 [WS PROFILE] send_gcode_and_wait: 11.2 ms | SET_DUAL_CARRIAGE CARRIAGE=x2
2026-04-28 15:00:41 [WS PROFILE] send_gcode_and_wait: 6.6 ms | SET_DUAL_CARRIAGE CARRIAGE=y2
2026-04-28 15:00:41 [WS PROFILE] select_carriage: 19.2 ms | 1 -> 2
2026-04-28 15:00:42 [WS PROFILE] get_z_positions: 249.4 ms | z1=25.0, z2=15.402999999999944
2026-04-28 15:00:42 [WS PROFILE] get_position: 752.9 ms | x1=0.0 y1=0.5 z1=25.0 x2=711.31 y2=-13.4 z2=15.402999999999944
2026-04-28 15:00:42 [MOVE PROFILE] verify_mov took 753.6 ms
2026-04-28 15:00:42 [MOVE PROFILE] total move() time 2319.8 ms
2026-04-28 15:00:42 [WS PROFILE] send_gcode_and_wait: 13.5 ms | SET_DUAL_CARRIAGE CARRIAGE=x2
2026-04-28 15:00:42 [WS PROFILE] send_gcode_and_wait: 6.2 ms | SET_DUAL_CARRIAGE CARRIAGE=y2
2026-04-28 15:00:42 [WS PROFILE] select_carriage: 21.2 ms | 2 -> 2
2026-04-28 15:00:42 [MOVE PROFILE] queue carriage2 cmd took 22.4 ms
2026-04-28 15:00:42 [WS PROFILE] send_gcode_and_wait: 312.3 ms | M400
2026-04-28 15:00:42 [WS PROFILE] wait_for_moves: 313.1 ms
2026-04-28 15:00:42 [MOVE PROFILE] wait_for_moves took 313.7 ms
2026-04-28 15:00:42 [WS PROFILE] send_gcode_and_wait: 10.6 ms | SET_DUAL_CARRIAGE CARRIAGE=x
2026-04-28 15:00:42 [WS PROFILE] send_gcode_and_wait: 7.2 ms | SET_DUAL_CARRIAGE CARRIAGE=y
2026-04-28 15:00:42 [WS PROFILE] select_carriage: 19.5 ms | 2 -> 1
2026-04-28 15:00:42 [WS PROFILE] is_toolhead_moving:get_velocity: 242.2 ms | carriage=1, v=0.0
2026-04-28 15:00:42 [WS PROFILE] send_gcode_and_wait: 10.2 ms | SET_DUAL_CARRIAGE CARRIAGE=x2
2026-04-28 15:00:42 [WS PROFILE] send_gcode_and_wait: 6.6 ms | SET_DUAL_CARRIAGE CARRIAGE=y2
2026-04-28 15:00:42 [WS PROFILE] select_carriage: 18.7 ms | 1 -> 2
2026-04-28 15:00:43 [WS PROFILE] is_toolhead_moving:get_velocity: 247.9 ms | carriage=2, v=0.0
2026-04-28 15:00:43 [WS PROFILE] is_toolhead_moving: 492.7 ms | moving=False
2026-04-28 15:00:43 [MOVE PROFILE] velocity settle loop took 494.2 ms (0 checks)
2026-04-28 15:00:43 [WS PROFILE] send_gcode_and_wait: 9.9 ms | SET_DUAL_CARRIAGE CARRIAGE=x
2026-04-28 15:00:43 [WS PROFILE] send_gcode_and_wait: 8.8 ms | SET_DUAL_CARRIAGE CARRIAGE=y
2026-04-28 15:00:43 [WS PROFILE] select_carriage: 22.3 ms | 2 -> 1
2026-04-28 15:00:43 [WS PROFILE] send_gcode_and_wait: 10.2 ms | SET_DUAL_CARRIAGE CARRIAGE=x2
2026-04-28 15:00:43 [WS PROFILE] send_gcode_and_wait: 14.4 ms | SET_DUAL_CARRIAGE CARRIAGE=y2
2026-04-28 15:00:43 [WS PROFILE] select_carriage: 25.9 ms | 1 -> 2
2026-04-28 15:00:43 [WS PROFILE] get_z_positions: 251.1 ms | z1=25.0, z2=15.403999999999943
2026-04-28 15:00:43 [WS PROFILE] get_position: 751.4 ms | x1=0.0 y1=0.5 z1=25.0 x2=711.31 y2=-13.4 z2=15.403999999999943
2026-04-28 15:00:43 [MOVE PROFILE] z convergence loop took 753.0 ms (1 checks)
2026-04-28 15:00:43 [WS PROFILE] send_gcode_and_wait: 10.7 ms | SET_DUAL_CARRIAGE CARRIAGE=x
2026-04-28 15:00:43 [WS PROFILE] send_gcode_and_wait: 7.0 ms | SET_DUAL_CARRIAGE CARRIAGE=y
2026-04-28 15:00:43 [WS PROFILE] select_carriage: 21.1 ms | 2 -> 1
2026-04-28 15:00:44 [WS PROFILE] send_gcode_and_wait: 10.7 ms | SET_DUAL_CARRIAGE CARRIAGE=x2
2026-04-28 15:00:44 [WS PROFILE] send_gcode_and_wait: 7.3 ms | SET_DUAL_CARRIAGE CARRIAGE=y2
2026-04-28 15:00:44 [WS PROFILE] select_carriage: 19.3 ms | 1 -> 2
2026-04-28 15:00:44 [WS PROFILE] get_z_positions: 247.7 ms | z1=25.0, z2=15.403999999999943
2026-04-28 15:00:44 [WS PROFILE] get_position: 745.0 ms | x1=0.0 y1=0.5 z1=25.0 x2=711.31 y2=-13.4 z2=15.403999999999943
2026-04-28 15:00:44 [MOVE PROFILE] verify_mov took 745.7 ms
2026-04-28 15:00:44 [MOVE PROFILE] total move() time 2334.4 ms
2026-04-28 15:00:44 [WS PROFILE] send_gcode_and_wait: 12.9 ms | SET_DUAL_CARRIAGE CARRIAGE=x2
2026-04-28 15:00:44 [WS PROFILE] send_gcode_and_wait: 6.3 ms | SET_DUAL_CARRIAGE CARRIAGE=y2
2026-04-28 15:00:44 [WS PROFILE] select_carriage: 20.7 ms | 2 -> 2
2026-04-28 15:00:44 [MOVE PROFILE] queue carriage2 cmd took 21.8 ms
2026-04-28 15:00:45 [WS PROFILE] send_gcode_and_wait: 317.6 ms | M400
2026-04-28 15:00:45 [WS PROFILE] wait_for_moves: 319.3 ms
2026-04-28 15:00:45 [MOVE PROFILE] wait_for_moves took 320.7 ms
2026-04-28 15:00:45 [WS PROFILE] send_gcode_and_wait: 10.3 ms | SET_DUAL_CARRIAGE CARRIAGE=x
2026-04-28 15:00:45 [WS PROFILE] send_gcode_and_wait: 6.5 ms | SET_DUAL_CARRIAGE CARRIAGE=y
2026-04-28 15:00:45 [WS PROFILE] select_carriage: 20.2 ms | 2 -> 1
2026-04-28 15:00:45 [WS PROFILE] is_toolhead_moving:get_velocity: 209.9 ms | carriage=1, v=0.0
2026-04-28 15:00:45 [WS PROFILE] send_gcode_and_wait: 39.2 ms | SET_DUAL_CARRIAGE CARRIAGE=x2
2026-04-28 15:00:45 [WS PROFILE] send_gcode_and_wait: 9.6 ms | SET_DUAL_CARRIAGE CARRIAGE=y2
2026-04-28 15:00:45 [WS PROFILE] select_carriage: 56.9 ms | 1 -> 2
2026-04-28 15:00:45 [WS PROFILE] is_toolhead_moving:get_velocity: 250.6 ms | carriage=2, v=0.0
2026-04-28 15:00:45 [WS PROFILE] is_toolhead_moving: 462.1 ms | moving=False
2026-04-28 15:00:45 [MOVE PROFILE] velocity settle loop took 462.7 ms (0 checks)
2026-04-28 15:00:45 [WS PROFILE] send_gcode_and_wait: 10.7 ms | SET_DUAL_CARRIAGE CARRIAGE=x
2026-04-28 15:00:45 [WS PROFILE] send_gcode_and_wait: 7.2 ms | SET_DUAL_CARRIAGE CARRIAGE=y
2026-04-28 15:00:45 [WS PROFILE] select_carriage: 19.6 ms | 2 -> 1
2026-04-28 15:00:45 [WS PROFILE] send_gcode_and_wait: 10.1 ms | SET_DUAL_CARRIAGE CARRIAGE=x2
2026-04-28 15:00:45 [WS PROFILE] send_gcode_and_wait: 7.2 ms | SET_DUAL_CARRIAGE CARRIAGE=y2
2026-04-28 15:00:45 [WS PROFILE] select_carriage: 21.4 ms | 1 -> 2
2026-04-28 15:00:46 [WS PROFILE] get_z_positions: 247.7 ms | z1=25.0, z2=15.404999999999943
2026-04-28 15:00:46 [WS PROFILE] get_position: 748.0 ms | x1=0.0 y1=0.5 z1=25.0 x2=711.31 y2=-13.4 z2=15.404999999999943
2026-04-28 15:00:46 [MOVE PROFILE] z convergence loop took 748.7 ms (1 checks)
2026-04-28 15:00:46 [WS PROFILE] send_gcode_and_wait: 10.8 ms | SET_DUAL_CARRIAGE CARRIAGE=x
2026-04-28 15:00:46 [WS PROFILE] send_gcode_and_wait: 7.4 ms | SET_DUAL_CARRIAGE CARRIAGE=y
2026-04-28 15:00:46 [WS PROFILE] select_carriage: 19.9 ms | 2 -> 1
2026-04-28 15:00:46 [WS PROFILE] send_gcode_and_wait: 10.4 ms | SET_DUAL_CARRIAGE CARRIAGE=x2
2026-04-28 15:00:46 [WS PROFILE] send_gcode_and_wait: 7.1 ms | SET_DUAL_CARRIAGE CARRIAGE=y2
2026-04-28 15:00:46 [WS PROFILE] select_carriage: 18.9 ms | 1 -> 2
2026-04-28 15:00:47 [WS PROFILE] get_z_positions: 251.2 ms | z1=25.0, z2=15.404999999999943
2026-04-28 15:00:47 [WS PROFILE] get_position: 754.5 ms | x1=0.0 y1=0.5 z1=25.0 x2=711.31 y2=-13.4 z2=15.404999999999943
2026-04-28 15:00:47 [MOVE PROFILE] verify_mov took 756.1 ms
2026-04-28 15:00:47 [MOVE PROFILE] total move() time 2315.6 ms
2026-04-28 15:00:47 [WS PROFILE] send_gcode_and_wait: 12.8 ms | SET_DUAL_CARRIAGE CARRIAGE=x2
2026-04-28 15:00:47 [WS PROFILE] send_gcode_and_wait: 6.7 ms | SET_DUAL_CARRIAGE CARRIAGE=y2
2026-04-28 15:00:47 [WS PROFILE] select_carriage: 21.4 ms | 2 -> 2
2026-04-28 15:00:47 [MOVE PROFILE] queue carriage2 cmd took 22.9 ms
2026-04-28 15:00:47 [WS PROFILE] send_gcode_and_wait: 317.1 ms | M400
2026-04-28 15:00:47 [WS PROFILE] wait_for_moves: 317.8 ms
2026-04-28 15:00:47 [MOVE PROFILE] wait_for_moves took 318.4 ms
2026-04-28 15:00:47 [WS PROFILE] send_gcode_and_wait: 9.3 ms | SET_DUAL_CARRIAGE CARRIAGE=x
2026-04-28 15:00:47 [WS PROFILE] send_gcode_and_wait: 7.9 ms | SET_DUAL_CARRIAGE CARRIAGE=y
2026-04-28 15:00:47 [WS PROFILE] select_carriage: 18.5 ms | 2 -> 1
2026-04-28 15:00:47 [WS PROFILE] is_toolhead_moving:get_velocity: 206.5 ms | carriage=1, v=0.0
2026-04-28 15:00:47 [WS PROFILE] send_gcode_and_wait: 10.7 ms | SET_DUAL_CARRIAGE CARRIAGE=x2
2026-04-28 15:00:47 [WS PROFILE] send_gcode_and_wait: 7.9 ms | SET_DUAL_CARRIAGE CARRIAGE=y2
2026-04-28 15:00:47 [WS PROFILE] select_carriage: 20.0 ms | 1 -> 2
2026-04-28 15:00:48 [WS PROFILE] is_toolhead_moving:get_velocity: 248.1 ms | carriage=2, v=0.0
2026-04-28 15:00:48 [WS PROFILE] is_toolhead_moving: 457.0 ms | moving=False
2026-04-28 15:00:48 [MOVE PROFILE] velocity settle loop took 458.8 ms (0 checks)
2026-04-28 15:00:48 [WS PROFILE] send_gcode_and_wait: 10.8 ms | SET_DUAL_CARRIAGE CARRIAGE=x
2026-04-28 15:00:48 [WS PROFILE] send_gcode_and_wait: 7.2 ms | SET_DUAL_CARRIAGE CARRIAGE=y
2026-04-28 15:00:48 [WS PROFILE] select_carriage: 20.9 ms | 2 -> 1
2026-04-28 15:00:48 [WS PROFILE] send_gcode_and_wait: 10.3 ms | SET_DUAL_CARRIAGE CARRIAGE=x2
2026-04-28 15:00:48 [WS PROFILE] send_gcode_and_wait: 6.7 ms | SET_DUAL_CARRIAGE CARRIAGE=y2
2026-04-28 15:00:48 [WS PROFILE] select_carriage: 18.6 ms | 1 -> 2
2026-04-28 15:00:48 [WS PROFILE] get_z_positions: 250.8 ms | z1=25.0, z2=15.405999999999942
2026-04-28 15:00:48 [WS PROFILE] get_position: 750.6 ms | x1=0.0 y1=0.5 z1=25.0 x2=711.31 y2=-13.4 z2=15.405999999999942
2026-04-28 15:00:48 [MOVE PROFILE] z convergence loop took 752.3 ms (1 checks)
2026-04-28 15:00:48 [WS PROFILE] send_gcode_and_wait: 11.2 ms | SET_DUAL_CARRIAGE CARRIAGE=x
2026-04-28 15:00:48 [WS PROFILE] send_gcode_and_wait: 7.3 ms | SET_DUAL_CARRIAGE CARRIAGE=y
2026-04-28 15:00:48 [WS PROFILE] select_carriage: 22.6 ms | 2 -> 1
2026-04-28 15:00:49 [WS PROFILE] send_gcode_and_wait: 10.4 ms | SET_DUAL_CARRIAGE CARRIAGE=x2
2026-04-28 15:00:49 [WS PROFILE] send_gcode_and_wait: 7.5 ms | SET_DUAL_CARRIAGE CARRIAGE=y2
2026-04-28 15:00:49 [WS PROFILE] select_carriage: 20.2 ms | 1 -> 2
2026-04-28 15:00:49 [WS PROFILE] get_z_positions: 277.4 ms | z1=25.0, z2=15.405999999999942
2026-04-28 15:00:49 [WS PROFILE] get_position: 774.6 ms | x1=0.0 y1=0.5 z1=25.0 x2=711.31 y2=-13.4 z2=15.405999999999942
2026-04-28 15:00:49 [MOVE PROFILE] verify_mov took 776.7 ms
2026-04-28 15:00:49 [MOVE PROFILE] total move() time 2336.3 ms
2026-04-28 15:00:49 [WS PROFILE] send_gcode_and_wait: 12.8 ms | SET_DUAL_CARRIAGE CARRIAGE=x2
2026-04-28 15:00:49 [WS PROFILE] send_gcode_and_wait: 6.7 ms | SET_DUAL_CARRIAGE CARRIAGE=y2
2026-04-28 15:00:49 [WS PROFILE] select_carriage: 21.1 ms | 2 -> 2
2026-04-28 15:00:49 [MOVE PROFILE] queue carriage2 cmd took 22.2 ms
2026-04-28 15:00:50 [WS PROFILE] send_gcode_and_wait: 319.8 ms | M400
2026-04-28 15:00:50 [WS PROFILE] wait_for_moves: 321.0 ms
2026-04-28 15:00:50 [MOVE PROFILE] wait_for_moves took 322.1 ms
2026-04-28 15:00:50 [WS PROFILE] send_gcode_and_wait: 8.8 ms | SET_DUAL_CARRIAGE CARRIAGE=x
2026-04-28 15:00:50 [WS PROFILE] send_gcode_and_wait: 6.2 ms | SET_DUAL_CARRIAGE CARRIAGE=y
2026-04-28 15:00:50 [WS PROFILE] select_carriage: 18.7 ms | 2 -> 1
2026-04-28 15:00:50 [WS PROFILE] is_toolhead_moving:get_velocity: 195.8 ms | carriage=1, v=0.0
2026-04-28 15:00:50 [WS PROFILE] send_gcode_and_wait: 10.3 ms | SET_DUAL_CARRIAGE CARRIAGE=x2
2026-04-28 15:00:50 [WS PROFILE] send_gcode_and_wait: 7.3 ms | SET_DUAL_CARRIAGE CARRIAGE=y2
2026-04-28 15:00:50 [WS PROFILE] select_carriage: 19.6 ms | 1 -> 2
2026-04-28 15:00:50 [WS PROFILE] is_toolhead_moving:get_velocity: 249.8 ms | carriage=2, v=0.0
2026-04-28 15:00:50 [WS PROFILE] is_toolhead_moving: 448.3 ms | moving=False
2026-04-28 15:00:50 [MOVE PROFILE] velocity settle loop took 449.8 ms (0 checks)
2026-04-28 15:00:50 [WS PROFILE] send_gcode_and_wait: 10.6 ms | SET_DUAL_CARRIAGE CARRIAGE=x
2026-04-28 15:00:50 [WS PROFILE] send_gcode_and_wait: 10.1 ms | SET_DUAL_CARRIAGE CARRIAGE=y
2026-04-28 15:00:50 [WS PROFILE] select_carriage: 22.7 ms | 2 -> 1
2026-04-28 15:00:50 [WS PROFILE] send_gcode_and_wait: 10.3 ms | SET_DUAL_CARRIAGE CARRIAGE=x2
2026-04-28 15:00:50 [WS PROFILE] send_gcode_and_wait: 6.9 ms | SET_DUAL_CARRIAGE CARRIAGE=y2
2026-04-28 15:00:50 [WS PROFILE] select_carriage: 18.9 ms | 1 -> 2
2026-04-28 15:00:51 [WS PROFILE] get_z_positions: 245.0 ms | z1=25.0, z2=15.406999999999941
2026-04-28 15:00:51 [WS PROFILE] get_position: 743.6 ms | x1=0.0 y1=0.5 z1=25.0 x2=711.31 y2=-13.4 z2=15.406999999999941
2026-04-28 15:00:51 [MOVE PROFILE] z convergence loop took 744.6 ms (1 checks)
2026-04-28 15:00:51 [WS PROFILE] send_gcode_and_wait: 11.4 ms | SET_DUAL_CARRIAGE CARRIAGE=x
2026-04-28 15:00:51 [WS PROFILE] send_gcode_and_wait: 7.5 ms | SET_DUAL_CARRIAGE CARRIAGE=y
2026-04-28 15:00:51 [WS PROFILE] select_carriage: 21.2 ms | 2 -> 1
2026-04-28 15:00:51 [WS PROFILE] send_gcode_and_wait: 9.7 ms | SET_DUAL_CARRIAGE CARRIAGE=x2
2026-04-28 15:00:51 [WS PROFILE] send_gcode_and_wait: 6.7 ms | SET_DUAL_CARRIAGE CARRIAGE=y2
2026-04-28 15:00:51 [WS PROFILE] select_carriage: 20.0 ms | 1 -> 2
2026-04-28 15:00:52 [WS PROFILE] get_z_positions: 250.7 ms | z1=25.0, z2=15.406999999999941
2026-04-28 15:00:52 [WS PROFILE] get_position: 755.3 ms | x1=0.0 y1=0.5 z1=25.0 x2=711.31 y2=-13.4 z2=15.406999999999941
2026-04-28 15:00:52 [MOVE PROFILE] verify_mov took 756.7 ms
2026-04-28 15:00:52 [MOVE PROFILE] total move() time 2301.2 ms
2026-04-28 15:00:52 [WS PROFILE] send_gcode_and_wait: 13.0 ms | SET_DUAL_CARRIAGE CARRIAGE=x2
2026-04-28 15:00:52 [WS PROFILE] send_gcode_and_wait: 6.4 ms | SET_DUAL_CARRIAGE CARRIAGE=y2
2026-04-28 15:00:52 [WS PROFILE] select_carriage: 21.8 ms | 2 -> 2
2026-04-28 15:00:52 [MOVE PROFILE] queue carriage2 cmd took 23.0 ms
2026-04-28 15:00:52 [WS PROFILE] send_gcode_and_wait: 316.8 ms | M400
2026-04-28 15:00:52 [WS PROFILE] wait_for_moves: 317.6 ms
2026-04-28 15:00:52 [MOVE PROFILE] wait_for_moves took 318.3 ms
2026-04-28 15:00:52 [WS PROFILE] send_gcode_and_wait: 9.5 ms | SET_DUAL_CARRIAGE CARRIAGE=x
2026-04-28 15:00:52 [WS PROFILE] send_gcode_and_wait: 6.6 ms | SET_DUAL_CARRIAGE CARRIAGE=y
2026-04-28 15:00:52 [WS PROFILE] select_carriage: 17.9 ms | 2 -> 1
2026-04-28 15:00:52 [WS PROFILE] is_toolhead_moving:get_velocity: 216.3 ms | carriage=1, v=0.0
2026-04-28 15:00:52 [WS PROFILE] send_gcode_and_wait: 10.7 ms | SET_DUAL_CARRIAGE CARRIAGE=x2
2026-04-28 15:00:52 [WS PROFILE] send_gcode_and_wait: 7.6 ms | SET_DUAL_CARRIAGE CARRIAGE=y2
2026-04-28 15:00:52 [WS PROFILE] select_carriage: 21.0 ms | 1 -> 2
2026-04-28 15:00:53 [WS PROFILE] is_toolhead_moving:get_velocity: 243.2 ms | carriage=2, v=0.0
2026-04-28 15:00:53 [WS PROFILE] is_toolhead_moving: 463.9 ms | moving=False
2026-04-28 15:00:53 [MOVE PROFILE] velocity settle loop took 465.7 ms (0 checks)
2026-04-28 15:00:53 [WS PROFILE] send_gcode_and_wait: 9.5 ms | SET_DUAL_CARRIAGE CARRIAGE=x
2026-04-28 15:00:53 [WS PROFILE] send_gcode_and_wait: 7.0 ms | SET_DUAL_CARRIAGE CARRIAGE=y
2026-04-28 15:00:53 [WS PROFILE] select_carriage: 18.3 ms | 2 -> 1
2026-04-28 15:00:53 [WS PROFILE] send_gcode_and_wait: 10.6 ms | SET_DUAL_CARRIAGE CARRIAGE=x2
2026-04-28 15:00:53 [WS PROFILE] send_gcode_and_wait: 6.7 ms | SET_DUAL_CARRIAGE CARRIAGE=y2
2026-04-28 15:00:53 [WS PROFILE] select_carriage: 19.4 ms | 1 -> 2
2026-04-28 15:00:53 [WS PROFILE] get_z_positions: 250.3 ms | z1=25.0, z2=15.40799999999994
2026-04-28 15:00:53 [WS PROFILE] get_position: 751.8 ms | x1=0.0 y1=0.5 z1=25.0 x2=711.31 y2=-13.4 z2=15.40799999999994
2026-04-28 15:00:53 [MOVE PROFILE] z convergence loop took 754.7 ms (1 checks)
2026-04-28 15:00:53 [WS PROFILE] send_gcode_and_wait: 10.1 ms | SET_DUAL_CARRIAGE CARRIAGE=x
2026-04-28 15:00:53 [WS PROFILE] send_gcode_and_wait: 6.8 ms | SET_DUAL_CARRIAGE CARRIAGE=y
2026-04-28 15:00:53 [WS PROFILE] select_carriage: 20.7 ms | 2 -> 1
2026-04-28 15:00:54 [WS PROFILE] send_gcode_and_wait: 9.5 ms | SET_DUAL_CARRIAGE CARRIAGE=x2
2026-04-28 15:00:54 [WS PROFILE] send_gcode_and_wait: 6.6 ms | SET_DUAL_CARRIAGE CARRIAGE=y2
2026-04-28 15:00:54 [WS PROFILE] select_carriage: 18.1 ms | 1 -> 2
2026-04-28 15:00:54 [WS PROFILE] get_z_positions: 251.0 ms | z1=25.0, z2=15.40799999999994
2026-04-28 15:00:54 [WS PROFILE] get_position: 746.9 ms | x1=0.0 y1=0.5 z1=25.0 x2=711.31 y2=-13.4 z2=15.40799999999994
2026-04-28 15:00:54 [MOVE PROFILE] verify_mov took 747.8 ms
2026-04-28 15:00:54 [MOVE PROFILE] total move() time 2315.3 ms
2026-04-28 15:00:54 [WS PROFILE] send_gcode_and_wait: 15.3 ms | SET_DUAL_CARRIAGE CARRIAGE=x2
2026-04-28 15:00:54 [WS PROFILE] send_gcode_and_wait: 6.0 ms | SET_DUAL_CARRIAGE CARRIAGE=y2
2026-04-28 15:00:54 [WS PROFILE] select_carriage: 23.0 ms | 2 -> 2
2026-04-28 15:00:54 [MOVE PROFILE] queue carriage2 cmd took 24.0 ms
2026-04-28 15:00:55 [WS PROFILE] send_gcode_and_wait: 314.5 ms | M400
2026-04-28 15:00:55 [WS PROFILE] wait_for_moves: 315.7 ms
2026-04-28 15:00:55 [MOVE PROFILE] wait_for_moves took 316.7 ms
2026-04-28 15:00:55 [WS PROFILE] send_gcode_and_wait: 11.0 ms | SET_DUAL_CARRIAGE CARRIAGE=x
2026-04-28 15:00:55 [WS PROFILE] send_gcode_and_wait: 6.9 ms | SET_DUAL_CARRIAGE CARRIAGE=y
2026-04-28 15:00:55 [WS PROFILE] select_carriage: 21.8 ms | 2 -> 1
2026-04-28 15:00:55 [WS PROFILE] is_toolhead_moving:get_velocity: 211.1 ms | carriage=1, v=0.0
2026-04-28 15:00:55 [WS PROFILE] send_gcode_and_wait: 10.5 ms | SET_DUAL_CARRIAGE CARRIAGE=x2
2026-04-28 15:00:55 [WS PROFILE] send_gcode_and_wait: 7.7 ms | SET_DUAL_CARRIAGE CARRIAGE=y2
2026-04-28 15:00:55 [WS PROFILE] select_carriage: 20.2 ms | 1 -> 2
2026-04-28 15:00:55 [WS PROFILE] is_toolhead_moving:get_velocity: 250.9 ms | carriage=2, v=0.0
2026-04-28 15:00:55 [WS PROFILE] is_toolhead_moving: 464.5 ms | moving=False
2026-04-28 15:00:55 [MOVE PROFILE] velocity settle loop took 466.1 ms (0 checks)
2026-04-28 15:00:55 [WS PROFILE] send_gcode_and_wait: 11.6 ms | SET_DUAL_CARRIAGE CARRIAGE=x
2026-04-28 15:00:55 [WS PROFILE] send_gcode_and_wait: 7.5 ms | SET_DUAL_CARRIAGE CARRIAGE=y
2026-04-28 15:00:55 [WS PROFILE] select_carriage: 22.1 ms | 2 -> 1
2026-04-28 15:00:55 [WS PROFILE] send_gcode_and_wait: 10.6 ms | SET_DUAL_CARRIAGE CARRIAGE=x2
2026-04-28 15:00:55 [WS PROFILE] send_gcode_and_wait: 7.0 ms | SET_DUAL_CARRIAGE CARRIAGE=y2
2026-04-28 15:00:55 [WS PROFILE] select_carriage: 20.1 ms | 1 -> 2
2026-04-28 15:00:56 [WS PROFILE] get_z_positions: 246.9 ms | z1=25.0, z2=15.40899999999994
2026-04-28 15:00:56 [WS PROFILE] get_position: 745.7 ms | x1=0.0 y1=0.5 z1=25.0 x2=711.31 y2=-13.4 z2=15.40899999999994
2026-04-28 15:00:56 [MOVE PROFILE] z convergence loop took 746.7 ms (1 checks)
2026-04-28 15:00:56 [WS PROFILE] send_gcode_and_wait: 10.7 ms | SET_DUAL_CARRIAGE CARRIAGE=x
2026-04-28 15:00:56 [WS PROFILE] send_gcode_and_wait: 7.7 ms | SET_DUAL_CARRIAGE CARRIAGE=y
2026-04-28 15:00:56 [WS PROFILE] select_carriage: 21.4 ms | 2 -> 1
2026-04-28 15:00:56 [WS PROFILE] send_gcode_and_wait: 11.0 ms | SET_DUAL_CARRIAGE CARRIAGE=x2
2026-04-28 15:00:56 [WS PROFILE] send_gcode_and_wait: 8.8 ms | SET_DUAL_CARRIAGE CARRIAGE=y2
2026-04-28 15:00:56 [WS PROFILE] select_carriage: 23.7 ms | 1 -> 2
2026-04-28 15:00:57 [WS PROFILE] get_z_positions: 250.7 ms | z1=25.0, z2=15.40899999999994
2026-04-28 15:00:57 [WS PROFILE] get_position: 754.4 ms | x1=0.0 y1=0.5 z1=25.0 x2=711.31 y2=-13.4 z2=15.40899999999994
2026-04-28 15:00:57 [MOVE PROFILE] verify_mov took 755.9 ms
2026-04-28 15:00:57 [MOVE PROFILE] total move() time 2315.1 ms
2026-04-28 15:00:57 [WS PROFILE] send_gcode_and_wait: 13.1 ms | SET_DUAL_CARRIAGE CARRIAGE=x2
2026-04-28 15:00:57 [WS PROFILE] send_gcode_and_wait: 6.1 ms | SET_DUAL_CARRIAGE CARRIAGE=y2
2026-04-28 15:00:57 [WS PROFILE] select_carriage: 20.6 ms | 2 -> 2
2026-04-28 15:00:57 [MOVE PROFILE] queue carriage2 cmd took 21.7 ms
2026-04-28 15:00:57 [WS PROFILE] send_gcode_and_wait: 316.9 ms | M400
2026-04-28 15:00:57 [WS PROFILE] wait_for_moves: 317.7 ms
2026-04-28 15:00:57 [MOVE PROFILE] wait_for_moves took 318.2 ms
2026-04-28 15:00:57 [WS PROFILE] send_gcode_and_wait: 10.0 ms | SET_DUAL_CARRIAGE CARRIAGE=x
2026-04-28 15:00:57 [WS PROFILE] send_gcode_and_wait: 6.8 ms | SET_DUAL_CARRIAGE CARRIAGE=y
2026-04-28 15:00:57 [WS PROFILE] select_carriage: 18.4 ms | 2 -> 1
2026-04-28 15:00:57 [WS PROFILE] is_toolhead_moving:get_velocity: 217.0 ms | carriage=1, v=0.0
2026-04-28 15:00:57 [WS PROFILE] send_gcode_and_wait: 12.5 ms | SET_DUAL_CARRIAGE CARRIAGE=x2
2026-04-28 15:00:57 [WS PROFILE] send_gcode_and_wait: 7.5 ms | SET_DUAL_CARRIAGE CARRIAGE=y2
2026-04-28 15:00:57 [WS PROFILE] select_carriage: 23.5 ms | 1 -> 2
2026-04-28 15:00:58 [WS PROFILE] is_toolhead_moving:get_velocity: 247.6 ms | carriage=2, v=0.0
2026-04-28 15:00:58 [WS PROFILE] is_toolhead_moving: 468.0 ms | moving=False
2026-04-28 15:00:58 [MOVE PROFILE] velocity settle loop took 469.6 ms (0 checks)
2026-04-28 15:00:58 [WS PROFILE] send_gcode_and_wait: 9.4 ms | SET_DUAL_CARRIAGE CARRIAGE=x
2026-04-28 15:00:58 [WS PROFILE] send_gcode_and_wait: 8.0 ms | SET_DUAL_CARRIAGE CARRIAGE=y
2026-04-28 15:00:58 [WS PROFILE] select_carriage: 20.4 ms | 2 -> 1
2026-04-28 15:00:58 [WS PROFILE] send_gcode_and_wait: 10.4 ms | SET_DUAL_CARRIAGE CARRIAGE=x2
2026-04-28 15:00:58 [WS PROFILE] send_gcode_and_wait: 6.9 ms | SET_DUAL_CARRIAGE CARRIAGE=y2
2026-04-28 15:00:58 [WS PROFILE] select_carriage: 19.2 ms | 1 -> 2
2026-04-28 15:00:58 [WS PROFILE] get_z_positions: 255.6 ms | z1=25.0, z2=15.40999999999994
2026-04-28 15:00:58 [WS PROFILE] get_position: 753.5 ms | x1=0.0 y1=0.5 z1=25.0 x2=711.31 y2=-13.4 z2=15.40999999999994
2026-04-28 15:00:58 [MOVE PROFILE] z convergence loop took 754.3 ms (1 checks)
2026-04-28 15:00:58 [WS PROFILE] send_gcode_and_wait: 10.3 ms | SET_DUAL_CARRIAGE CARRIAGE=x
2026-04-28 15:00:58 [WS PROFILE] send_gcode_and_wait: 7.2 ms | SET_DUAL_CARRIAGE CARRIAGE=y
2026-04-28 15:00:58 [WS PROFILE] select_carriage: 19.9 ms | 2 -> 1
2026-04-28 15:00:59 [WS PROFILE] send_gcode_and_wait: 9.6 ms | SET_DUAL_CARRIAGE CARRIAGE=x2
2026-04-28 15:00:59 [WS PROFILE] send_gcode_and_wait: 7.5 ms | SET_DUAL_CARRIAGE CARRIAGE=y2
2026-04-28 15:00:59 [WS PROFILE] select_carriage: 19.1 ms | 1 -> 2
2026-04-28 15:00:59 [WS PROFILE] get_z_positions: 273.8 ms | z1=25.0, z2=15.40999999999994
2026-04-28 15:00:59 [WS PROFILE] get_position: 779.7 ms | x1=0.0 y1=0.5 z1=25.0 x2=711.31 y2=-13.4 z2=15.40999999999994
2026-04-28 15:00:59 [MOVE PROFILE] verify_mov took 781.2 ms
2026-04-28 15:00:59 [MOVE PROFILE] total move() time 2350.2 ms
2026-04-28 15:00:59 [WS PROFILE] send_gcode_and_wait: 86.5 ms | SET_DUAL_CARRIAGE CARRIAGE=x2
2026-04-28 15:00:59 [WS PROFILE] send_gcode_and_wait: 6.6 ms | SET_DUAL_CARRIAGE CARRIAGE=y2
2026-04-28 15:00:59 [WS PROFILE] select_carriage: 95.3 ms | 2 -> 2
2026-04-28 15:00:59 [MOVE PROFILE] queue carriage2 cmd took 96.6 ms
2026-04-28 15:01:00 [WS PROFILE] send_gcode_and_wait: 445.9 ms | M400
2026-04-28 15:01:00 [WS PROFILE] wait_for_moves: 447.6 ms
2026-04-28 15:01:00 [MOVE PROFILE] wait_for_moves took 449.0 ms
2026-04-28 15:01:00 [WS PROFILE] send_gcode_and_wait: 11.3 ms | SET_DUAL_CARRIAGE CARRIAGE=x
2026-04-28 15:01:00 [WS PROFILE] send_gcode_and_wait: 6.7 ms | SET_DUAL_CARRIAGE CARRIAGE=y
2026-04-28 15:01:00 [WS PROFILE] select_carriage: 19.7 ms | 2 -> 1
2026-04-28 15:01:00 [WS PROFILE] is_toolhead_moving:get_velocity: 334.8 ms | carriage=1, v=0.0
2026-04-28 15:01:00 [WS PROFILE] send_gcode_and_wait: 11.9 ms | SET_DUAL_CARRIAGE CARRIAGE=x2
2026-04-28 15:01:00 [WS PROFILE] send_gcode_and_wait: 6.8 ms | SET_DUAL_CARRIAGE CARRIAGE=y2
2026-04-28 15:01:00 [WS PROFILE] select_carriage: 20.4 ms | 1 -> 2
2026-04-28 15:01:00 [WS PROFILE] is_toolhead_moving:get_velocity: 170.2 ms | carriage=2, v=0.0
2026-04-28 15:01:00 [WS PROFILE] is_toolhead_moving: 506.5 ms | moving=False
2026-04-28 15:01:00 [MOVE PROFILE] velocity settle loop took 507.1 ms (0 checks)
2026-04-28 15:01:00 [WS PROFILE] send_gcode_and_wait: 24.3 ms | SET_DUAL_CARRIAGE CARRIAGE=x
2026-04-28 15:01:00 [WS PROFILE] send_gcode_and_wait: 6.6 ms | SET_DUAL_CARRIAGE CARRIAGE=y
2026-04-28 15:01:00 [WS PROFILE] select_carriage: 32.4 ms | 2 -> 1
2026-04-28 15:01:01 [WS PROFILE] send_gcode_and_wait: 9.3 ms | SET_DUAL_CARRIAGE CARRIAGE=x2
2026-04-28 15:01:01 [WS PROFILE] send_gcode_and_wait: 7.2 ms | SET_DUAL_CARRIAGE CARRIAGE=y2
2026-04-28 15:01:01 [WS PROFILE] select_carriage: 19.3 ms | 1 -> 2
2026-04-28 15:01:01 [WS PROFILE] get_z_positions: 336.9 ms | z1=25.0, z2=15.405999999999942
2026-04-28 15:01:01 [WS PROFILE] get_position: 823.3 ms | x1=0.0 y1=0.5 z1=25.0 x2=711.31 y2=-13.4 z2=15.405999999999942
2026-04-28 15:01:01 [MOVE PROFILE] z convergence loop took 824.5 ms (1 checks)
2026-04-28 15:01:01 [WS PROFILE] send_gcode_and_wait: 12.6 ms | SET_DUAL_CARRIAGE CARRIAGE=x
2026-04-28 15:01:01 [WS PROFILE] send_gcode_and_wait: 7.2 ms | SET_DUAL_CARRIAGE CARRIAGE=y
2026-04-28 15:01:01 [WS PROFILE] select_carriage: 21.4 ms | 2 -> 1
2026-04-28 15:01:01 [WS PROFILE] send_gcode_and_wait: 10.3 ms | SET_DUAL_CARRIAGE CARRIAGE=x2
2026-04-28 15:01:01 [WS PROFILE] send_gcode_and_wait: 7.9 ms | SET_DUAL_CARRIAGE CARRIAGE=y2
2026-04-28 15:01:01 [WS PROFILE] select_carriage: 20.2 ms | 1 -> 2
2026-04-28 15:01:02 [WS PROFILE] get_z_positions: 175.7 ms | z1=25.0, z2=15.405999999999942
2026-04-28 15:01:02 [WS PROFILE] get_position: 654.5 ms | x1=0.0 y1=0.5 z1=25.0 x2=711.31 y2=-13.4 z2=15.405999999999942
2026-04-28 15:01:02 [MOVE PROFILE] verify_mov took 656.4 ms
2026-04-28 15:01:02 [MOVE PROFILE] total move() time 2540.2 ms
